{"nodes":[{"code":"For this task, I will employ a simple machine learning model using the Random Forest classifier, due to its robustness and ability to handle high-dimensional data effectively. Initially, the data will be loaded using the `anndata` library, which is suitable for handling `.h5ad` files typically used in genomics. I will separate the data into training and testing based on the 'assay' field, using '10x 5' v2' as the test set. The features will be the gene expression values, and the target will be the cell types. The model will be trained on the training set and predictions will be made on the test set. The performance of the model will be evaluated using the macro F1 score and accuracy, which are appropriate for multi-class classification problems. The predictions will be saved in a `submission.csv` file in the `./working` directory.\n\n```python\nimport anndata\nimport pandas as pd\nfrom sklearn.ensemble import RandomForestClassifier\nfrom sklearn.metrics import f1_score, accuracy_score\nfrom sklearn.model_selection import train_test_split\n\n# Load the data\nadata = anndata.read_h5ad(\"./input/08f58b32-a01b-4300-8ebc-2b93c18f26f7.h5ad\")\n\n# Prepare the data\nadata_df = adata.to_df()\nlabels = adata.obs['cell_type']\nassay = adata.obs['assay']\n\n# Split into train and test based on 'assay'\nX_train = adata_df[assay != '10x 5' v2']\ny_train = labels[assay != '10x 5' v2']\nX_test = adata_df[assay == '10x 5' v2']\ny_test = labels[assay == '10x 5' v2']\n\n# Initialize and train the model\nmodel = RandomForestClassifier(n_estimators=100, random_state=42)\nmodel.fit(X_train, y_train)\n\n# Predict on the test set\ny_pred = model.predict(X_test)\n\n# Evaluate the model\nf1 = f1_score(y_test, y_pred, average='macro')\naccuracy = accuracy_score(y_test, y_pred)\n\n# Save predictions\nsubmission = pd.DataFrame({'predicted_cell_type': y_pred}, index=y_test.index)\nsubmission.to_csv(\"./working/submission.csv\")\n\n# Print the evaluation metrics\nprint(\"Macro F1 Score:\", f1)\nprint(\"Accuracy:\", accuracy)\n```","plan":"","step":0,"id":"375aead4ff4340989be8f4e99d2bd60d","ctime":1760616723.0734432,"parent":null,"children":[],"_term_out":["Traceback (most recent call last):\n  File \"runfile.py\", line 1\n    For this task, I will employ a simple machine learning model using the Random Forest classifier, due to its robustness and ability to handle high-dimensional data effectively. Initially, the data will be loaded using the `anndata` library, which is suitable for handling `.h5ad` files typically used in genomics. I will separate the data into training and testing based on the 'assay' field, using '10x 5' v2' as the test set. The features will be the gene expression values, and the target will be the cell types. The model will be trained on the training set and predictions will be made on the test set. The performance of the model will be evaluated using the macro F1 score and accuracy, which are appropriate for multi-class classification problems. The predictions will be saved in a `submission.csv` file in the `./working` directory.\n                                                                                                                                                                                                                                                                                                                                                                                                                            ^\nSyntaxError: unterminated string literal (detected at line 1)\n","Execution time: a moment seconds (time limit is an hour)."],"exec_time":0.0007159709930419922,"exc_type":"SyntaxError","exc_info":{"args":["unterminated string literal (detected at line 1)","('runfile.py', 1, 409, \"For this task, I will employ a simple machine learning model using the Random Forest classifier, due to its robustness and ability to handle high-dimensional data effectively. Initially, the data will be loaded using the `anndata` library, which is suitable for handling `.h5ad` files typically used in genomics. I will separate the data into training and testing based on the 'assay' field, using '10x 5' v2' as the test set. The features will be the gene expression values, and the target will be the cell types. The model will be trained on the training set and predictions will be made on the test set. The performance of the model will be evaluated using the macro F1 score and accuracy, which are appropriate for multi-class classification problems. The predictions will be saved in a `submission.csv` file in the `./working` directory.\", 1, 409)"],"msg":"unterminated string literal (detected at line 1)"},"exc_stack":[["/opt/homebrew/lib/python3.11/site-packages/aide/interpreter.py",147,"_run_session","exec(compile(code, self.agent_file_name, \"exec\"), global_scope)"]],"analysis":"The execution output indicates a syntax error due to an unterminated string literal in the Python code. This error occurs because of incorrect string quoting around '10x 5' v2' within the data filtering step. To fix the error, the string should be properly quoted. For instance, using double quotes around the entire string like \"10x 5' v2\" or escaping the single quotes within the string.","metric":{"value":null,"maximize":null},"is_buggy":true}],"node2parent":{},"__version":"2"}