{"nodes":[{"code":"import scanpy as sc\nimport harmonypy as harmony\nimport scib\n\n# Load the data\nadata = sc.read_h5ad(\"./input/08f58b32-a01b-4300-8ebc-2b93c18f26f7.h5ad\")\n\n# Preprocess the data\nsc.pp.filter_cells(adata, min_genes=200)\nsc.pp.filter_genes(adata, min_cells=3)\nsc.pp.normalize_total(adata, target_sum=1e4)\nsc.pp.log1p(adata)\nsc.pp.highly_variable_genes(adata, n_top_genes=2000)\nadata = adata[:, adata.var.highly_variable]\n\n# Run PCA\nsc.tl.pca(adata, svd_solver=\"arpack\")\n\n# Batch correction with Harmony\nharmony_integrated = harmony.run_harmony(adata.obsm[\"X_pca\"], adata.obs, \"batch\")\nadata.obsm[\"X_pca_harmony\"] = harmony_integrated.Z_corr.T\n\n# Calculate metrics\nresults = scib.metrics.metrics(\n    adata,\n    batch_key=\"batch\",\n    label_key=\"cell_type\",\n    embed=\"X_pca_harmony\",\n    isolated_labels=None,\n    cluster=False,\n)\n\nprint(\"Batch score:\", results[\"batch\"])\nprint(\"Bio conservation score:\", results[\"bio\"])\nprint(\"Overall score:\", results[\"total\"])\n","plan":"To address the batch correction task for single-cell RNA data, I will employ the Harmony algorithm, which is designed specifically for integrating datasets with multiple batches. Harmony works by adjusting the dataset's principal components to align different batches effectively. This approach is computationally efficient and effective for large-scale datasets like the one provided. I will use the `scanpy` library to load and preprocess the data, and then apply Harmony using the `harmonypy` package. The performance of the batch correction will be evaluated using the `scib` package, focusing on the batch, bio, and total scores which are standard metrics for assessing batch effect correction in single-cell RNA-seq data.","step":0,"id":"bb4fd47d820f4473a6a7a251ed53def2","ctime":1760622151.914616,"parent":null,"children":[],"_term_out":["Traceback (most recent call last):\n  File \"runfile.py\", line 2, in <module>\n    import harmonypy as harmony\nModuleNotFoundError: No module named 'harmonypy'\n","Execution time: a second seconds (time limit is an hour)."],"exec_time":1.3824970722198486,"exc_type":"ModuleNotFoundError","exc_info":{"args":["No module named 'harmonypy'"],"name":"harmonypy","msg":"No module named 'harmonypy'"},"exc_stack":[["/opt/homebrew/lib/python3.11/site-packages/aide/interpreter.py",147,"_run_session","exec(compile(code, self.agent_file_name, \"exec\"), global_scope)"],["runfile.py",2,"<module>","import harmonypy as harmony"]],"analysis":"The code execution failed due to a missing module error: 'harmonypy' is not installed. To fix this issue, ensure that the 'harmonypy' package is properly installed in your Python environment by using the command 'pip install harmonypy'. After installation, rerun the script.","metric":{"value":null,"maximize":null},"is_buggy":true},{"code":"import scanpy as sc\nimport scib\nimport pandas as pd\n\n# Load the data\nadata = sc.read_h5ad(\"./input/08f58b32-a01b-4300-8ebc-2b93c18f26f7.h5ad\")\n\n# Preprocessing\nsc.pp.normalize_total(adata, target_sum=1e4)\nsc.pp.log1p(adata)\nsc.pp.highly_variable_genes(adata, n_top_genes=2000)\nadata = adata[:, adata.var.highly_variable]\n\n# PCA\nsc.tl.pca(adata, svd_solver=\"arpack\")\n\n# Harmony integration\nsc.external.pp.harmony_integrate(adata, key=\"batch\")\n\n# Compute neighbors\nsc.pp.neighbors(adata, use_rep=\"X_pca_harmony\")\n\n# UMAP for visualization (not necessary for the metric but useful for sanity check)\nsc.tl.umap(adata)\n\n# Calculate the metrics using scib\nmetrics = scib.metrics.metrics(\n    adata, batch_key=\"batch\", label_key=\"cell_type\", embed=\"X_umap\"\n)\nbatch_score = metrics[\"batch\"]\nbio_score = metrics[\"bio\"]\ntotal_score = metrics[\"total\"]\n\n# Print the scores\nprint(\"Batch Correction Score:\", batch_score)\nprint(\"Biological Conservation Score:\", bio_score)\nprint(\"Total Score:\", total_score)\n","plan":"For the task of batch correction in single-cell RNA data, I plan to use the Harmony algorithm which is effective for integrating datasets from different batches. The Harmony method adjusts the data so that the biological signal is preserved while the batch effects are minimized. It operates directly on the PCA space which makes it computationally efficient and suitable for large datasets like the one we have. After applying Harmony, I'll use the scib-metrics package to calculate the batch, bio, and total scores as the evaluation metrics. These scores will help assess how well the batch effects have been corrected while maintaining the biological variability.","step":1,"id":"01d8a1d7f83a476e862d8f5ed0297811","ctime":1760622169.2753768,"parent":null,"children":[],"_term_out":["Traceback (most recent call last):\n  File \"runfile.py\", line 2, in <module>\n    import scib\nModuleNotFoundError: No module named 'scib'\n","Execution time: a moment seconds (time limit is an hour)."],"exec_time":0.7827901840209961,"exc_type":"ModuleNotFoundError","exc_info":{"args":["No module named 'scib'"],"name":"scib","msg":"No module named 'scib'"},"exc_stack":[["/opt/homebrew/lib/python3.11/site-packages/aide/interpreter.py",147,"_run_session","exec(compile(code, self.agent_file_name, \"exec\"), global_scope)"],["runfile.py",2,"<module>","import scib"]],"analysis":"The script failed due to a missing 'scib' module, which is crucial for calculating the batch, bio, and total scores for single-cell RNA data. A potential fix for this issue would be to ensure that the 'scib' package is installed correctly in the Python environment where the script is executed. This can typically be done using a package manager like pip, e.g., 'pip install scib'.","metric":{"value":null,"maximize":null},"is_buggy":true},{"code":"import scanpy as sc\nimport pandas as pd\nfrom scib.metrics import bio_conservation, batch_effect, silhouette_batch\nfrom harmony import harmonize\n\n# Load the data\nadata = sc.read_h5ad(\"./input/08f58b32-a01b-4300-8ebc-2b93c18f26f7.h5ad\")\n\n# Preprocessing steps\nsc.pp.normalize_total(adata, target_sum=1e4)\nsc.pp.log1p(adata)\nsc.pp.highly_variable_genes(adata, n_top_genes=2000)\nadata = adata[:, adata.var.highly_variable]\n\n# Run PCA to reduce dimensionality before Harmony\nsc.tl.pca(adata, svd_solver=\"arpack\")\n\n# Apply Harmony for batch correction\nadata.obsm[\"X_pca_harmony\"] = harmonize(adata.obsm[\"X_pca\"], adata.obs, \"batch\")\nadata.obsm[\"X_pca\"] = adata.obsm[\"X_pca_harmony\"]\n\n# Compute metrics using scib-metrics\nbatch_score = batch_effect(adata, batch_key=\"batch\", embed=\"X_pca_harmony\")\nbio_score = bio_conservation(adata, batch_key=\"batch\", embed=\"X_pca_harmony\")\nsilhouette_score = silhouette_batch(adata, batch_key=\"batch\", embed=\"X_pca_harmony\")\n\n# Output the scores\nprint(f\"Batch Score: {batch_score}\")\nprint(f\"Biological Conservation Score: {bio_score}\")\nprint(f\"Silhouette Score: {silhouette_score}\")\n","plan":"To address the batch correction in single-cell RNA data, I propose using the Harmony algorithm, which is effective in integrating datasets from different batches by adjusting for batch effects while preserving biological variability. Harmony operates by projecting cells into a low-dimensional space and iteratively adjusting this space to align similar cells across different batches. After applying Harmony, I'll use the scib-metrics package to compute the batch, bio, and total scores as evaluation metrics. These scores will provide a quantitative measure of how well the batch effects have been mitigated while retaining biological signals.","step":2,"id":"74387eeaa8f64fbcb123dfe1f9721068","ctime":1760622188.991449,"parent":null,"children":[],"_term_out":["Traceback (most recent call last):\n  File \"runfile.py\", line 3, in <module>\n    from scib.metrics import bio_conservation, batch_effect, silhouette_batch\nModuleNotFoundError: No module named 'scib'\n","Execution time: a moment seconds (time limit is an hour)."],"exec_time":0.769085168838501,"exc_type":"ModuleNotFoundError","exc_info":{"args":["No module named 'scib'"],"name":"scib","msg":"No module named 'scib'"},"exc_stack":[["/opt/homebrew/lib/python3.11/site-packages/aide/interpreter.py",147,"_run_session","exec(compile(code, self.agent_file_name, \"exec\"), global_scope)"],["runfile.py",3,"<module>","from scib.metrics import bio_conservation, batch_effect, silhouette_batch"]],"analysis":"The script failed to execute due to a `ModuleNotFoundError` for the `scib` module. This indicates that the `scib` package is either not installed or not available in the Python environment used for execution. To fix this issue, the `scib` package needs to be installed using pip (`pip install scib`) or conda, depending on its availability.","metric":{"value":null,"maximize":null},"is_buggy":true},{"code":"import scanpy as sc\nimport scib\n\n# Load the data\nadata = sc.read_h5ad(\"./input/08f58b32-a01b-4300-8ebc-2b93c18f26f7.h5ad\")\n\n# Identify the batch column, assuming it's named 'batch'\n# This needs to be adjusted based on actual data inspection\nbatch_key = \"batch\"\n\n# Perform Combat batch correction\nsc.pp.combat(adata, key=batch_key)\n\n# Evaluate the batch effect correction using scib-metrics\n# Assuming the biological condition key is 'condition' and needs to be adjusted based on actual data\nmetrics = scib.metrics.metrics(\n    adata,\n    batch_key=batch_key,\n    bio_key=\"condition\",\n    embed=\"X_pca\",  # assuming PCA embedding is already computed or compute it if not\n    silhouette=True,\n    isolation=True,\n    graph_conn=True,\n    kBET=True,\n    lisi=True,\n    nmi=True,\n    ari=True,\n)\n\n# Print the evaluation metrics\nprint(\"Batch Correction Metrics:\")\nprint(\"Batch score:\", metrics[\"batch\"])\nprint(\"Bio score:\", metrics[\"bio\"])\nprint(\"Total score:\", metrics[\"total\"])\n","plan":"For the batch correction of single-cell RNA data, a straightforward approach using the Combat method from the sva package could be effective. This method adjusts for batch effects in high-dimensional data, making it suitable for single-cell RNA-seq data. After performing batch correction, the corrected data will be assessed using the scib-metrics package to compute batch, bio, and total scores, which are crucial for evaluating the quality of batch correction. The process involves loading the data, applying the Combat method, and then evaluating the results using the specified metrics.","step":3,"id":"96bd5f537c974719b84d8367eebcea4f","ctime":1760622206.185864,"parent":null,"children":[],"_term_out":["Traceback (most recent call last):\n  File \"runfile.py\", line 2, in <module>\n    import scib\nModuleNotFoundError: No module named 'scib'\n","Execution time: a moment seconds (time limit is an hour)."],"exec_time":0.7610650062561035,"exc_type":"ModuleNotFoundError","exc_info":{"args":["No module named 'scib'"],"name":"scib","msg":"No module named 'scib'"},"exc_stack":[["/opt/homebrew/lib/python3.11/site-packages/aide/interpreter.py",147,"_run_session","exec(compile(code, self.agent_file_name, \"exec\"), global_scope)"],["runfile.py",2,"<module>","import scib"]],"analysis":"The script failed to execute due to a missing module error ('scib'). To fix this issue, the 'scib' module needs to be installed in the Python environment where the script is being run. This can typically be done using a package manager like pip, e.g., `pip install scib`. Ensure that the installation is compatible with the current environment's Python version and other dependencies.","metric":{"value":null,"maximize":null},"is_buggy":true},{"code":"import scanpy as sc\nfrom harmony import harmonize\nimport scIB\n\n# Load the data\nadata = sc.read_h5ad(\"./input/08f58b32-a01b-4300-8ebc-2b93c18f26f7.h5ad\")\n\n# Assume 'batch' and 'celltype' are the columns in adata.obs for batch and cell type annotations\nbatch_key = \"batch\"\ncelltype_key = \"celltype\"\n\n# Run Harmony for batch correction\nadata.obsm[\"X_harmony\"] = harmonize(adata.X, adata.obs, batch_key=batch_key)\n\n# Use Harmony embeddings for downstream analysis\nadata.obsm[\"X_pca\"] = adata.obsm[\"X_harmony\"]\n\n# Evaluate the batch correction using scIB metrics\nmetrics = scIB.metrics.metrics(\n    adata, batch_key=batch_key, label_key=celltype_key, embed=\"X_harmony\"\n)\n\n# Print the evaluation metrics\nprint(\"Batch Score:\", metrics[\"batch\"])\nprint(\"Bio Conservation Score:\", metrics[\"bio\"])\nprint(\"Overall Score:\", metrics[\"total\"])\n","plan":"To address the batch correction for single-cell RNA data, I will use the Harmony algorithm, which is designed to integrate multiple datasets by adjusting for batch effects while retaining the biological variation. This approach is effective for datasets with multiple conditions and batches. Harmony operates by embedding cells in a low-dimensional space and iteratively refining these embeddings to minimize batch effects. The implementation will involve reading the .h5ad file, applying Harmony for batch correction, and then evaluating the corrected data using the scib-metrics package to compute batch, bio, and total scores. This evaluation will help determine how well the batch effects have been minimized while preserving the biological signal.","step":4,"id":"b63da2d3065d4277a9666a1ca244f965","ctime":1760622224.426765,"parent":null,"children":[],"_term_out":["Traceback (most recent call last):\n  File \"runfile.py\", line 2, in <module>\n    from harmony import harmonize\nModuleNotFoundError: No module named 'harmony'\n","Execution time: a moment seconds (time limit is an hour)."],"exec_time":0.7435891628265381,"exc_type":"ModuleNotFoundError","exc_info":{"args":["No module named 'harmony'"],"name":"harmony","msg":"No module named 'harmony'"},"exc_stack":[["/opt/homebrew/lib/python3.11/site-packages/aide/interpreter.py",147,"_run_session","exec(compile(code, self.agent_file_name, \"exec\"), global_scope)"],["runfile.py",2,"<module>","from harmony import harmonize"]],"analysis":"The code execution failed due to a missing module error. The 'harmony' module could not be found, which is essential for the batch correction process using the Harmony algorithm. To fix this issue, ensure that the 'harmony' module is correctly installed in the Python environment where the script is being run. This can typically be done using a package manager like pip.","metric":{"value":null,"maximize":null},"is_buggy":true},{"code":"import scanpy as sc\nimport scib\nimport pandas as pd\n\n# Load the dataset\nadata = sc.read_h5ad(\"./input/08f58b32-a01b-4300-8ebc-2b93c18f26f7.h5ad\")\n\n# Normalize and log-transform the data\nsc.pp.normalize_total(adata, target_sum=1e4)\nsc.pp.log1p(adata)\n\n# Identify highly variable genes to focus on\nsc.pp.highly_variable_genes(adata, n_top_genes=2000)\nadata = adata[:, adata.var.highly_variable]\n\n# Run PCA to reduce dimensionality\nsc.tl.pca(adata, svd_solver=\"arpack\")\n\n# Apply Harmony for batch correction\nsc.external.pp.harmony_integrate(adata, key=\"batch\")\n\n# Compute UMAP for visualization (optional, not necessary for scoring)\nsc.tl.umap(adata)\n\n# Evaluate the batch correction using scib-metrics\nmetrics_result = scib.metrics.metrics(\n    adata,\n    batch_key=\"batch\",\n    label_key=\"cell_type\",  # assuming 'cell_type' is the label column in the data\n    embed=\"X_pca\",  # embedding after Harmony correction\n    silhouette=True,\n    isolated_labels=True,\n    nmi=True,\n    ari=True,\n)\n\n# Print the evaluation results\nprint(\"Batch score:\", metrics_result[\"batch_asw\"])\nprint(\"Bio conservation score:\", metrics_result[\"isolated_labels_asw\"])\nprint(\"Total score (NMI):\", metrics_result[\"nmi\"])\n\n# Save results to a CSV in the working directory\nresults_df = pd.DataFrame.from_dict(metrics_result, orient=\"index\", columns=[\"score\"])\nresults_df.to_csv(\"./working/submission.csv\")\n","plan":"For the batch correction of single-cell RNA data, I propose using the Harmony algorithm which is designed to integrate multiple datasets by correcting for batch effects while preserving biological variability. Harmony operates by adjusting the dataset embeddings to align them across different batches. After applying Harmony, I will use the `scib-metrics` package to compute the batch, bio, and total scores as evaluation metrics. The solution will involve reading the input data, applying Harmony for batch correction, and then using the `scib-metrics` to evaluate the corrected data.","step":5,"id":"bb523da76e5c4a5db81c4ed43b3ef4b3","ctime":1760622244.019902,"parent":null,"children":[],"_term_out":["Traceback (most recent call last):\n  File \"runfile.py\", line 2, in <module>\n    import scib\nModuleNotFoundError: No module named 'scib'\n","Execution time: a moment seconds (time limit is an hour)."],"exec_time":0.7466239929199219,"exc_type":"ModuleNotFoundError","exc_info":{"args":["No module named 'scib'"],"name":"scib","msg":"No module named 'scib'"},"exc_stack":[["/opt/homebrew/lib/python3.11/site-packages/aide/interpreter.py",147,"_run_session","exec(compile(code, self.agent_file_name, \"exec\"), global_scope)"],["runfile.py",2,"<module>","import scib"]],"analysis":"The script failed due to a missing 'scib' module, which is essential for evaluating the batch correction in single-cell RNA data. To fix this issue, ensure that the 'scib' package is installed in the Python environment where the script is executed. This can typically be done using pip install scib or by ensuring the environment has the necessary dependencies.","metric":{"value":null,"maximize":null},"is_buggy":true},{"code":"import scanpy as sc\nimport scib\n\n# Load the data\nadata = sc.read_h5ad(\"./input/08f58b32-a01b-4300-8ebc-2b93c18f26f7.h5ad\")\n\n# Preprocess the data\nsc.pp.filter_cells(adata, min_genes=200)\nsc.pp.filter_genes(adata, min_cells=3)\nsc.pp.normalize_total(adata, target_sum=1e4)\nsc.pp.log1p(adata)\nsc.pp.highly_variable_genes(adata, n_top_genes=2000)\nadata = adata[:, adata.var.highly_variable]\n\n# Run PCA\nsc.tl.pca(adata, svd_solver=\"arpack\")\n\n# Batch correction with BBKNN\nsc.external.pp.bbknn(adata, batch_key=\"batch\")\n\n# Calculate metrics\nresults = scib.metrics.metrics(\n    adata,\n    batch_key=\"batch\",\n    label_key=\"cell_type\",\n    embed=\"X_pca\",\n    isolated_labels=None,\n    cluster=False,\n)\n\nprint(\"Batch score:\", results[\"batch\"])\nprint(\"Bio conservation score:\", results[\"bio\"])\nprint(\"Overall score:\", results[\"total\"])\n","plan":"The error in the previous implementation is due to the absence of the `harmonypy` module which is not installed or available. To fix this, we can use an alternative batch correction method such as `scanpy.external.pp.bbknn` which integrates well with `scanpy` and does not require additional modules. This method is used for batch correction by constructing a batch-aligned neighborhood graph. We will replace the Harmony-based batch correction with BBKNN and then proceed with the metric calculation using the `scib` package as before.","step":6,"id":"e1dfe8f058b14e2983b11a0410acb541","ctime":1760622270.78704,"parent":null,"children":[],"_term_out":["Traceback (most recent call last):\n  File \"runfile.py\", line 2, in <module>\n    import scib\nModuleNotFoundError: No module named 'scib'\n","Execution time: a moment seconds (time limit is an hour)."],"exec_time":0.7769689559936523,"exc_type":"ModuleNotFoundError","exc_info":{"args":["No module named 'scib'"],"name":"scib","msg":"No module named 'scib'"},"exc_stack":[["/opt/homebrew/lib/python3.11/site-packages/aide/interpreter.py",147,"_run_session","exec(compile(code, self.agent_file_name, \"exec\"), global_scope)"],["runfile.py",2,"<module>","import scib"]],"analysis":"The code execution failed due to a 'ModuleNotFoundError' for the 'scib' package. This indicates that the 'scib' package is not installed in the Python environment. To fix this issue, the 'scib' package should be installed using pip (e.g., `pip install scib`), and then the script can be re-run.","metric":{"value":null,"maximize":null},"is_buggy":true},{"code":"import scanpy as sc\nimport scIB\n\n# Load the data\nadata = sc.read_h5ad(\"./input/08f58b32-a01b-4300-8ebc-2b93c18f26f7.h5ad\")\n\n# Assume 'batch' and 'celltype' are the columns in adata.obs for batch and cell type annotations\nbatch_key = \"batch\"\ncelltype_key = \"celltype\"\n\n# Run Harmony for batch correction using Scanpy's integrated function\nsc.external.pp.harmony_integrate(adata, key=batch_key)\n\n# Use Harmony embeddings for downstream analysis (after harmony integration, embeddings are stored in adata.obsm['X_pca'])\nadata.obsm[\"X_harmony\"] = adata.obsm[\"X_pca\"]\n\n# Evaluate the batch correction using scIB metrics\nmetrics = scIB.metrics.metrics(\n    adata, batch_key=batch_key, label_key=celltype_key, embed=\"X_harmony\"\n)\n\n# Print the evaluation metrics\nprint(\"Batch Score:\", metrics[\"batch\"])\nprint(\"Bio Conservation Score:\", metrics[\"bio\"])\nprint(\"Overall Score:\", metrics[\"total\"])\n","plan":"The error in the previous implementation arises because the 'harmony' module is not found, indicating either a non-existent or incorrectly referenced module. Harmony-based batch correction should be implemented using the `scanpy.external.pp.harmony_integrate` function from the Scanpy library, which is designed for integrating single-cell data. This function wraps the Harmony algorithm and is compatible with the Scanpy workflow. The corrected implementation will replace the direct call to `harmonize` with `scanpy.external.pp.harmony_integrate`, ensuring that the module and function are correctly referenced and available. Additionally, the code will use the corrected Harmony embeddings for downstream analysis and metric evaluation.","step":7,"id":"d5690e700ce24b51ac33d5bce3991f1a","ctime":1760622299.5727339,"parent":null,"children":[],"_term_out":["Traceback (most recent call last):\n  File \"runfile.py\", line 2, in <module>\n    import scIB\nModuleNotFoundError: No module named 'scIB'\n","Execution time: a moment seconds (time limit is an hour)."],"exec_time":0.7610340118408203,"exc_type":"ModuleNotFoundError","exc_info":{"args":["No module named 'scIB'"],"name":"scIB","msg":"No module named 'scIB'"},"exc_stack":[["/opt/homebrew/lib/python3.11/site-packages/aide/interpreter.py",147,"_run_session","exec(compile(code, self.agent_file_name, \"exec\"), global_scope)"],["runfile.py",2,"<module>","import scIB"]],"analysis":"The script failed due to a `ModuleNotFoundError` for the 'scIB' module. This indicates that the required package 'scIB' is not installed in the environment where the script was executed. To fix this issue, ensure that the 'scIB' package is properly installed in the Python environment by using a package manager like pip, e.g., `pip install scib`.","metric":{"value":null,"maximize":null},"is_buggy":true},{"code":"import scanpy as sc\nimport scib\nimport pandas as pd\n\n# Load the data\nadata = sc.read_h5ad(\"./input/08f58b32-a01b-4300-8ebc-2b93c18f26f7.h5ad\")\n\n# Apply Harmony integration for batch correction\nsc.external.pp.harmony_integrate(adata, key=\"batch\")\n\n# Evaluate the batch correction using scib-metrics\nmetrics = scib.metrics.metrics(\n    adata, batch_key=\"batch\", label_key=\"celltype\", embed=\"X_pca\"\n)\n\n# Print the evaluation metrics\nprint(f\"Batch Score: {metrics['batch']}\")\nprint(f\"Bio Conservation Score: {metrics['bio']}\")\nprint(f\"Total Score: {metrics['total']}\")\n\n# Save predictions to submission.csv\nsubmission = pd.DataFrame(\n    {\n        \"batch_score\": [metrics[\"batch\"]],\n        \"bio_score\": [metrics[\"bio\"]],\n        \"total_score\": [metrics[\"total\"]],\n    }\n)\nsubmission.to_csv(\"./working/submission.csv\", index=False)\n","plan":"To tackle the batch correction for single-cell RNA data, I will use the well-known computational method called \"Harmony\" for data integration and batch correction. Harmony is effective for integrating datasets from different batches by adjusting for batch effects while retaining the biological variability. The process will include loading the data, applying Harmony for batch correction, and then evaluating the corrected data using the scib-metrics package to compute batch, bio, and total scores. These scores will help assess how well the batch effects have been minimized while preserving biological signals. The evaluation will be performed on the corrected dataset, and results will be printed.","step":8,"id":"b8814945baae4bbaa7e929cef4488325","ctime":1760622319.850303,"parent":null,"children":[],"_term_out":["Traceback (most recent call last):\n  File \"runfile.py\", line 2, in <module>\n    import scib\nModuleNotFoundError: No module named 'scib'\n","Execution time: a moment seconds (time limit is an hour)."],"exec_time":0.7499401569366455,"exc_type":"ModuleNotFoundError","exc_info":{"args":["No module named 'scib'"],"name":"scib","msg":"No module named 'scib'"},"exc_stack":[["/opt/homebrew/lib/python3.11/site-packages/aide/interpreter.py",147,"_run_session","exec(compile(code, self.agent_file_name, \"exec\"), global_scope)"],["runfile.py",2,"<module>","import scib"]],"analysis":"The code execution failed due to a missing module error: 'scib' module is not found. To fix this, ensure that the 'scib' package is installed in the Python environment where the code is running. This can typically be done using a package manager like pip, e.g., `pip install scib`.","metric":{"value":null,"maximize":null},"is_buggy":true},{"code":"import scanpy as sc\nimport scib\n\n# Load the data\nadata = sc.read_h5ad(\"./input/08f58b32-a01b-4300-8ebc-2b93c18f26f7.h5ad\")\n\n# Assume 'batch' and 'celltype' are the columns in adata.obs for batch and cell type annotations\nbatch_key = \"batch\"\ncelltype_key = \"celltype\"\n\n# Run Harmony for batch correction using Scanpy's integrated function\nsc.external.pp.harmony_integrate(adata, key=batch_key)\n\n# Use Harmony embeddings for downstream analysis (after harmony integration, embeddings are stored in adata.obsm['X_pca'])\nadata.obsm[\"X_harmony\"] = adata.obsm[\"X_pca\"]\n\n# Evaluate the batch correction using scib metrics\nmetrics = scib.metrics.metrics(\n    adata, batch_key=batch_key, label_key=celltype_key, embed=\"X_harmony\"\n)\n\n# Print the evaluation metrics\nprint(\"Batch Score:\", metrics[\"batch\"])\nprint(\"Bio Conservation Score:\", metrics[\"bio\"])\nprint(\"Overall Score:\", metrics[\"total\"])\n","plan":"The error in the previous implementation is due to the absence of the `scIB` module, which is not a standard or widely recognized package in Python's repository. The task involves using batch correction for single-cell RNA data and evaluating the results. To proceed, we can use `scib` instead of `scIB` for the evaluation of batch correction metrics, which is a recognized tool for benchmarking single-cell data integration methods. The `scib` package will be used to compute the batch correction metrics after applying Harmony integration via Scanpy. Here's the corrected implementation:","step":9,"id":"abea4950d9f9455cb4874a1684ab379c","ctime":1760622338.281834,"parent":null,"children":[],"_term_out":["Traceback (most recent call last):\n  File \"runfile.py\", line 2, in <module>\n    import scib\nModuleNotFoundError: No module named 'scib'\n","Execution time: a moment seconds (time limit is an hour)."],"exec_time":0.7882728576660156,"exc_type":"ModuleNotFoundError","exc_info":{"args":["No module named 'scib'"],"name":"scib","msg":"No module named 'scib'"},"exc_stack":[["/opt/homebrew/lib/python3.11/site-packages/aide/interpreter.py",147,"_run_session","exec(compile(code, self.agent_file_name, \"exec\"), global_scope)"],["runfile.py",2,"<module>","import scib"]],"analysis":"The script failed due to a ModuleNotFoundError indicating that the 'scib' module is not installed. To fix this issue, ensure that the 'scib' package is correctly installed in the Python environment. This can typically be done using pip install scib or by ensuring the environment has access to this package.","metric":{"value":null,"maximize":null},"is_buggy":true},{"code":"import scanpy as sc\n\n# Assuming scIB is a hypothetical package that provides similar functionality if scib is not available\ntry:\n    import scib\nexcept ImportError:\n    import scIB as scib  # Placeholder for an alternative package if scib is not available\n\n# Load the data\nadata = sc.read_h5ad(\"./input/08f58b32-a01b-4300-8ebc-2b93c18f26f7.h5ad\")\n\n# Preprocess the data\nsc.pp.filter_cells(adata, min_genes=200)\nsc.pp.filter_genes(adata, min_cells=3)\nsc.pp.normalize_total(adata, target_sum=1e4)\nsc.pp.log1p(adata)\nsc.pp.highly_variable_genes(adata, n_top_genes=2000)\nadata = adata[:, adata.var.highly_variable]\n\n# Run PCA\nsc.tl.pca(adata, svd_solver=\"arpack\")\n\n# Batch correction with BBKNN\nsc.external.pp.bbknn(adata, batch_key=\"batch\")\n\n# Calculate metrics\nresults = scib.metrics.metrics(\n    adata,\n    batch_key=\"batch\",\n    label_key=\"cell_type\",\n    embed=\"X_pca\",\n    isolated_labels=None,\n    cluster=False,\n)\n\nprint(\"Batch score:\", results[\"batch\"])\nprint(\"Bio conservation score:\", results[\"bio\"])\nprint(\"Overall score:\", results[\"total\"])\n","plan":"The error in the provided code is due to the absence of the `scib` module, which is not a standard Python package and might not be installed in the environment. To fix the issue, you should ensure that the `scib` package is installed. If it's not installable via standard package managers, you might need to install it from its source or use an alternative method for calculating the desired metrics. For batch correction, we'll continue using BBKNN as it's integrated with Scanpy. The code below assumes that all necessary libraries are installed, including an accessible version of `scib` or an alternative method to compute the metrics if `scib` is not available.","step":10,"id":"cdc010dd6a4e49ada9e81fd413df7e31","ctime":1760622375.997931,"parent":null,"children":[],"_term_out":["Traceback (most recent call last):\n  File \"runfile.py\", line 5, in <module>\n    import scib\nModuleNotFoundError: No module named 'scib'\n\nDuring handling of the above exception, another exception occurred:\n\nTraceback (most recent call last):\n  File \"runfile.py\", line 7, in <module>\n    import scIB as scib  # Placeholder for an alternative package if scib is not available\n    ^^^^^^^^^^^^^^^^^^^\nModuleNotFoundError: No module named 'scIB'\n","Execution time: a moment seconds (time limit is an hour)."],"exec_time":0.7880008220672607,"exc_type":"ModuleNotFoundError","exc_info":{"args":["No module named 'scIB'"],"name":"scIB","msg":"No module named 'scIB'"},"exc_stack":[["/opt/homebrew/lib/python3.11/site-packages/aide/interpreter.py",147,"_run_session","exec(compile(code, self.agent_file_name, \"exec\"), global_scope)"],["runfile.py",7,"<module>","import scIB as scib  # Placeholder for an alternative package if scib is not available"]],"analysis":"The code failed to execute due to a `ModuleNotFoundError` for both `scib` and its placeholder alternative `scIB`. This indicates that the required module for batch correction metrics is not installed or incorrectly referenced. To fix this, ensure that the correct module is installed and available in the Python environment. If `scib` is indeed the correct package, it should be installed using a package manager like pip, e.g., `pip install scib`. If it's a custom or local package, ensure it's correctly placed in the Python path.","metric":{"value":null,"maximize":null},"is_buggy":true},{"code":"import scanpy as sc\nimport harmony\nimport pandas as pd\nfrom scib.metrics import bio_conservation_score, batch_effect_score\n\n# Load data\nadata = sc.read_h5ad(\"./input/08f58b32-a01b-4300-8ebc-2b93c18f26f7.h5ad\")\n\n# Preprocessing\nsc.pp.normalize_total(adata, target_sum=1e4)\nsc.pp.log1p(adata)\nsc.pp.highly_variable_genes(adata, n_top_genes=2000)\nadata = adata[:, adata.var.highly_variable]\n\n# Dimensionality reduction\nsc.tl.pca(adata, svd_solver=\"arpack\")\n\n# Harmony integration\nadata.obsm[\"X_pca_harmony\"] = harmony.integrate(adata.obsm[\"X_pca\"], adata.obs[\"batch\"])\n\n# Compute metrics\nbatch_score = batch_effect_score(\n    adata, batch_key=\"batch\", label_key=\"cell_type\", embed=\"X_pca_harmony\"\n)\nbio_score = bio_conservation_score(\n    adata, batch_key=\"batch\", label_key=\"cell_type\", embed=\"X_pca_harmony\"\n)\ntotal_score = (batch_score + bio_score) / 2\n\n# Output the scores\nprint(f\"Batch Effect Score: {batch_score}\")\nprint(f\"Biological Conservation Score: {bio_score}\")\nprint(f\"Total Score: {total_score}\")\n","plan":"To address the batch correction for single-cell RNA data, I will use the Harmony integration algorithm, which is effective for integrating large-scale datasets by adjusting for batch effects while preserving biological variability. Harmony works by iteratively adjusting data projections in a reduced dimensional space to minimize batch effects while maintaining the structure necessary for downstream analysis. After correcting the batch effects, I will evaluate the effectiveness of the batch correction using the scib-metrics package to compute batch, biological conservation (bio), and total scores. The bio score is particularly important as it evaluates how well the biological signal is preserved post-correction.","step":11,"id":"7858864a26cd4bf28a46fd9f35c552e7","ctime":1760622402.918533,"parent":null,"children":[],"_term_out":["Traceback (most recent call last):\n  File \"runfile.py\", line 2, in <module>\n    import harmony\nModuleNotFoundError: No module named 'harmony'\n","Execution time: a moment seconds (time limit is an hour)."],"exec_time":0.843311071395874,"exc_type":"ModuleNotFoundError","exc_info":{"args":["No module named 'harmony'"],"name":"harmony","msg":"No module named 'harmony'"},"exc_stack":[["/opt/homebrew/lib/python3.11/site-packages/aide/interpreter.py",147,"_run_session","exec(compile(code, self.agent_file_name, \"exec\"), global_scope)"],["runfile.py",2,"<module>","import harmony"]],"analysis":"The script failed to execute due to a 'ModuleNotFoundError' for the 'harmony' module. To fix this issue, ensure that the 'harmony' module is correctly installed in the Python environment where the script is being executed. This can typically be done using pip, e.g., `pip install harmony-pytorch` if using PyTorch or the appropriate package if it's a different harmony library.","metric":{"value":null,"maximize":null},"is_buggy":true},{"code":"import scanpy as sc\nimport scIB  # Importing scIB instead of scib directly\n\n# Load the data\nadata = sc.read_h5ad(\"./input/08f58b32-a01b-4300-8ebc-2b93c18f26f7.h5ad\")\n\n# Preprocessing steps\nsc.pp.normalize_total(adata, target_sum=1e4)\nsc.pp.log1p(adata)\nsc.pp.highly_variable_genes(adata, n_top_genes=2000)\nadata = adata[:, adata.var.highly_variable]\n\n# PCA for embedding if not present\nif \"X_pca\" not in adata.obsm.keys():\n    sc.tl.pca(adata, svd_solver=\"arpack\")\n\n# Identify the batch column\nbatch_key = \"batch\"  # Adjust based on actual data inspection\n\n# Perform Combat batch correction\nsc.pp.combat(adata, key=batch_key)\n\n# Evaluate the batch effect correction using scIB metrics\n# Assuming the biological condition key is 'condition'\nmetrics = scIB.metrics.metrics(\n    adata,\n    batch_key=batch_key,\n    bio_key=\"condition\",\n    embed=\"X_pca\",\n    silhouette=True,\n    isolation=True,\n    graph_conn=True,\n    kBET=True,\n    lisi=True,\n    nmi=True,\n    ari=True,\n)\n\n# Print the evaluation metrics\nprint(\"Batch Correction Metrics:\")\nprint(\"Batch score:\", metrics[\"batch\"])\nprint(\"Bio score:\", metrics[\"bio\"])\nprint(\"Total score:\", metrics[\"total\"])\n","plan":"The error in the previous implementation is due to the fact that the `scib` module is not recognized, which implies it might not be installed or there's an issue with the import. To resolve this, we need to ensure that the `scib` module is correctly installed and imported. If installation is not the issue, we need to verify the correct way to access the metrics functionality within the `scib` package. We should also ensure that the data preprocessing steps, such as PCA computation, are appropriately handled before applying the metrics function. Additionally, we'll check and handle any necessary data preprocessing steps like normalization or variable gene selection that might be required before batch correction.","step":12,"id":"cc08de788f0941839cf0f57b6d3547fc","ctime":1760622430.266966,"parent":null,"children":[],"_term_out":["Traceback (most recent call last):\n  File \"runfile.py\", line 2, in <module>\n    import scIB  # Importing scIB instead of scib directly\n    ^^^^^^^^^^^\nModuleNotFoundError: No module named 'scIB'\n","Execution time: a moment seconds (time limit is an hour)."],"exec_time":0.8615589141845703,"exc_type":"ModuleNotFoundError","exc_info":{"args":["No module named 'scIB'"],"name":"scIB","msg":"No module named 'scIB'"},"exc_stack":[["/opt/homebrew/lib/python3.11/site-packages/aide/interpreter.py",147,"_run_session","exec(compile(code, self.agent_file_name, \"exec\"), global_scope)"],["runfile.py",2,"<module>","import scIB  # Importing scIB instead of scib directly"]],"analysis":"The code execution failed due to a `ModuleNotFoundError` for 'scIB'. The correct module to import should be 'scib', not 'scIB'. To fix the bug, replace `import scIB` with `import scib` in the script.","metric":{"value":null,"maximize":null},"is_buggy":true},{"code":"import scanpy as sc\nimport pandas as pd\nfrom sklearn.metrics import silhouette_score\nfrom harmony import harmonize\nimport numpy as np\n\n# Load the data\nadata = sc.read_h5ad(\"./input/08f58b32-a01b-4300-8ebc-2b93c18f26f7.h5ad\")\n\n# Preprocessing steps\nsc.pp.normalize_total(adata, target_sum=1e4)\nsc.pp.log1p(adata)\nsc.pp.highly_variable_genes(adata, n_top_genes=2000)\nadata = adata[:, adata.var.highly_variable]\n\n# Run PCA to reduce dimensionality before Harmony\nsc.tl.pca(adata, svd_solver=\"arpack\")\n\n# Apply Harmony for batch correction\nadata.obsm[\"X_pca_harmony\"] = harmonize(adata.obsm[\"X_pca\"], adata.obs, \"batch\")\nadata.obsm[\"X_pca\"] = adata.obsm[\"X_pca_harmony\"]\n\n# Compute silhouette score as a proxy for batch score\nbatch_labels = adata.obs[\"batch\"].astype(str)\nsilhouette_batch_score = silhouette_score(adata.obsm[\"X_pca_harmony\"], batch_labels)\n\n# Print the evaluation metric\nprint(f\"Silhouette Score for batch correction: {silhouette_batch_score}\")\n\n# Save the results in a submission.csv file as required\nresults_df = pd.DataFrame(\n    {\"Metric\": [\"Silhouette Score\"], \"Score\": [silhouette_batch_score]}\n)\nresults_df.to_csv(\"./working/submission.csv\", index=False)\n","plan":"The error in the previous implementation is due to the absence of the `scib` package, which is not installed or does not exist. To rectify this, we can replace the `scib` metrics with equivalent functions from the `scikit-learn` library, which is commonly used and well-supported. Specifically, we can use `silhouette_score` for assessing the silhouette score, and for batch effect, we can utilize PCA and visualize batch effects manually. For biological conservation, we can compute the variance within each biological group. This approach allows us to proceed with the batch correction using Harmony and evaluate the results using alternative, available metrics.","step":13,"id":"36c91a1852924708ac57d3a4a802d6df","ctime":1760622451.4060469,"parent":null,"children":[],"_term_out":["Traceback (most recent call last):\n  File \"runfile.py\", line 4, in <module>\n    from harmony import harmonize\nModuleNotFoundError: No module named 'harmony'\n","Execution time: a moment seconds (time limit is an hour)."],"exec_time":0.8483262062072754,"exc_type":"ModuleNotFoundError","exc_info":{"args":["No module named 'harmony'"],"name":"harmony","msg":"No module named 'harmony'"},"exc_stack":[["/opt/homebrew/lib/python3.11/site-packages/aide/interpreter.py",147,"_run_session","exec(compile(code, self.agent_file_name, \"exec\"), global_scope)"],["runfile.py",4,"<module>","from harmony import harmonize"]],"analysis":"The code execution failed due to a missing module error: 'No module named 'harmony''. This module is essential for performing the Harmony batch correction on the dataset. To fix the issue, the 'harmony' module should be installed, or an alternative method for batch correction should be used if 'harmony' is unavailable.","metric":{"value":null,"maximize":null},"is_buggy":true},{"code":"import scanpy as sc\nimport scib\nimport pandas as pd\n\n# Load the data\nadata = sc.read_h5ad(\"./input/08f58b32-a01b-4300-8ebc-2b93c18f26f7.h5ad\")\n\n# Assuming 'batch' is the batch column and 'cell_type' is the biological annotation\nadata.obs[\"batch\"] = adata.obs[\"batch\"].astype(\"category\")\nadata.obs[\"cell_type\"] = adata.obs[\"cell_type\"].astype(\"category\")\n\n# Normalize and log transform data\nsc.pp.normalize_total(adata, target_sum=1e4)\nsc.pp.log1p(adata)\n\n# Run PCA\nsc.tl.pca(adata, svd_solver=\"arpack\")\n\n# Harmony integration\nsc.external.pp.harmony_integrate(adata, key=\"batch\")\n\n# Compute metrics\nmetrics = scib.metrics.metrics(\n    adata,\n    batch_key=\"batch\",\n    label_key=\"cell_type\",\n    embed=\"X_pca_harmony\",\n    isolated_labels=None,\n    silhouette=True,\n    kBET=True,\n    lisi_graph=False,\n)\n\n# Print the evaluation metrics\nprint(\"Batch Correction Score:\", metrics[\"batch\"])\nprint(\"Biological Conservation Score:\", metrics[\"bio\"])\nprint(\"Total Score:\", metrics[\"total\"])\n","plan":"For this task, I'll employ the Harmony algorithm to perform batch correction on single-cell RNA data. Harmony is effective for integrating datasets from different batches by adjusting for batch effects while preserving biological variation. The approach involves reading the single-cell data, applying the Harmony correction, and then evaluating the corrected data using the scib-metrics package to compute batch, bio, and total scores. The evaluation will help in quantifying how well the batch effects have been minimized while retaining biological signals.","step":14,"id":"761eb11d228b4f69ad93836fdfb32366","ctime":1760622468.8668952,"parent":null,"children":[],"_term_out":["Traceback (most recent call last):\n  File \"runfile.py\", line 2, in <module>\n    import scib\nModuleNotFoundError: No module named 'scib'\n","Execution time: a moment seconds (time limit is an hour)."],"exec_time":0.7441489696502686,"exc_type":"ModuleNotFoundError","exc_info":{"args":["No module named 'scib'"],"name":"scib","msg":"No module named 'scib'"},"exc_stack":[["/opt/homebrew/lib/python3.11/site-packages/aide/interpreter.py",147,"_run_session","exec(compile(code, self.agent_file_name, \"exec\"), global_scope)"],["runfile.py",2,"<module>","import scib"]],"analysis":"The code execution failed due to a missing module named 'scib'. This module is essential for computing the batch correction metrics using the scib-metrics package. To fix this issue, ensure that the 'scib' package is properly installed in the Python environment where the code is being executed. This can typically be done using a package manager like pip, e.g., `pip install scib`.","metric":{"value":null,"maximize":null},"is_buggy":true},{"code":"import scanpy as sc\nimport pandas as pd\n\n# Attempt to import scib, handle if not available\ntry:\n    import scib\nexcept ImportError:\n    print(\"scib module is not installed. Please install it to proceed.\")\n    raise\n\n# Load the dataset\nadata = sc.read_h5ad(\"./input/08f58b32-a01b-4300-8ebc-2b93c18f26f7.h5ad\")\n\n# Normalize and log-transform the data\nsc.pp.normalize_total(adata, target_sum=1e4)\nsc.pp.log1p(adata)\n\n# Identify highly variable genes to focus on\nsc.pp.highly_variable_genes(adata, n_top_genes=2000)\nadata = adata[:, adata.var.highly_variable]\n\n# Run PCA to reduce dimensionality\nsc.tl.pca(adata, svd_solver=\"arpack\")\n\n# Apply Harmony for batch correction\nsc.external.pp.harmony_integrate(adata, key=\"batch\")\n\n# Compute UMAP for visualization (optional, not necessary for scoring)\nsc.tl.umap(adata)\n\n# Evaluate the batch correction using scib-metrics\nmetrics_result = scib.metrics.metrics(\n    adata,\n    batch_key=\"batch\",\n    label_key=\"cell_type\",  # assuming 'cell_type' is the label column in the data\n    embed=\"X_pca\",  # embedding after Harmony correction\n    silhouette=True,\n    isolated_labels=True,\n    nmi=True,\n    ari=True,\n)\n\n# Print the evaluation results\nprint(\"Batch score:\", metrics_result[\"batch_asw\"])\nprint(\"Bio conservation score:\", metrics_result[\"isolated_labels_asw\"])\nprint(\"Total score (NMI):\", metrics_result[\"nmi\"])\n\n# Save results to a CSV in the working directory\nresults_df = pd.DataFrame.from_dict(metrics_result, orient=\"index\", columns=[\"score\"])\nresults_df.to_csv(\"./working/submission.csv\")\n","plan":"The primary issue with the previous implementation is the absence of the `scib` module, which is not a standard library and might not be installed in the environment. To fix the bug, we need to ensure that the `scib` module is installed. If it is not available or installable directly via pip, we might need to find an alternative way to evaluate the batch correction, or potentially use a local implementation of the required metrics if they are standard and well-documented. The solution will involve checking for the presence of the `scib` module and handling the case where it is not installed by providing an alternative method or a clear error message.","step":15,"id":"9772808a5037456aa3135bd023727634","ctime":1760622491.126324,"parent":null,"children":[],"_term_out":["scib module is not installed. Please install it to proceed.","\n","Traceback (most recent call last):\n  File \"runfile.py\", line 6, in <module>\n    import scib\nModuleNotFoundError: No module named 'scib'\n","Execution time: a moment seconds (time limit is an hour)."],"exec_time":0.7575953006744385,"exc_type":"ModuleNotFoundError","exc_info":{"args":["No module named 'scib'"],"name":"scib","msg":"No module named 'scib'"},"exc_stack":[["/opt/homebrew/lib/python3.11/site-packages/aide/interpreter.py",147,"_run_session","exec(compile(code, self.agent_file_name, \"exec\"), global_scope)"],["runfile.py",6,"<module>","import scib"]],"analysis":"The code execution failed due to the 'scib' module not being installed. The script attempted to import the 'scib' module, which is essential for evaluating batch correction metrics in single-cell RNA-seq data, but it was not found in the environment. To fix this issue, the 'scib' module should be installed using a package manager like pip, e.g., `pip install scib`.","metric":{"value":null,"maximize":null},"is_buggy":true},{"code":"import scanpy as sc\nimport scib\nimport pandas as pd\n\n# Load the data\nadata = sc.read_h5ad(\"./input/08f58b32-a01b-4300-8ebc-2b93c18f26f7.h5ad\")\n\n# Assuming 'batch' is the batch column and 'cell_type' is the biological annotation\nadata.obs[\"batch\"] = adata.obs[\"batch\"].astype(\"category\")\nadata.obs[\"cell_type\"] = adata.obs[\"cell_type\"].astype(\"category\")\n\n# Normalize and log transform data\nsc.pp.normalize_total(adata, target_sum=1e4)\nsc.pp.log1p(adata)\n\n# Run PCA\nsc.tl.pca(adata, svd_solver=\"arpack\")\n\n# Harmony integration\nsc.external.pp.harmony_integrate(adata, key=\"batch\")\n\n# Compute metrics\nmetrics = scib.metrics.metrics(\n    adata,\n    batch_key=\"batch\",\n    label_key=\"cell_type\",\n    embed=\"X_pca_harmony\",\n    isolated_labels=None,\n    silhouette=True,\n    kBET=True,\n    lisi_graph=False,\n)\n\n# Print the evaluation metrics\nprint(\"Batch Correction Score:\", metrics[\"batch\"])\nprint(\"Biological Conservation Score:\", metrics[\"bio\"])\nprint(\"Total Score:\", metrics[\"total\"])\n","plan":"The error in the previous implementation is due to the non-existent `scib` module in Python's package index. However, scIB is a tool for assessing batch integration quality in single-cell genomics. It is likely that the intended module is part of a custom or external package not directly installable via pip. To fix this, we need to ensure that the `scib` package is correctly installed and available in the environment. If `scib` is indeed a custom package, it should be manually installed or made available in the Python environment. Alternatively, if it's a part of a larger framework or has been renamed, we should adjust the import statements accordingly. Here's a revised version of the code assuming `scib` is available after proper installation or setup.","step":16,"id":"db4a9c79d0874e5aa30237dfab207f03","ctime":1760622509.394467,"parent":null,"children":[],"_term_out":["Traceback (most recent call last):\n  File \"runfile.py\", line 2, in <module>\n    import scib\nModuleNotFoundError: No module named 'scib'\n","Execution time: a moment seconds (time limit is an hour)."],"exec_time":0.7715840339660645,"exc_type":"ModuleNotFoundError","exc_info":{"args":["No module named 'scib'"],"name":"scib","msg":"No module named 'scib'"},"exc_stack":[["/opt/homebrew/lib/python3.11/site-packages/aide/interpreter.py",147,"_run_session","exec(compile(code, self.agent_file_name, \"exec\"), global_scope)"],["runfile.py",2,"<module>","import scib"]],"analysis":"The execution failed due to a missing 'scib' module. This module is required for batch correction metrics computation in single-cell RNA data. To fix this issue, ensure that the 'scib' module is installed in the Python environment where the script is being run. This can typically be done using a package manager such as pip.","metric":{"value":null,"maximize":null},"is_buggy":true},{"code":"import anndata as ad\nimport scanpy as sc\nfrom harmony import harmonize\nimport scib\n\n# Load data\nadata = ad.read_h5ad(\"./input/08f58b32-a01b-4300-8ebc-2b93c18f26f7.h5ad\")\n\n# Preprocessing\nsc.pp.normalize_total(adata, target_sum=1e4)\nsc.pp.log1p(adata)\nsc.pp.highly_variable_genes(adata, n_top_genes=2000)\nadata = adata[:, adata.var.highly_variable]\n\n# PCA\nsc.tl.pca(adata, svd_solver=\"arpack\")\n\n# Harmony integration\nadata.obsm[\"X_pca_harmony\"] = harmonize(adata.obsm[\"X_pca\"], adata.obs, \"batch\")\n\n# Evaluation using scib-metrics\nresult = scib.metrics(\n    adata, batch_key=\"batch\", label_key=\"cell_type\", embed=\"X_pca_harmony\"\n)\nprint(\"Batch score:\", result[\"batch\"])\nprint(\"Bio conservation score:\", result[\"bio\"])\nprint(\"Total score:\", result[\"total\"])\n","plan":"To address the batch correction for single-cell RNA data, I will use the Harmony algorithm which is effective for integrating multiple datasets by correcting for batch effects while preserving biological variation. Harmony operates by adjusting data projections in a reduced dimensional space, typically PCA space, to minimize differences attributable to batch effects. I'll first load the data using the `anndata` library, then preprocess it by normalizing and selecting highly variable genes. After preprocessing, I'll apply PCA for dimensionality reduction followed by Harmony for batch correction. Finally, I'll evaluate the batch correction effectiveness using the scib-metrics package to compute batch, bio, and total scores.","step":17,"id":"8fcb8c61adec430faf920acff45ed785","ctime":1760622523.3402398,"parent":null,"children":[],"_term_out":["Traceback (most recent call last):\n  File \"runfile.py\", line 3, in <module>\n    from harmony import harmonize\nModuleNotFoundError: No module named 'harmony'\n","Execution time: a moment seconds (time limit is an hour)."],"exec_time":0.829470157623291,"exc_type":"ModuleNotFoundError","exc_info":{"args":["No module named 'harmony'"],"name":"harmony","msg":"No module named 'harmony'"},"exc_stack":[["/opt/homebrew/lib/python3.11/site-packages/aide/interpreter.py",147,"_run_session","exec(compile(code, self.agent_file_name, \"exec\"), global_scope)"],["runfile.py",3,"<module>","from harmony import harmonize"]],"analysis":"The code execution failed due to a missing module error: 'harmony'. To fix this issue, ensure that the 'harmony' module is properly installed. If it is not available, you may need to install it using pip (e.g., `pip install harmony-pytorch` if using PyTorch or an equivalent command for the correct library).","metric":{"value":null,"maximize":null},"is_buggy":true},{"code":"import scanpy as sc\nimport scib\n\n# Load the data\nadata = sc.read_h5ad(\"./input/08f58b32-a01b-4300-8ebc-2b93c18f26f7.h5ad\")\n\n# Normalize and log transform the data\nsc.pp.normalize_total(adata, target_sum=1e4)\nsc.pp.log1p(adata)\n\n# Identify highly variable genes to focus on\nsc.pp.highly_variable_genes(adata, n_top_genes=2000)\nadata = adata[:, adata.var.highly_variable]\n\n# Apply Combat for batch correction\nsc.pp.combat(adata, key=\"batch\")\n\n# Evaluate the correction\nresult = scib.metrics.metrics(\n    adata,\n    batch_key=\"batch\",\n    label_key=\"cell_type\",\n    embed=\"X_pca\",\n    silhouette=True,\n    isolated_labels=True,\n    nmi=True,\n    ari=True,\n)\n\n# Print the evaluation metrics\nprint(\"Batch score:\", result[\"batch_asw\"])\nprint(\"Bio conservation score:\", result[\"bio_conservation\"])\nprint(\"Overall score:\", result[\"overall_score\"])\n","plan":"For the task of batch correction on single-cell RNA data, I propose using the Combat method from the `scanpy` library, which is a popular method for removing batch effects in gene expression data. This method adjusts for batch effects while preserving biological variability. To evaluate the performance, I will use the scib-metrics package to compute batch, bio, and total scores on the corrected data. The process will involve loading the data, applying the Combat method, and then computing the evaluation metrics.","step":18,"id":"c83a706ce77943b8b42451861c7b45af","ctime":1760622541.062491,"parent":null,"children":[],"_term_out":["Traceback (most recent call last):\n  File \"runfile.py\", line 2, in <module>\n    import scib\nModuleNotFoundError: No module named 'scib'\n","Execution time: a moment seconds (time limit is an hour)."],"exec_time":0.8485093116760254,"exc_type":"ModuleNotFoundError","exc_info":{"args":["No module named 'scib'"],"name":"scib","msg":"No module named 'scib'"},"exc_stack":[["/opt/homebrew/lib/python3.11/site-packages/aide/interpreter.py",147,"_run_session","exec(compile(code, self.agent_file_name, \"exec\"), global_scope)"],["runfile.py",2,"<module>","import scib"]],"analysis":"The code execution failed due to a `ModuleNotFoundError` for the 'scib' package. This indicates that the 'scib' package is not installed in the environment where the script was run. To fix this issue, ensure that the 'scib' package is properly installed in the Python environment by using the command `pip install scib` or by including it in the requirements file.","metric":{"value":null,"maximize":null},"is_buggy":true},{"code":"import scanpy as sc\nimport pandas as pd\nfrom sklearn.metrics import silhouette_score\nimport numpy as np\n\n# Load the data\nadata = sc.read_h5ad(\"./input/08f58b32-a01b-4300-8ebc-2b93c18f26f7.h5ad\")\n\n# Preprocessing steps\nsc.pp.normalize_total(adata, target_sum=1e4)\nsc.pp.log1p(adata)\nsc.pp.highly_variable_genes(adata, n_top_genes=2000)\nadata = adata[:, adata.var.highly_variable]\n\n# Run PCA to reduce dimensionality\nsc.tl.pca(adata, svd_solver=\"arpack\")\n\n# Apply Harmony for batch correction using Scanpy's integrated function\nsc.external.pp.harmony_integrate(adata, key=\"batch\")\n\n# Compute silhouette score as a proxy for batch score\nbatch_labels = adata.obs[\"batch\"].astype(str)\nsilhouette_batch_score = silhouette_score(adata.obsm[\"X_pca\"], batch_labels)\n\n# Print the evaluation metric\nprint(f\"Silhouette Score for batch correction: {silhouette_batch_score}\")\n\n# Save the results in a submission.csv file as required\nresults_df = pd.DataFrame(\n    {\"Metric\": [\"Silhouette Score\"], \"Score\": [silhouette_batch_score]}\n)\nresults_df.to_csv(\"./working/submission.csv\", index=False)\n","plan":"The error in the previous implementation is due to the absence of the Harmony module, which is not a standard library or commonly available module in Python. To resolve this, we can switch to using `scanpy.external.pp.harmony_integrate`, which is included in the Scanpy library and serves a similar purpose for batch correction in single-cell RNA-seq data. This function will integrate the dataset based on batch labels, using Harmony algorithm principles, and directly modify the PCA representation to be batch-corrected. The adjusted PCA data will then be used to calculate the silhouette score, which serves as a proxy for the batch correction quality.","step":19,"id":"83f9c04040c44fccbc7e466111130855","ctime":1760622562.065301,"parent":null,"children":[],"_term_out":["Traceback (most recent call last):\n  File \"/opt/homebrew/lib/python3.11/site-packages/scanpy/external/pp/_harmony_integrate.py\", line 90, in harmony_integrate\n    import harmonypy\nModuleNotFoundError: No module named 'harmonypy'\n\nThe above exception was the direct cause of the following exception:\n\nTraceback (most recent call last):\n  File \"runfile.py\", line 19, in <module>\n    sc.external.pp.harmony_integrate(adata, key=\"batch\")\n  File \"/opt/homebrew/lib/python3.11/site-packages/legacy_api_wrap/__init__.py\", line 82, in fn_compatible\n    return fn(*args_all, **kw)\n           ^^^^^^^^^^^^^^^^^^^\n  File \"/opt/homebrew/lib/python3.11/site-packages/scanpy/external/pp/_harmony_integrate.py\", line 93, in harmony_integrate\n    raise ImportError(msg) from e\nImportError: \nplease install harmonypy:\n\n\tpip install harmonypy\n","Execution time: 47 seconds seconds (time limit is an hour)."],"exec_time":47.47668766975403,"exc_type":"ImportError","exc_info":{"args":["\nplease install harmonypy:\n\n\tpip install harmonypy"],"name":"None","msg":"\nplease install harmonypy:\n\n\tpip install harmonypy"},"exc_stack":[["/opt/homebrew/lib/python3.11/site-packages/aide/interpreter.py",147,"_run_session","exec(compile(code, self.agent_file_name, \"exec\"), global_scope)"],["runfile.py",19,"<module>","sc.external.pp.harmony_integrate(adata, key=\"batch\")"],["/opt/homebrew/lib/python3.11/site-packages/legacy_api_wrap/__init__.py",82,"fn_compatible","return fn(*args_all, **kw)"],["/opt/homebrew/lib/python3.11/site-packages/scanpy/external/pp/_harmony_integrate.py",93,"harmony_integrate","raise ImportError(msg) from e"]],"analysis":"The script failed due to a missing module 'harmonypy'. To fix the issue, install the harmonypy package using the command 'pip install harmonypy'. After installation, rerun the script to perform batch correction and compute the silhouette score.","metric":{"value":null,"maximize":null},"is_buggy":true}],"node2parent":{"e1dfe8f058b14e2983b11a0410acb541":"bb4fd47d820f4473a6a7a251ed53def2","d5690e700ce24b51ac33d5bce3991f1a":"b63da2d3065d4277a9666a1ca244f965","abea4950d9f9455cb4874a1684ab379c":"d5690e700ce24b51ac33d5bce3991f1a","cdc010dd6a4e49ada9e81fd413df7e31":"e1dfe8f058b14e2983b11a0410acb541","cc08de788f0941839cf0f57b6d3547fc":"96bd5f537c974719b84d8367eebcea4f","36c91a1852924708ac57d3a4a802d6df":"74387eeaa8f64fbcb123dfe1f9721068","9772808a5037456aa3135bd023727634":"bb523da76e5c4a5db81c4ed43b3ef4b3","db4a9c79d0874e5aa30237dfab207f03":"761eb11d228b4f69ad93836fdfb32366","83f9c04040c44fccbc7e466111130855":"36c91a1852924708ac57d3a4a802d6df"},"__version":"2"}