{"nodes":[{"code":"import pandas as pd\nimport numpy as np\nfrom xgboost import XGBRegressor\nfrom sklearn.model_selection import train_test_split\nfrom sklearn.metrics import mean_squared_log_error\n\n# Load the dataset\ndata = pd.read_csv(\"./input/train.csv\")\ntest_data = pd.read_csv(\"./input/test.csv\")\n\n# Assuming 'gdp' is the target variable and the first column is an identifier\nX = data.drop([\"gdp\"], axis=1)\ny = data[\"gdp\"]\nX_test = test_data.drop([\"id\"], axis=1)\n\n# Split the data into train and validation sets\nX_train, X_val, y_train, y_val = train_test_split(X, y, test_size=0.2, random_state=42)\n\n# Initialize and train the XGBoost regressor\nmodel = XGBRegressor(\n    objective=\"reg:squaredlogerror\", n_estimators=100, learning_rate=0.1, max_depth=5\n)\nmodel.fit(X_train, y_train)\n\n# Predict on validation set\ny_pred_val = model.predict(X_val)\ny_pred_val = np.maximum(0, y_pred_val)  # Ensure predictions are non-negative\n\n# Calculate RMSLE\nrmsle = np.sqrt(mean_squared_log_error(y_val, y_pred_val))\nprint(f\"Validation RMSLE: {rmsle}\")\n\n# Predict on test set\ny_test_pred = model.predict(X_test)\ny_test_pred = np.maximum(0, y_test_pred)  # Ensure predictions are non-negative\n\n# Save predictions to a CSV file for submission\nsubmission = pd.DataFrame({\"id\": test_data[\"id\"], \"gdp\": y_test_pred})\nsubmission.to_csv(\"./working/submission.csv\", index=False)\n","plan":"To predict the GDP of each country, I'll use a simple regression model leveraging XGBoost, a powerful and efficient gradient boosting library. The dataset is assumed to contain various economic, demographic, and possibly geographical features for each country. I will first split the data into training and validation sets to assess the model's performance. XGBoost will be tuned with basic parameters such as learning rate and max depth. The model's performance will be evaluated using the root mean squared log error (RMSLE), which is suitable for regression problems involving exponential growth, like GDP. I'll ensure the predictions are non-negative since GDP cannot be negative. Finally, predictions on the test set will be saved to a CSV file for submission.","step":0,"id":"383a2c9c19fe4e3d8d8126a29da352f1","ctime":1759913914.7772338,"parent":null,"children":[],"_term_out":["Traceback (most recent call last):\n  File \"runfile.py\", line 3, in <module>\n    from xgboost import XGBRegressor\nModuleNotFoundError: No module named 'xgboost'\n","Execution time: a moment seconds (time limit is an hour)."],"exec_time":0.0007297992706298828,"exc_type":"ModuleNotFoundError","exc_info":{"args":["No module named 'xgboost'"],"name":"xgboost","msg":"No module named 'xgboost'"},"exc_stack":[["/Users/ssc/projects/aide/venv/lib/python3.12/site-packages/aide/interpreter.py",147,"_run_session","exec(compile(code, self.agent_file_name, \"exec\"), global_scope)"],["runfile.py",3,"<module>","from xgboost import XGBRegressor"]],"analysis":"The code failed to execute due to a missing module error: 'xgboost' is not found. This issue can be resolved by ensuring that the xgboost library is installed in the Python environment where the script is being run. This can typically be done using pip install xgboost or ensuring the environment has the necessary dependencies.","metric":{"value":null,"maximize":null},"is_buggy":true},{"code":"import pandas as pd\nimport numpy as np\nimport lightgbm as lgb\nfrom sklearn.model_selection import train_test_split\nfrom sklearn.metrics import mean_squared_log_error\n\n# Load the dataset\ndata = pd.read_csv(\"./input/train.csv\")\n\n# Assuming 'Country' as index and 'GDP' as target\nX = data.drop(\"GDP\", axis=1).select_dtypes(include=[np.number])\ny = data[\"GDP\"]\n\n# Split the data into train and test sets\nX_train, X_test, y_train, y_test = train_test_split(\n    X, y, test_size=0.2, random_state=42\n)\n\n# Initialize and train the LightGBM model\nmodel = lgb.LGBMRegressor(random_state=42)\nmodel.fit(X_train, np.log1p(y_train))  # Using log1p transformation to predict log(GDP)\n\n# Predict on the test set\ny_pred = model.predict(X_test)\ny_pred = np.expm1(y_pred)  # Inverse of log1p to get the actual GDP predictions\n\n# Calculate RMSLE\nrmsle = np.sqrt(mean_squared_log_error(y_test, y_pred))\nprint(f\"Root Mean Squared Logarithmic Error (RMSLE): {rmsle}\")\n\n# Save predictions for submission (assuming there is a test.csv for final submission)\ntest_data = pd.read_csv(\"./input/test.csv\")\nX_submission = test_data.select_dtypes(include=[np.number])\ntest_pred = model.predict(X_submission)\ntest_pred = np.expm1(test_pred)\nsubmission = pd.DataFrame({\"Country\": test_data[\"Country\"], \"GDP\": test_pred})\nsubmission.to_csv(\"./working/submission.csv\", index=False)\n","plan":"For predicting the GDP of each country, a LightGBM model will be used due to its efficiency with large datasets and capability to handle different types of features effectively. The dataset will be split into training and test sets. Features will be selected based on their correlation with the target variable (GDP). The model will be trained using default parameters initially to establish a baseline performance. The Root Mean Squared Logarithmic Error (RMSLE) will be used as the evaluation metric since it is suitable for dealing with exponential growth, which is common in GDP data. The predictions will be saved in a `submission.csv` file in the \"./working\" directory.","step":1,"id":"f958e2b0ee1e4cde8cdffc1cf7db0466","ctime":1759913930.0307431,"parent":null,"children":[],"_term_out":["Traceback (most recent call last):\n  File \"runfile.py\", line 8, in <module>\n    data = pd.read_csv(\"./input/train.csv\")\n           ^^^^^^^^^^^^^^^^^^^^^^^^^^^^^^^^\nFileNotFoundError: [Errno 2] No such file or directory: './input/train.csv'\n","Execution time: a moment seconds (time limit is an hour)."],"exec_time":0.46767401695251465,"exc_type":"FileNotFoundError","exc_info":{"args":["2","No such file or directory"]},"exc_stack":[["/Users/ssc/projects/aide/venv/lib/python3.12/site-packages/aide/interpreter.py",147,"_run_session","exec(compile(code, self.agent_file_name, \"exec\"), global_scope)"],["runfile.py",8,"<module>","data = pd.read_csv(\"./input/train.csv\")"],["/Users/ssc/projects/aide/venv/lib/python3.12/site-packages/pandas/io/parsers/readers.py",948,"read_csv","return _read(filepath_or_buffer, kwds)"],["/Users/ssc/projects/aide/venv/lib/python3.12/site-packages/pandas/io/parsers/readers.py",611,"_read","parser = TextFileReader(filepath_or_buffer, **kwds)"],["/Users/ssc/projects/aide/venv/lib/python3.12/site-packages/pandas/io/parsers/readers.py",1448,"__init__","self._engine = self._make_engine(f, self.engine)"],["/Users/ssc/projects/aide/venv/lib/python3.12/site-packages/pandas/io/parsers/readers.py",1705,"_make_engine","self.handles = get_handle("],["/Users/ssc/projects/aide/venv/lib/python3.12/site-packages/pandas/io/common.py",863,"get_handle","handle = open("]],"analysis":"The code failed to execute because it could not find the specified file './input/train.csv'. To fix this issue, ensure that the file path is correct and that the file exists in the specified directory. Alternatively, the file path could be updated to match the actual location of the dataset.","metric":{"value":null,"maximize":null},"is_buggy":true},{"code":"import pandas as pd\nimport numpy as np\nfrom xgboost import XGBRegressor\nfrom sklearn.model_selection import train_test_split\nfrom sklearn.metrics import mean_squared_log_error\n\n# Load the data\ntrain_data = pd.read_csv(\"./input/train.csv\")\ntest_data = pd.read_csv(\"./input/test.csv\")\n\n# Preprocessing\n# Filling missing values with the mean for simplicity\ntrain_data.fillna(train_data.mean(), inplace=True)\ntest_data.fillna(train_data.mean(), inplace=True)\n\n# Convert categorical columns to category types and encode them\nfor col in train_data.select_dtypes(include=[\"object\"]).columns:\n    train_data[col] = train_data[col].astype(\"category\")\n    test_data[col] = test_data[col].astype(\"category\")\n    train_data[col] = train_data[col].cat.codes\n    test_data[col] = test_data[col].cat.codes\n\n# Splitting the data\nX = train_data.drop([\"Country\", \"GDP\"], axis=1)\ny = np.log1p(train_data[\"GDP\"])  # Use log1p to avoid issues with log(0)\nX_train, X_val, y_train, y_val = train_test_split(X, y, test_size=0.2, random_state=42)\n\n# Model training\nmodel = XGBRegressor()\nmodel.fit(X_train, y_train)\n\n# Prediction and evaluation\ny_pred = model.predict(X_val)\nrmsle = np.sqrt(\n    mean_squared_log_error(np.expm1(y_val), np.expm1(y_pred))\n)  # Convert back using expm1\nprint(f\"Validation RMSLE: {rmsle}\")\n\n# Prepare submission\ntest_features = test_data.drop([\"Country\"], axis=1)\ntest_predictions = np.expm1(model.predict(test_features))\nsubmission = pd.DataFrame({\"Country\": test_data[\"Country\"], \"GDP\": test_predictions})\nsubmission.to_csv(\"./working/submission.csv\", index=False)\n","plan":"For predicting the GDP of each country, I'll use a simple regression model with XGBoost, which is known for its performance and handling of various types of features. I'll start by loading the dataset, followed by basic preprocessing such as handling missing values and encoding categorical variables. I will split the data into training and validation sets to evaluate the model's performance using root mean squared log error (RMSLE), which is appropriate given the evaluation metric specified. The model will be trained using default parameters initially to establish a baseline performance.","step":2,"id":"6ddc29d6a91a4952800871f91c9889ef","ctime":1759913947.864325,"parent":null,"children":[],"_term_out":["Traceback (most recent call last):\n  File \"runfile.py\", line 3, in <module>\n    from xgboost import XGBRegressor\nModuleNotFoundError: No module named 'xgboost'\n","Execution time: a moment seconds (time limit is an hour)."],"exec_time":0.0002789497375488281,"exc_type":"ModuleNotFoundError","exc_info":{"args":["No module named 'xgboost'"],"name":"xgboost","msg":"No module named 'xgboost'"},"exc_stack":[["/Users/ssc/projects/aide/venv/lib/python3.12/site-packages/aide/interpreter.py",147,"_run_session","exec(compile(code, self.agent_file_name, \"exec\"), global_scope)"],["runfile.py",3,"<module>","from xgboost import XGBRegressor"]],"analysis":"The code execution failed due to a missing module error. The 'xgboost' library is not installed, which is required for the XGBRegressor model used in the script. To fix this issue, ensure that the 'xgboost' package is installed in the Python environment where the script is being executed. This can typically be done using pip install xgboost or by ensuring the environment has the necessary dependencies installed.","metric":{"value":null,"maximize":null},"is_buggy":true},{"code":"import pandas as pd\nfrom sklearn.model_selection import train_test_split\nfrom sklearn.linear_model import LinearRegression\nfrom sklearn.metrics import mean_squared_log_error\nimport numpy as np\n\n# Load data\ndata = pd.read_csv(\"./input/data.csv\")\n\n# Assume 'GDP' is the target variable and the rest are features\nX = data.drop(\"GDP\", axis=1)\ny = data[\"GDP\"]\n\n# Splitting the dataset into the Training set and Test set\nX_train, X_val, y_train, y_val = train_test_split(X, y, test_size=0.2, random_state=0)\n\n# Fitting Simple Linear Regression to the Training set\nregressor = LinearRegression()\nregressor.fit(X_train, y_train)\n\n# Predicting the Test set results\ny_pred = regressor.predict(X_val)\n\n# Calculate RMSLE\nrmsle = np.sqrt(mean_squared_log_error(y_val, y_pred))\nprint(f\"RMSLE: {rmsle}\")\n\n# Assuming we need to create a submission file for a given test dataset\nX_test = pd.read_csv(\"./input/test.csv\")\ntest_predictions = regressor.predict(X_test)\nsubmission = pd.DataFrame({\"GDP\": test_predictions})\nsubmission.to_csv(\"./working/submission.csv\", index=False)\n","plan":"For predicting the GDP of each country, I will use a simple regression model, specifically Linear Regression, due to its straightforward implementation and interpretability. The dataset likely has features such as population, GDP per capita, economic indicators, etc., which are typically strong predictors for GDP. I will use scikit-learn's LinearRegression model for this task. The model will be trained on a training set and evaluated using a validation set. The evaluation metric will be Root Mean Squared Logarithmic Error (RMSLE), which is suitable for regression tasks involving exponential growth, like GDP predictions. I will split the data into training and validation sets to evaluate the model's performance.","step":3,"id":"5ff3372eb3ea4984bbe1f27680254c0f","ctime":1759913969.811213,"parent":null,"children":[],"_term_out":["Traceback (most recent call last):\n  File \"runfile.py\", line 8, in <module>\n    data = pd.read_csv(\"./input/data.csv\")\n           ^^^^^^^^^^^^^^^^^^^^^^^^^^^^^^^\nFileNotFoundError: [Errno 2] No such file or directory: './input/data.csv'\n","Execution time: a moment seconds (time limit is an hour)."],"exec_time":0.2897531986236572,"exc_type":"FileNotFoundError","exc_info":{"args":["2","No such file or directory"]},"exc_stack":[["/Users/ssc/projects/aide/venv/lib/python3.12/site-packages/aide/interpreter.py",147,"_run_session","exec(compile(code, self.agent_file_name, \"exec\"), global_scope)"],["runfile.py",8,"<module>","data = pd.read_csv(\"./input/data.csv\")"],["/Users/ssc/projects/aide/venv/lib/python3.12/site-packages/pandas/io/parsers/readers.py",948,"read_csv","return _read(filepath_or_buffer, kwds)"],["/Users/ssc/projects/aide/venv/lib/python3.12/site-packages/pandas/io/parsers/readers.py",611,"_read","parser = TextFileReader(filepath_or_buffer, **kwds)"],["/Users/ssc/projects/aide/venv/lib/python3.12/site-packages/pandas/io/parsers/readers.py",1448,"__init__","self._engine = self._make_engine(f, self.engine)"],["/Users/ssc/projects/aide/venv/lib/python3.12/site-packages/pandas/io/parsers/readers.py",1705,"_make_engine","self.handles = get_handle("],["/Users/ssc/projects/aide/venv/lib/python3.12/site-packages/pandas/io/common.py",863,"get_handle","handle = open("]],"analysis":"The code execution failed due to a FileNotFoundError at the line where it attempts to read the data file. The file './input/data.csv' could not be found. To fix this issue, ensure that the data file is correctly placed in the specified directory or update the file path to match the actual location of the data file.","metric":{"value":null,"maximize":null},"is_buggy":true},{"code":"import pandas as pd\nimport lightgbm as lgb\nfrom sklearn.model_selection import train_test_split\nfrom sklearn.metrics import mean_squared_log_error\nimport numpy as np\n\n# Load the data\ntrain_data = pd.read_csv(\"./input/train.csv\")\ntest_data = pd.read_csv(\"./input/test.csv\")\n\n# Split features and target\nX = train_data.drop([\"gdp\"], axis=1)\ny = train_data[\"gdp\"]\n\n# Split data into train and validation sets\nX_train, X_val, y_train, y_val = train_test_split(X, y, test_size=0.2, random_state=42)\n\n# Prepare the LightGBM dataset\ntrain_set = lgb.Dataset(X_train, label=y_train)\nval_set = lgb.Dataset(X_val, label=y_val)\n\n# Set parameters for LightGBM\nparams = {\n    \"objective\": \"regression\",\n    \"metric\": \"rmse\",\n    \"boosting_type\": \"gbdt\",\n    \"learning_rate\": 0.05,\n    \"num_leaves\": 31,\n    \"max_depth\": -1,\n    \"min_data_in_leaf\": 20,\n    \"bagging_fraction\": 0.8,\n    \"bagging_freq\": 5,\n    \"feature_fraction\": 0.8,\n}\n\n# Train the model\ngbm = lgb.train(\n    params,\n    train_set,\n    valid_sets=[train_set, val_set],\n    num_boost_round=1000,\n    early_stopping_rounds=50,\n    verbose_eval=50,\n)\n\n# Predict on validation set\ny_pred_val = gbm.predict(X_val, num_iteration=gbm.best_iteration)\n\n# Calculate RMSLE\nrmsle = np.sqrt(mean_squared_log_error(y_val, y_pred_val))\nprint(f\"RMSLE on Validation Set: {rmsle}\")\n\n# Predict on test set\ny_pred_test = gbm.predict(test_data, num_iteration=gbm.best_iteration)\n\n# Save the predictions to a CSV file\nsubmission = pd.DataFrame({\"Id\": test_data[\"Id\"], \"gdp\": y_pred_test})\nsubmission.to_csv(\"./working/submission.csv\", index=False)\n","plan":"For this task, I will use a Gradient Boosting Machine (GBM) model, specifically the LightGBM implementation, due to its efficiency and performance on structured data. The model will be trained to predict the GDP of a country based on various features present in the dataset. I will start by loading the data, handling any necessary preprocessing like dealing with missing values, and encoding categorical variables if present. The model will be evaluated using the root mean squared log error (RMSLE) as specified, which is suitable for regression tasks with exponential growth like GDP. The dataset will be split into a training set and a validation set to validate the model's performance. The final step will involve saving the prediction results on the test set into a `submission.csv` file in the `./working` directory.","step":4,"id":"58f14ab8dd84435691ec477e8cb9515c","ctime":1759913991.467293,"parent":null,"children":[],"_term_out":["Traceback (most recent call last):\n  File \"runfile.py\", line 8, in <module>\n    train_data = pd.read_csv(\"./input/train.csv\")\n                 ^^^^^^^^^^^^^^^^^^^^^^^^^^^^^^^^\nFileNotFoundError: [Errno 2] No such file or directory: './input/train.csv'\n","Execution time: a moment seconds (time limit is an hour)."],"exec_time":0.2797207832336426,"exc_type":"FileNotFoundError","exc_info":{"args":["2","No such file or directory"]},"exc_stack":[["/Users/ssc/projects/aide/venv/lib/python3.12/site-packages/aide/interpreter.py",147,"_run_session","exec(compile(code, self.agent_file_name, \"exec\"), global_scope)"],["runfile.py",8,"<module>","train_data = pd.read_csv(\"./input/train.csv\")"],["/Users/ssc/projects/aide/venv/lib/python3.12/site-packages/pandas/io/parsers/readers.py",948,"read_csv","return _read(filepath_or_buffer, kwds)"],["/Users/ssc/projects/aide/venv/lib/python3.12/site-packages/pandas/io/parsers/readers.py",611,"_read","parser = TextFileReader(filepath_or_buffer, **kwds)"],["/Users/ssc/projects/aide/venv/lib/python3.12/site-packages/pandas/io/parsers/readers.py",1448,"__init__","self._engine = self._make_engine(f, self.engine)"],["/Users/ssc/projects/aide/venv/lib/python3.12/site-packages/pandas/io/parsers/readers.py",1705,"_make_engine","self.handles = get_handle("],["/Users/ssc/projects/aide/venv/lib/python3.12/site-packages/pandas/io/common.py",863,"get_handle","handle = open("]],"analysis":"The script failed to execute because it could not find the specified file './input/train.csv'. To fix this issue, ensure that the file paths are correctly specified and that the required files exist in the specified directory.","metric":{"value":null,"maximize":null},"is_buggy":true},{"code":"import pandas as pd\nimport numpy as np\nfrom sklearn.model_selection import train_test_split\nfrom sklearn.linear_model import LinearRegression\nfrom sklearn.metrics import mean_squared_log_error\n\n# Load the data\ndata = pd.read_csv(\"./input/countries_gdp_data.csv\")\n\n# Assume the dataset has features and 'gdp' as the target\nfeatures = data.drop(\"gdp\", axis=1)\ntarget = data[\"gdp\"]\n\n# Split the data into training and validation sets\nX_train, X_val, y_train, y_val = train_test_split(\n    features, target, test_size=0.2, random_state=42\n)\n\n# Initialize and train the linear regression model\nmodel = LinearRegression()\nmodel.fit(X_train, y_train)\n\n# Make predictions on the validation set\npredictions = model.predict(X_val)\n\n# Calculate the root mean squared log error\nrmsle = np.sqrt(mean_squared_log_error(y_val, predictions))\nprint(f\"Root Mean Squared Log Error: {rmsle}\")\n","plan":"For this task, I will use a simple linear regression model to predict the GDP of each country based on various economic indicators provided in the dataset. Linear regression is chosen for its simplicity and interpretability, which is suitable for an initial model. I will use the `scikit-learn` library to implement the model. The data will be split into training and validation sets to evaluate the model's performance using the root mean squared log error (RMSLE), which is appropriate for handling different scales of GDP values across countries. The model will be trained on the training set and evaluated on the validation set.","step":5,"id":"f880c4c7aa46493083ca2c48638c1d90","ctime":1759914007.954089,"parent":null,"children":[],"_term_out":["Traceback (most recent call last):\n  File \"runfile.py\", line 8, in <module>\n    data = pd.read_csv(\"./input/countries_gdp_data.csv\")\n           ^^^^^^^^^^^^^^^^^^^^^^^^^^^^^^^^^^^^^^^^^^^^^\nFileNotFoundError: [Errno 2] No such file or directory: './input/countries_gdp_data.csv'\n","Execution time: a moment seconds (time limit is an hour)."],"exec_time":0.2731168270111084,"exc_type":"FileNotFoundError","exc_info":{"args":["2","No such file or directory"]},"exc_stack":[["/Users/ssc/projects/aide/venv/lib/python3.12/site-packages/aide/interpreter.py",147,"_run_session","exec(compile(code, self.agent_file_name, \"exec\"), global_scope)"],["runfile.py",8,"<module>","data = pd.read_csv(\"./input/countries_gdp_data.csv\")"],["/Users/ssc/projects/aide/venv/lib/python3.12/site-packages/pandas/io/parsers/readers.py",948,"read_csv","return _read(filepath_or_buffer, kwds)"],["/Users/ssc/projects/aide/venv/lib/python3.12/site-packages/pandas/io/parsers/readers.py",611,"_read","parser = TextFileReader(filepath_or_buffer, **kwds)"],["/Users/ssc/projects/aide/venv/lib/python3.12/site-packages/pandas/io/parsers/readers.py",1448,"__init__","self._engine = self._make_engine(f, self.engine)"],["/Users/ssc/projects/aide/venv/lib/python3.12/site-packages/pandas/io/parsers/readers.py",1705,"_make_engine","self.handles = get_handle("],["/Users/ssc/projects/aide/venv/lib/python3.12/site-packages/pandas/io/common.py",863,"get_handle","handle = open("]],"analysis":"The code failed to execute due to a FileNotFoundError when attempting to load the dataset from a specified path. The path './input/countries_gdp_data.csv' does not exist in the current directory structure. To fix this issue, ensure that the dataset file is correctly placed in the specified directory, or update the file path in the code to match the actual location of the dataset.","metric":{"value":null,"maximize":null},"is_buggy":true},{"code":"import pandas as pd\nfrom sklearn.ensemble import RandomForestRegressor\nfrom sklearn.metrics import mean_squared_log_error\nfrom sklearn.model_selection import train_test_split\nimport numpy as np\n\n# Load the data\ndata = pd.read_csv(\"./input/country_data.csv\")\n\n# Assume the dataset has the following columns: 'Country', 'Year', 'Population', 'Previous_GDP', 'Industrialization_level', 'GDP'\nfeatures = [\"Population\", \"Previous_GDP\", \"Industrialization_level\"]\ntarget = \"GDP\"\n\n# Splitting the dataset into training and testing\ntrain_data, test_data = train_test_split(data, test_size=0.2, random_state=42)\n\n# Training the Random Forest model\nmodel = RandomForestRegressor(n_estimators=100, random_state=42)\nmodel.fit(\n    train_data[features], np.log1p(train_data[target])\n)  # Using log1p to avoid issues with zero and negative values\n\n# Predicting on the test set\npredictions = model.predict(test_data[features])\npredictions = np.expm1(predictions)  # Inverse of log1p\n\n# Calculating RMSLE\nrmsle = np.sqrt(mean_squared_log_error(test_data[target], predictions))\nprint(f\"Root Mean Squared Log Error (RMSLE): {rmsle}\")\n","plan":"For predicting the GDP of each country, I will use a simple regression model, specifically a Random Forest Regressor, due to its robustness and ability to handle different types of features effectively. The model will be trained on features that are typically strong predictors of GDP such as population size, GDP per capita from previous years, level of industrialization, and others assuming these are available in the dataset. I will use the root mean squared log error (RMSLE) as the evaluation metric as it is robust to the effects of large outliers and is appropriate given the exponential nature of GDP growth across different countries. The model's performance will be validated using a train-test split approach.","step":6,"id":"b1ebb1c5aea64f57a647b2d53fe19814","ctime":1759914026.696718,"parent":null,"children":[],"_term_out":["Traceback (most recent call last):\n  File \"runfile.py\", line 8, in <module>\n    data = pd.read_csv(\"./input/country_data.csv\")\n           ^^^^^^^^^^^^^^^^^^^^^^^^^^^^^^^^^^^^^^^\nFileNotFoundError: [Errno 2] No such file or directory: './input/country_data.csv'\n","Execution time: a moment seconds (time limit is an hour)."],"exec_time":0.3189558982849121,"exc_type":"FileNotFoundError","exc_info":{"args":["2","No such file or directory"]},"exc_stack":[["/Users/ssc/projects/aide/venv/lib/python3.12/site-packages/aide/interpreter.py",147,"_run_session","exec(compile(code, self.agent_file_name, \"exec\"), global_scope)"],["runfile.py",8,"<module>","data = pd.read_csv(\"./input/country_data.csv\")"],["/Users/ssc/projects/aide/venv/lib/python3.12/site-packages/pandas/io/parsers/readers.py",948,"read_csv","return _read(filepath_or_buffer, kwds)"],["/Users/ssc/projects/aide/venv/lib/python3.12/site-packages/pandas/io/parsers/readers.py",611,"_read","parser = TextFileReader(filepath_or_buffer, **kwds)"],["/Users/ssc/projects/aide/venv/lib/python3.12/site-packages/pandas/io/parsers/readers.py",1448,"__init__","self._engine = self._make_engine(f, self.engine)"],["/Users/ssc/projects/aide/venv/lib/python3.12/site-packages/pandas/io/parsers/readers.py",1705,"_make_engine","self.handles = get_handle("],["/Users/ssc/projects/aide/venv/lib/python3.12/site-packages/pandas/io/common.py",863,"get_handle","handle = open("]],"analysis":"The code execution failed due to a FileNotFoundError indicating that the file './input/country_data.csv' could not be found. This is likely a path issue or the file does not exist in the expected directory. To fix the bug, ensure the file path is correct and the file exists in the specified location.","metric":{"value":null,"maximize":null},"is_buggy":true},{"code":"import pandas as pd\nfrom sklearn.model_selection import train_test_split\nfrom sklearn.linear_model import LinearRegression\nfrom sklearn.metrics import mean_squared_log_error\nimport numpy as np\n\n# Load the dataset\ndata = pd.read_csv(\"./input/data.csv\")\n\n# Assuming 'GDP' is the target variable and the rest are features\nX = data.drop(\"GDP\", axis=1)\ny = data[\"GDP\"]\n\n# Splitting the data into training and validation sets\nX_train, X_val, y_train, y_val = train_test_split(X, y, test_size=0.2, random_state=42)\n\n# Initialize and train the Linear Regression model\nmodel = LinearRegression()\nmodel.fit(X_train, y_train)\n\n# Predict on the validation set\ny_val_pred = model.predict(X_val)\n\n# Calculate RMSLE\nrmsle = np.sqrt(mean_squared_log_error(y_val, y_val_pred))\nprint(f\"Root Mean Squared Log Error on the validation set: {rmsle}\")\n\n# Assuming there's a test set we need to predict on\ntest_data = pd.read_csv(\"./input/test.csv\")\ntest_features = test_data.drop(\n    \"GDP\", axis=1\n)  # Assuming 'GDP' column is not present in test set\ntest_predictions = model.predict(test_features)\n\n# Saving the predictions to a CSV file for submission\nsubmission = pd.DataFrame(\n    {\n        \"Country\": test_data[\n            \"Country\"\n        ],  # Assuming 'Country' column is present to identify rows\n        \"GDP\": test_predictions,\n    }\n)\nsubmission.to_csv(\"./working/submission.csv\", index=False)\n","plan":"For predicting GDP of each country, I will use a simple linear regression model as a starting point due to its interpretability and efficiency. The dataset, which is assumed to be pre-processed and stored in the `./input` directory, will be split into training and validation sets. The model will be trained on features that typically influence GDP such as population, GDP per capita, economic indicators, etc. The performance of the model will be evaluated using the root mean squared log error (RMSLE) on the validation set, which is appropriate given the evaluation metric specified in the task. The predictions for the test dataset will be saved in a `submission.csv` file in the `./working` directory.","step":7,"id":"2eab3331888e4e018475a07480a1a450","ctime":1759914047.0120041,"parent":null,"children":[],"_term_out":["Traceback (most recent call last):\n  File \"runfile.py\", line 8, in <module>\n    data = pd.read_csv(\"./input/data.csv\")\n           ^^^^^^^^^^^^^^^^^^^^^^^^^^^^^^^\nFileNotFoundError: [Errno 2] No such file or directory: './input/data.csv'\n","Execution time: a moment seconds (time limit is an hour)."],"exec_time":0.2742609977722168,"exc_type":"FileNotFoundError","exc_info":{"args":["2","No such file or directory"]},"exc_stack":[["/Users/ssc/projects/aide/venv/lib/python3.12/site-packages/aide/interpreter.py",147,"_run_session","exec(compile(code, self.agent_file_name, \"exec\"), global_scope)"],["runfile.py",8,"<module>","data = pd.read_csv(\"./input/data.csv\")"],["/Users/ssc/projects/aide/venv/lib/python3.12/site-packages/pandas/io/parsers/readers.py",948,"read_csv","return _read(filepath_or_buffer, kwds)"],["/Users/ssc/projects/aide/venv/lib/python3.12/site-packages/pandas/io/parsers/readers.py",611,"_read","parser = TextFileReader(filepath_or_buffer, **kwds)"],["/Users/ssc/projects/aide/venv/lib/python3.12/site-packages/pandas/io/parsers/readers.py",1448,"__init__","self._engine = self._make_engine(f, self.engine)"],["/Users/ssc/projects/aide/venv/lib/python3.12/site-packages/pandas/io/parsers/readers.py",1705,"_make_engine","self.handles = get_handle("],["/Users/ssc/projects/aide/venv/lib/python3.12/site-packages/pandas/io/common.py",863,"get_handle","handle = open("]],"analysis":"The code execution failed due to a FileNotFoundError when attempting to read the file './input/data.csv'. This indicates that the specified file path does not exist or the file is not accessible in the given directory. To fix this issue, ensure that the correct path to the data file is specified and that the file is present in that directory.","metric":{"value":null,"maximize":null},"is_buggy":true},{"code":"import pandas as pd\nimport numpy as np\nfrom sklearn.model_selection import train_test_split\nfrom sklearn.linear_model import LinearRegression\nfrom sklearn.metrics import mean_squared_log_error\n\n# Load the data\ndata = pd.read_csv(\"./input/countries_gdp_data.csv\")\n\n# Assume the dataset has features and 'gdp' as the target\nfeatures = data.drop(\"gdp\", axis=1)\ntarget = data[\"gdp\"]\n\n# Split the data into training and validation sets\nX_train, X_val, y_train, y_val = train_test_split(\n    features, target, test_size=0.2, random_state=42\n)\n\n# Initialize and train the linear regression model\nmodel = LinearRegression()\nmodel.fit(X_train, y_train)\n\n# Make predictions on the validation set\npredictions = model.predict(X_val)\n\n# Since we cannot take log of negative numbers, ensure predictions are non-negative\npredictions = np.clip(predictions, a_min=0, a_max=None)\n\n# Calculate the root mean squared log error\nrmsle = np.sqrt(mean_squared_log_error(y_val, predictions))\nprint(f\"Root Mean Squared Log Error: {rmsle}\")\n","plan":"The initial implementation failed due to a FileNotFoundError, which suggests that the path to the dataset is incorrect or the file does not exist at that location. To fix the issue, we should first ensure that the file path is correct and the file is available at that path. If the path is correct and the file exists, the script should work as intended. For the proposed fix, I will assume that the file exists and the path is correct. I will also add a condition to handle cases where predictions might be negative (which is not allowed when calculating the mean squared log error) by clipping the predictions to a minimum value of zero.","step":8,"id":"bee0f321b3144b4485d0a4dd7b2c6386","ctime":1759914065.6489332,"parent":null,"children":[],"_term_out":["Traceback (most recent call last):\n  File \"runfile.py\", line 8, in <module>\n    data = pd.read_csv(\"./input/countries_gdp_data.csv\")\n           ^^^^^^^^^^^^^^^^^^^^^^^^^^^^^^^^^^^^^^^^^^^^^\nFileNotFoundError: [Errno 2] No such file or directory: './input/countries_gdp_data.csv'\n","Execution time: a moment seconds (time limit is an hour)."],"exec_time":0.3623077869415283,"exc_type":"FileNotFoundError","exc_info":{"args":["2","No such file or directory"]},"exc_stack":[["/Users/ssc/projects/aide/venv/lib/python3.12/site-packages/aide/interpreter.py",147,"_run_session","exec(compile(code, self.agent_file_name, \"exec\"), global_scope)"],["runfile.py",8,"<module>","data = pd.read_csv(\"./input/countries_gdp_data.csv\")"],["/Users/ssc/projects/aide/venv/lib/python3.12/site-packages/pandas/io/parsers/readers.py",948,"read_csv","return _read(filepath_or_buffer, kwds)"],["/Users/ssc/projects/aide/venv/lib/python3.12/site-packages/pandas/io/parsers/readers.py",611,"_read","parser = TextFileReader(filepath_or_buffer, **kwds)"],["/Users/ssc/projects/aide/venv/lib/python3.12/site-packages/pandas/io/parsers/readers.py",1448,"__init__","self._engine = self._make_engine(f, self.engine)"],["/Users/ssc/projects/aide/venv/lib/python3.12/site-packages/pandas/io/parsers/readers.py",1705,"_make_engine","self.handles = get_handle("],["/Users/ssc/projects/aide/venv/lib/python3.12/site-packages/pandas/io/common.py",863,"get_handle","handle = open("]],"analysis":"The code execution failed due to a FileNotFoundError when attempting to read the dataset from a non-existing path './input/countries_gdp_data.csv'. To fix this error, ensure that the file path is correct and that the file exists in the specified location. Alternatively, the file path needs to be adjusted to point to the correct directory where the dataset is stored.","metric":{"value":null,"maximize":null},"is_buggy":true},{"code":"import pandas as pd\nfrom sklearn.model_selection import train_test_split\nfrom sklearn.linear_model import LinearRegression\nfrom sklearn.metrics import mean_squared_log_error\nimport numpy as np\nimport os\n\n# Check if the dataset exists and load data\ndata_path = \"./input/data.csv\"\nif not os.path.exists(data_path):\n    raise FileNotFoundError(f\"The file {data_path} does not exist.\")\ndata = pd.read_csv(data_path)\n\n# Assume 'GDP' is the target variable and the rest are features\nX = data.drop(\"GDP\", axis=1)\ny = data[\"GDP\"]\n\n# Splitting the dataset into the Training set and Test set\nX_train, X_val, y_train, y_val = train_test_split(X, y, test_size=0.2, random_state=0)\n\n# Fitting Simple Linear Regression to the Training set\nregressor = LinearRegression()\nregressor.fit(X_train, y_train)\n\n# Predicting the Test set results\ny_pred = regressor.predict(X_val)\n\n# Ensure predictions are non-negative (as GDP cannot be negative)\ny_pred = np.maximum(y_pred, 0)\n\n# Calculate RMSLE\nrmsle = np.sqrt(mean_squared_log_error(y_val, y_pred))\nprint(f\"RMSLE: {rmsle}\")\n\n# Load test data, predict using the trained model, and save the predictions\ntest_data_path = \"./input/test.csv\"\nif not os.path.exists(test_data_path):\n    raise FileNotFoundError(f\"The file {test_data_path} does not exist.\")\nX_test = pd.read_csv(test_data_path)\ntest_predictions = regressor.predict(X_test)\n\n# Ensure test predictions are non-negative\ntest_predictions = np.maximum(test_predictions, 0)\n\n# Create a submission file\nsubmission = pd.DataFrame({\"GDP\": test_predictions})\nsubmission.to_csv(\"./working/submission.csv\", index=False)\n","plan":"The previous implementation fails due to a FileNotFoundError, which suggests the dataset might not be located at the specified path or does not exist. To resolve this, we should first ensure the dataset is correctly placed in the specified directory. If it is a path issue, correcting the path in the code should fix the bug. We will also need to ensure that all predictions, including those for the test set, handle potential negative values since the root mean squared log error (RMSLE) cannot compute the logarithm of negative numbers. This can be addressed by ensuring that the model does not predict negative values, or by adjusting predictions to be non-negative before calculating RMSLE.","step":9,"id":"159cb84634f447de9936b1918968ee40","ctime":1759914091.003854,"parent":null,"children":[],"_term_out":["Traceback (most recent call last):\n  File \"runfile.py\", line 11, in <module>\n    raise FileNotFoundError(f\"The file {data_path} does not exist.\")\nFileNotFoundError: The file ./input/data.csv does not exist.\n","Execution time: a moment seconds (time limit is an hour)."],"exec_time":0.3576929569244385,"exc_type":"FileNotFoundError","exc_info":{"args":["The file ./input/data.csv does not exist."]},"exc_stack":[["/Users/ssc/projects/aide/venv/lib/python3.12/site-packages/aide/interpreter.py",147,"_run_session","exec(compile(code, self.agent_file_name, \"exec\"), global_scope)"],["runfile.py",11,"<module>","raise FileNotFoundError(f\"The file {data_path} does not exist.\")"]],"analysis":"The code failed to execute because it could not find the specified data file at './input/data.csv'. To fix this issue, ensure that the data file exists at the specified path or correct the path to where the data file is located. This is essential before proceeding with the data loading and subsequent analysis.","metric":{"value":null,"maximize":null},"is_buggy":true},{"code":"import pandas as pd\nfrom sklearn.model_selection import train_test_split, KFold\nfrom sklearn.linear_model import LinearRegression\nfrom sklearn.metrics import mean_squared_log_error\nimport numpy as np\nimport os\n\n# Define paths\ndata_path = \"./input/data.csv\"\ntest_data_path = \"./input/test.csv\"\n\n# Check if the dataset exists\nif not os.path.exists(data_path):\n    raise FileNotFoundError(f\"The file {data_path} does not exist.\")\nif not os.path.exists(test_data_path):\n    raise FileNotFoundError(f\"The file {test_data_path} does not exist.\")\n\n# Load data\ndata = pd.read_csv(data_path)\nX_test = pd.read_csv(test_data_path)\n\n# Assume 'GDP' is the target variable and the rest are features\nX = data.drop(\"GDP\", axis=1)\ny = data[\"GDP\"]\n\n# Initialize KFold and model\nkf = KFold(n_splits=5, shuffle=True, random_state=0)\nregressor = LinearRegression()\nrmsle_scores = []\n\n# Perform KFold cross-validation\nfor train_index, val_index in kf.split(X):\n    X_train, X_val = X.iloc[train_index], X.iloc[val_index]\n    y_train, y_val = y.iloc[train_index], y.iloc[val_index]\n\n    # Train the model\n    regressor.fit(X_train, y_train)\n\n    # Predict and ensure non-negative predictions\n    y_pred = regressor.predict(X_val)\n    y_pred = np.maximum(y_pred, 0)\n\n    # Compute RMSLE\n    rmsle = np.sqrt(mean_squared_log_error(y_val, y_pred))\n    rmsle_scores.append(rmsle)\n\n# Average RMSLE across all folds\naverage_rmsle = np.mean(rmsle_scores)\nprint(f\"Average RMSLE: {average_rmsle}\")\n\n# Train the model on the full dataset and predict test set\nregressor.fit(X, y)\ntest_predictions = regressor.predict(X_test)\ntest_predictions = np.maximum(test_predictions, 0)  # Ensure non-negative predictions\n\n# Save predictions to submission file\nsubmission = pd.DataFrame({\"GDP\": test_predictions})\nsubmission.to_csv(\"./working/submission.csv\", index=False)\n","plan":"The previous implementation fails due to the dataset not being found at the specified path, which is a basic file handling error. To fix this, we need to ensure the correct path is used and files are present. Beyond this, the calculation of RMSLE should be handled carefully, especially since it can't handle zero or negative values in the actual or predicted data. To address this, we should ensure GDP predictions are strictly positive. Additionally, the implementation should handle the possibility of missing or incomplete data, and ensure that the model is appropriately trained and validated. The revised solution will check for file existence, handle data appropriately, and ensure predictions are non-negative before calculating RMSLE.","step":10,"id":"bb0aae492a93472e89da9e104e24e1f6","ctime":1759914114.973799,"parent":null,"children":[],"_term_out":["Traceback (most recent call last):\n  File \"runfile.py\", line 14, in <module>\n    raise FileNotFoundError(f\"The file {data_path} does not exist.\")\nFileNotFoundError: The file ./input/data.csv does not exist.\n","Execution time: a moment seconds (time limit is an hour)."],"exec_time":0.2738819122314453,"exc_type":"FileNotFoundError","exc_info":{"args":["The file ./input/data.csv does not exist."]},"exc_stack":[["/Users/ssc/projects/aide/venv/lib/python3.12/site-packages/aide/interpreter.py",147,"_run_session","exec(compile(code, self.agent_file_name, \"exec\"), global_scope)"],["runfile.py",14,"<module>","raise FileNotFoundError(f\"The file {data_path} does not exist.\")"]],"analysis":"The script failed to execute because it could not find the specified data file at './input/data.csv'. This is a FileNotFound error indicating that the script could not locate the necessary input data file to proceed with the operations. To fix this, ensure that the data file is correctly placed in the specified directory or update the path in the script to match the actual location of the data file.","metric":{"value":null,"maximize":null},"is_buggy":true},{"code":"import pandas as pd\nimport numpy as np\nfrom sklearn.ensemble import RandomForestRegressor\nfrom sklearn.model_selection import train_test_split\nfrom sklearn.metrics import mean_squared_error\n\n# Load data\ndata = pd.read_csv(\"./input/data.csv\")\n\n# Assuming 'gdp' is the target and the rest are features\nX = data.drop(\"gdp\", axis=1)\ny = data[\"gdp\"]\n\n# Splitting the dataset into training and testing sets\nX_train, X_test, y_train, y_test = train_test_split(\n    X, y, test_size=0.2, random_state=42\n)\n\n# Initialize and train the RandomForestRegressor\nmodel = RandomForestRegressor(n_estimators=100, random_state=42)\nmodel.fit(X_train, y_train)\n\n# Predict on the test set\ny_pred = model.predict(X_test)\n\n# Calculate the RMSLE\nrmsle = np.sqrt(mean_squared_error(np.log1p(y_test), np.log1p(y_pred)))\n\nprint(f\"Root Mean Squared Log Error (RMSLE): {rmsle}\")\n","plan":"For this task, I will use a simple regression model using RandomForestRegressor from the scikit-learn library to predict the GDP of each country. RandomForest is a good starting point because it handles non-linear relationships and does not require feature scaling. I will load the data using pandas, split it into features and target, and then perform a train-test split to evaluate the model's performance. The evaluation metric will be the root mean squared log error (RMSLE), which is suitable for regression tasks involving exponential growth, such as GDP predictions. The RMSLE will be calculated using numpy to compute the logarithm of the predictions and actual values, and sklearn's mean_squared_error to compute the error.","step":11,"id":"f3185130b9254385b07f361f2081d416","ctime":1759914133.7068648,"parent":null,"children":[],"_term_out":["Traceback (most recent call last):\n  File \"runfile.py\", line 8, in <module>\n    data = pd.read_csv(\"./input/data.csv\")\n           ^^^^^^^^^^^^^^^^^^^^^^^^^^^^^^^\nFileNotFoundError: [Errno 2] No such file or directory: './input/data.csv'\n","Execution time: a moment seconds (time limit is an hour)."],"exec_time":0.3244822025299072,"exc_type":"FileNotFoundError","exc_info":{"args":["2","No such file or directory"]},"exc_stack":[["/Users/ssc/projects/aide/venv/lib/python3.12/site-packages/aide/interpreter.py",147,"_run_session","exec(compile(code, self.agent_file_name, \"exec\"), global_scope)"],["runfile.py",8,"<module>","data = pd.read_csv(\"./input/data.csv\")"],["/Users/ssc/projects/aide/venv/lib/python3.12/site-packages/pandas/io/parsers/readers.py",948,"read_csv","return _read(filepath_or_buffer, kwds)"],["/Users/ssc/projects/aide/venv/lib/python3.12/site-packages/pandas/io/parsers/readers.py",611,"_read","parser = TextFileReader(filepath_or_buffer, **kwds)"],["/Users/ssc/projects/aide/venv/lib/python3.12/site-packages/pandas/io/parsers/readers.py",1448,"__init__","self._engine = self._make_engine(f, self.engine)"],["/Users/ssc/projects/aide/venv/lib/python3.12/site-packages/pandas/io/parsers/readers.py",1705,"_make_engine","self.handles = get_handle("],["/Users/ssc/projects/aide/venv/lib/python3.12/site-packages/pandas/io/common.py",863,"get_handle","handle = open("]],"analysis":"The code failed to execute because it could not find the specified file './input/data.csv'. To fix this bug, ensure the file path is correct and that the file exists in the specified location. Alternatively, the file path should be updated to match the actual location of the data file.","metric":{"value":null,"maximize":null},"is_buggy":true},{"code":"import pandas as pd\nimport numpy as np\nfrom xgboost import XGBRegressor\nfrom sklearn.model_selection import train_test_split\nfrom sklearn.metrics import mean_squared_log_error\n\n# Load the dataset\ndata = pd.read_csv(\"./input/train.csv\")\ntest_data = pd.read_csv(\"./input/test.csv\")\n\n# Assuming 'gdp' is the target variable and the first column is an identifier\nX = data.drop([\"gdp\"], axis=1)\ny = data[\"gdp\"]\nX_test = test_data.drop([\"id\"], axis=1)\n\n# Split the data into train and validation sets\nX_train, X_val, y_train, y_val = train_test_split(X, y, test_size=0.2, random_state=42)\n\n# Initialize and train the XGBoost regressor\nmodel = XGBRegressor(\n    objective=\"reg:squaredlogerror\", n_estimators=100, learning_rate=0.1, max_depth=5\n)\nmodel.fit(X_train, y_train)\n\n# Predict on validation set\ny_pred_val = model.predict(X_val)\ny_pred_val = np.maximum(0, y_pred_val)  # Ensure predictions are non-negative\n\n# Calculate RMSLE\nrmsle = np.sqrt(mean_squared_log_error(y_val, y_pred_val))\nprint(f\"Validation RMSLE: {rmsle}\")\n\n# Predict on test set\ny_test_pred = model.predict(X_test)\ny_test_pred = np.maximum(0, y_test_pred)  # Ensure predictions are non-negative\n\n# Save predictions to a CSV file for submission\nsubmission = pd.DataFrame({\"id\": test_data[\"id\"], \"gdp\": y_test_pred})\nsubmission.to_csv(\"./working/submission.csv\", index=False)\n","plan":"The error in the previous implementation is due to the absence of the 'xgboost' module, which is crucial for running the model. To fix this, we need to ensure that 'xgboost' is installed in the Python environment where the script is executed. This can be done using pip install xgboost or by ensuring the environment used has this package pre-installed. The rest of the code appears logically sound for the task of predicting GDP using an XGBoost regressor. The model uses an appropriate objective for the task ('reg:squaredlogerror'), which is suitable given the evaluation metric (RMSLE). The prediction values are also clipped to be non-negative which is necessary since GDP cannot be negative.","step":12,"id":"e2ce496662624ae5a17df1018255dfcf","ctime":1759914153.261211,"parent":null,"children":[],"_term_out":["Traceback (most recent call last):\n  File \"runfile.py\", line 3, in <module>\n    from xgboost import XGBRegressor\nModuleNotFoundError: No module named 'xgboost'\n","Execution time: a moment seconds (time limit is an hour)."],"exec_time":0.0002949237823486328,"exc_type":"ModuleNotFoundError","exc_info":{"args":["No module named 'xgboost'"],"name":"xgboost","msg":"No module named 'xgboost'"},"exc_stack":[["/Users/ssc/projects/aide/venv/lib/python3.12/site-packages/aide/interpreter.py",147,"_run_session","exec(compile(code, self.agent_file_name, \"exec\"), global_scope)"],["runfile.py",3,"<module>","from xgboost import XGBRegressor"]],"analysis":"The code execution failed due to a missing 'xgboost' module. This is a dependency issue where the required Python package is not installed in the environment where the script is being run.","metric":{"value":null,"maximize":null},"is_buggy":true},{"code":"import pandas as pd\nimport numpy as np\nfrom sklearn.model_selection import train_test_split\nfrom sklearn.metrics import mean_squared_log_error\nimport lightgbm as lgb\n\n# Load the data\ndata = pd.read_csv(\"./input/country_gdp_data.csv\")\n\n# Prepare features and target\nX = data.drop([\"gdp\"], axis=1)\ny = data[\"gdp\"]\n\n# Split the data into training and validation sets\nX_train, X_val, y_train, y_val = train_test_split(X, y, test_size=0.2, random_state=42)\n\n# Initialize and train the LightGBM model\nmodel = lgb.LGBMRegressor(random_state=42)\nmodel.fit(X_train, y_train)\n\n# Predict on the validation set\ny_pred = model.predict(X_val)\n\n# Calculate the RMSLE\nrmsle = np.sqrt(mean_squared_log_error(y_val, y_pred))\nprint(f\"Root Mean Squared Log Error (RMSLE): {rmsle}\")\n","plan":"To predict the GDP of each country, I will use a simple regression model leveraging the Gradient Boosting algorithm from the LightGBM framework due to its efficiency and effectiveness with structured data. The dataset will be loaded using pandas, and I assume it includes various socio-economic indicators as features. I'll split the data into a training set and a validation set to evaluate the model's performance using the root mean squared log error (RMSLE) as it is robust against the effects of outliers and skewed data, which is common in economic datasets. The model will be trained on the training set and evaluated on the validation set.","step":13,"id":"b2a9cfd8d56440f39a150093ee2aea53","ctime":1759914176.339277,"parent":null,"children":[],"_term_out":["Traceback (most recent call last):\n  File \"runfile.py\", line 8, in <module>\n    data = pd.read_csv(\"./input/country_gdp_data.csv\")\n           ^^^^^^^^^^^^^^^^^^^^^^^^^^^^^^^^^^^^^^^^^^^\nFileNotFoundError: [Errno 2] No such file or directory: './input/country_gdp_data.csv'\n","Execution time: a moment seconds (time limit is an hour)."],"exec_time":0.2953920364379883,"exc_type":"FileNotFoundError","exc_info":{"args":["2","No such file or directory"]},"exc_stack":[["/Users/ssc/projects/aide/venv/lib/python3.12/site-packages/aide/interpreter.py",147,"_run_session","exec(compile(code, self.agent_file_name, \"exec\"), global_scope)"],["runfile.py",8,"<module>","data = pd.read_csv(\"./input/country_gdp_data.csv\")"],["/Users/ssc/projects/aide/venv/lib/python3.12/site-packages/pandas/io/parsers/readers.py",948,"read_csv","return _read(filepath_or_buffer, kwds)"],["/Users/ssc/projects/aide/venv/lib/python3.12/site-packages/pandas/io/parsers/readers.py",611,"_read","parser = TextFileReader(filepath_or_buffer, **kwds)"],["/Users/ssc/projects/aide/venv/lib/python3.12/site-packages/pandas/io/parsers/readers.py",1448,"__init__","self._engine = self._make_engine(f, self.engine)"],["/Users/ssc/projects/aide/venv/lib/python3.12/site-packages/pandas/io/parsers/readers.py",1705,"_make_engine","self.handles = get_handle("],["/Users/ssc/projects/aide/venv/lib/python3.12/site-packages/pandas/io/common.py",863,"get_handle","handle = open("]],"analysis":"The script failed due to a FileNotFoundError when trying to load the dataset. The file './input/country_gdp_data.csv' could not be found. To fix this, ensure the file path is correct and that the file exists in the specified directory. Alternatively, adjust the file path to match the actual location of the dataset.","metric":{"value":null,"maximize":null},"is_buggy":true},{"code":"import pandas as pd\nfrom sklearn.model_selection import train_test_split\nfrom sklearn.ensemble import RandomForestRegressor\nfrom sklearn.metrics import mean_squared_log_error\nimport numpy as np\n\n# Load the dataset\ndata = pd.read_csv(\"./input/data.csv\")\n\n# Assume 'GDP' is the target variable and the rest are features\nX = data.drop(\"GDP\", axis=1)\ny = data[\"GDP\"]\n\n# Split the data into training and validation sets\nX_train, X_val, y_train, y_val = train_test_split(X, y, test_size=0.2, random_state=42)\n\n# Initialize and train the RandomForestRegressor\nmodel = RandomForestRegressor(n_estimators=100, random_state=42)\nmodel.fit(X_train, y_train)\n\n# Predict on the validation set\ny_pred = model.predict(X_val)\n\n# Calculate the RMSLE\nrmsle = np.sqrt(mean_squared_log_error(y_val, y_pred))\n\n# Print the RMSLE\nprint(\"Root Mean Squared Log Error: \", rmsle)\n\n# Assuming test data is provided and follows the same format\ntest_data = pd.read_csv(\"./input/test.csv\")\nX_test = test_data.drop(\"id\", axis=1)  # Assuming there's an ID column to drop\n\n# Predict on test data\ntest_predictions = model.predict(X_test)\n\n# Create a submission file\nsubmission = pd.DataFrame({\"id\": test_data[\"id\"], \"GDP\": test_predictions})\nsubmission.to_csv(\"./working/submission.csv\", index=False)\n","plan":"For predicting the GDP of each country, I will use a simple RandomForestRegressor model from the scikit-learn library. This approach is chosen due to its robustness and ability to handle various types of data features without extensive preprocessing. I will initially split the data into training and validation sets to evaluate the model's performance. The features will be used as they are, assuming they are numeric and pre-cleaned. The performance of the model will be evaluated using the root mean squared log error (RMSLE), which is appropriate for regression tasks involving exponential growth like GDP predictions. This evaluation will help in tuning the model if needed.","step":14,"id":"3b7f6dd9f8834a57b8f2070d287623b3","ctime":1759914198.924607,"parent":null,"children":[],"_term_out":["Traceback (most recent call last):\n  File \"runfile.py\", line 8, in <module>\n    data = pd.read_csv(\"./input/data.csv\")\n           ^^^^^^^^^^^^^^^^^^^^^^^^^^^^^^^\nFileNotFoundError: [Errno 2] No such file or directory: './input/data.csv'\n","Execution time: a moment seconds (time limit is an hour)."],"exec_time":0.29781198501586914,"exc_type":"FileNotFoundError","exc_info":{"args":["2","No such file or directory"]},"exc_stack":[["/Users/ssc/projects/aide/venv/lib/python3.12/site-packages/aide/interpreter.py",147,"_run_session","exec(compile(code, self.agent_file_name, \"exec\"), global_scope)"],["runfile.py",8,"<module>","data = pd.read_csv(\"./input/data.csv\")"],["/Users/ssc/projects/aide/venv/lib/python3.12/site-packages/pandas/io/parsers/readers.py",948,"read_csv","return _read(filepath_or_buffer, kwds)"],["/Users/ssc/projects/aide/venv/lib/python3.12/site-packages/pandas/io/parsers/readers.py",611,"_read","parser = TextFileReader(filepath_or_buffer, **kwds)"],["/Users/ssc/projects/aide/venv/lib/python3.12/site-packages/pandas/io/parsers/readers.py",1448,"__init__","self._engine = self._make_engine(f, self.engine)"],["/Users/ssc/projects/aide/venv/lib/python3.12/site-packages/pandas/io/parsers/readers.py",1705,"_make_engine","self.handles = get_handle("],["/Users/ssc/projects/aide/venv/lib/python3.12/site-packages/pandas/io/common.py",863,"get_handle","handle = open("]],"analysis":"The script failed to execute because it couldn't find the specified file './input/data.csv'. This is likely due to an incorrect file path or the file not being present at the expected location. To fix this, ensure that the file path is correct and that the file exists in the specified directory.","metric":{"value":null,"maximize":null},"is_buggy":true},{"code":"# Ensure xgboost is installed, uncomment the line below if xgboost is not installed in your environment\n# !pip install xgboost\n\nimport pandas as pd\nimport numpy as np\nfrom xgboost import XGBRegressor\nfrom sklearn.model_selection import train_test_split\nfrom sklearn.metrics import mean_squared_log_error\n\n# Load the data\ntrain_data = pd.read_csv(\"./input/train.csv\")\ntest_data = pd.read_csv(\"./input/test.csv\")\n\n# Preprocessing\n# Filling missing values with the mean for simplicity\ntrain_data.fillna(train_data.mean(), inplace=True)\ntest_data.fillna(train_data.mean(), inplace=True)\n\n# Convert categorical columns to category types and encode them\nfor col in train_data.select_dtypes(include=[\"object\"]).columns:\n    train_data[col] = train_data[col].astype(\"category\")\n    test_data[col] = test_data[col].astype(\"category\")\n    train_data[col] = train_data[col].cat.codes\n    test_data[col] = test_data[col].cat.codes\n\n# Splitting the data\nX = train_data.drop([\"Country\", \"GDP\"], axis=1)\ny = np.log1p(train_data[\"GDP\"])  # Use log1p to avoid issues with log(0)\nX_train, X_val, y_train, y_val = train_test_split(X, y, test_size=0.2, random_state=42)\n\n# Model training\nmodel = XGBRegressor()\nmodel.fit(X_train, y_train)\n\n# Prediction and evaluation\ny_pred = model.predict(X_val)\nrmsle = np.sqrt(\n    mean_squared_log_error(np.expm1(y_val), np.expm1(y_pred))\n)  # Convert back using expm1\nprint(f\"Validation RMSLE: {rmsle}\")\n\n# Prepare submission\ntest_features = test_data.drop([\"Country\"], axis=1)\ntest_predictions = np.expm1(model.predict(test_features))\nsubmission = pd.DataFrame({\"Country\": test_data[\"Country\"], \"GDP\": test_predictions})\nsubmission.to_csv(\"./working/submission.csv\", index=False)\n","plan":"The previous implementation failed due to the absence of the 'xgboost' library. To address this, we need to ensure that 'xgboost' is installed in the environment where the script is running. If the environment permits, we can add an installation command for 'xgboost' using pip at the beginning of the script. Additionally, the code should be checked for logical errors, such as the proper handling of categorical variables and correct application of transformations like log and exponential for the target variable. The bugfix will involve adding the library installation, ensuring all necessary libraries are imported, and then proceeding with data loading, preprocessing, model training, and evaluation as previously intended.","step":15,"id":"c5e6202347ed46b1922e3bb63f4a2bba","ctime":1759914220.23487,"parent":null,"children":[],"_term_out":["Traceback (most recent call last):\n  File \"runfile.py\", line 6, in <module>\n    from xgboost import XGBRegressor\nModuleNotFoundError: No module named 'xgboost'\n","Execution time: a moment seconds (time limit is an hour)."],"exec_time":0.0003330707550048828,"exc_type":"ModuleNotFoundError","exc_info":{"args":["No module named 'xgboost'"],"name":"xgboost","msg":"No module named 'xgboost'"},"exc_stack":[["/Users/ssc/projects/aide/venv/lib/python3.12/site-packages/aide/interpreter.py",147,"_run_session","exec(compile(code, self.agent_file_name, \"exec\"), global_scope)"],["runfile.py",6,"<module>","from xgboost import XGBRegressor"]],"analysis":"The code execution failed due to a missing module error: 'xgboost' is not installed or not found in the environment. To fix this issue, ensure that the 'xgboost' library is installed in the Python environment where the script is being executed. This can typically be done by running `pip install xgboost` before executing the script.","metric":{"value":null,"maximize":null},"is_buggy":true},{"code":"import pandas as pd\nfrom sklearn.ensemble import RandomForestRegressor\nfrom sklearn.metrics import mean_squared_log_error\nfrom sklearn.model_selection import train_test_split\nimport numpy as np\n\n# Attempt to load the data\ntry:\n    data = pd.read_csv(\"./input/country_data.csv\")\nexcept FileNotFoundError:\n    print(\"Data file not found. Please check the file path.\")\n    exit()\n\n# Columns: 'Country', 'Year', 'Population', 'Previous_GDP', 'Industrialization_level', 'GDP'\nfeatures = [\"Population\", \"Previous_GDP\", \"Industrialization_level\"]\ntarget = \"GDP\"\n\n# Splitting the dataset into training and testing\ntrain_data, test_data = train_test_split(data, test_size=0.2, random_state=42)\n\n# Training the Random Forest model\nmodel = RandomForestRegressor(n_estimators=100, random_state=42)\nmodel.fit(train_data[features], np.log1p(train_data[target]))  # Using log1p\n\n# Predicting on the test set\npredictions = model.predict(test_data[features])\npredictions = np.expm1(predictions)  # Inverse of log1p\n\n# Calculating RMSLE\nrmsle = np.sqrt(mean_squared_log_error(test_data[target], predictions))\nprint(f\"Root Mean Squared Log Error (RMSLE): {rmsle}\")\n","plan":"The previous implementation failed due to the absence of the specified data file at the provided path. To fix this issue, it's necessary to ensure that the file `country_data.csv` exists at the correct path or adjust the path in the code accordingly. Additionally, the code should handle potential exceptions related to file reading to provide a more robust solution. For the machine learning model, we will continue using the RandomForestRegressor but will ensure that the data is correctly split, trained, and evaluated. The predictions will be transformed back from the logarithmic scale using `np.expm1` for accurate RMSLE computation.","step":16,"id":"a3fc2e4a67a443fba02aea68c885d3fc","ctime":1759914235.653134,"parent":null,"children":[],"_term_out":["Data file not found. Please check the file path.","\n","Traceback (most recent call last):\n  File \"runfile.py\", line 9, in <module>\n    data = pd.read_csv(\"./input/country_data.csv\")\n           ^^^^^^^^^^^^^^^^^^^^^^^^^^^^^^^^^^^^^^^\nFileNotFoundError: [Errno 2] No such file or directory: './input/country_data.csv'\n\nDuring handling of the above exception, another exception occurred:\n\nTraceback (most recent call last):\n  File \"runfile.py\", line 12, in <module>\n    exit()\n  File \"<frozen _sitebuiltins>\", line 26, in __call__\nSystemExit: None\n","Execution time: a moment seconds (time limit is an hour)."],"exec_time":0.33406901359558105,"exc_type":"SystemExit","exc_info":{"args":["None"]},"exc_stack":[["/Users/ssc/projects/aide/venv/lib/python3.12/site-packages/aide/interpreter.py",147,"_run_session","exec(compile(code, self.agent_file_name, \"exec\"), global_scope)"],["runfile.py",12,"<module>","exit()"],["<frozen _sitebuiltins>",26,"__call__",""]],"analysis":"The code execution failed due to a FileNotFoundError, indicating that the specified data file './input/country_data.csv' could not be found. To fix this issue, ensure that the file path is correct and that the file exists in the specified directory.","metric":{"value":null,"maximize":null},"is_buggy":true},{"code":"import pandas as pd\nimport numpy as np\nfrom xgboost import XGBRegressor\nfrom sklearn.model_selection import train_test_split\nfrom sklearn.metrics import mean_squared_log_error\n\n# Load the dataset\ndata = pd.read_csv(\"./input/gdp_dataset.csv\")\n\n# Assume the dataset has columns 'Country', 'Year', 'Inflation', 'Unemployment', 'Population', 'Previous_GDP', 'GDP'\n# Prepare features and target\nX = data[[\"Inflation\", \"Unemployment\", \"Population\", \"Previous_GDP\"]]\ny = data[\"GDP\"]\n\n# Splitting the data into train and validation sets\nX_train, X_val, y_train, y_val = train_test_split(X, y, test_size=0.2, random_state=42)\n\n# Initialize and train the XGBoost regressor\nmodel = XGBRegressor(n_estimators=100, learning_rate=0.1, max_depth=5, random_state=42)\nmodel.fit(X_train, y_train)\n\n# Predict on the validation set\ny_pred = model.predict(X_val)\n\n# Calculate the RMSLE\nrmsle = np.sqrt(mean_squared_log_error(y_val, y_pred))\nprint(f\"Root Mean Squared Log Error (RMSLE): {rmsle}\")\n","plan":"For predicting GDP of each country, I will use a Gradient Boosting Regressor model due to its robustness and effectiveness in handling various types of data features. The model will be built using XGBoost, which is known for its performance in regression tasks. Features for the model will include economic indicators such as inflation rate, unemployment rate, population, and previous years' GDP values if available. I will split the data into a training set and a validation set to evaluate the model's performance using the root mean squared log error (RMSLE), which is suitable for exponential growth predictions like GDP. The implementation will include data loading, preprocessing, model training, prediction, and evaluation.","step":17,"id":"9f8f025285824ea2aeff49f1719c3822","ctime":1759914252.0675159,"parent":null,"children":[],"_term_out":["Traceback (most recent call last):\n  File \"runfile.py\", line 3, in <module>\n    from xgboost import XGBRegressor\nModuleNotFoundError: No module named 'xgboost'\n","Execution time: a moment seconds (time limit is an hour)."],"exec_time":0.00029587745666503906,"exc_type":"ModuleNotFoundError","exc_info":{"args":["No module named 'xgboost'"],"name":"xgboost","msg":"No module named 'xgboost'"},"exc_stack":[["/Users/ssc/projects/aide/venv/lib/python3.12/site-packages/aide/interpreter.py",147,"_run_session","exec(compile(code, self.agent_file_name, \"exec\"), global_scope)"],["runfile.py",3,"<module>","from xgboost import XGBRegressor"]],"analysis":"The script failed to execute due to a missing 'xgboost' module, which is essential for running the XGBoost regressor. To fix this issue, ensure that the 'xgboost' package is properly installed in the Python environment. This can typically be done using pip install xgboost or conda install xgboost if using Anaconda.","metric":{"value":null,"maximize":null},"is_buggy":true},{"code":"import pandas as pd\nimport numpy as np\nimport lightgbm as lgb\nfrom sklearn.model_selection import train_test_split\nfrom sklearn.metrics import mean_squared_log_error\n\n# Load the data\ntrain_data = pd.read_csv(\"./input/train.csv\")\ntest_data = pd.read_csv(\"./input/test.csv\")\n\n# Separate features and target\nX = train_data.drop([\"gdp\"], axis=1)\ny = np.log1p(\n    train_data[\"gdp\"]\n)  # Use log1p to prevent issues with zero or negative values\n\n# Split the data into train and validation sets\nX_train, X_val, y_train, y_val = train_test_split(X, y, test_size=0.2, random_state=42)\n\n# Prepare the LightGBM dataset\ntrain_set = lgb.Dataset(X_train, label=y_train)\nval_set = lgb.Dataset(X_val, label=y_val)\n\n# Parameters for LightGBM\nparams = {\n    \"objective\": \"regression\",\n    \"metric\": \"rmse\",\n    \"boosting_type\": \"gbdt\",\n    \"verbosity\": -1,\n    \"seed\": 42,\n}\n\n# Train the model\nmodel = lgb.train(\n    params,\n    train_set,\n    valid_sets=[train_set, val_set],\n    num_boost_round=1000,\n    early_stopping_rounds=100,\n    verbose_eval=100,\n)\n\n# Predict on validation set\ny_pred = model.predict(X_val)\n\n# Calculate RMSLE\nrmsle = np.sqrt(mean_squared_log_error(np.expm1(y_val), np.expm1(y_pred)))\nprint(f\"Validation RMSLE: {rmsle}\")\n\n# Predict on test set and create submission file\ntest_predictions = np.expm1(model.predict(test_data))\nsubmission = pd.DataFrame({\"Id\": test_data[\"Id\"], \"gdp\": test_predictions})\nsubmission.to_csv(\"./working/submission.csv\", index=False)\n","plan":"For this task, I will use a simple regression model to predict the GDP of each country. I will employ the LightGBM model, which is efficient and handles a variety of data types well. The dataset will be split into training and validation sets to evaluate the model's performance. The model's hyperparameters will be set to default for this initial approach. The evaluation metric will be the root mean squared log error (RMSLE), which is appropriate as it penalizes underestimates more than overestimates, which is often desirable in economic predictions. The predictions for the test set will be saved in a `submission.csv` file in the `./working` directory.","step":18,"id":"2ffbc7896283482c817453faba2100a1","ctime":1759914271.9019709,"parent":null,"children":[],"_term_out":["Traceback (most recent call last):\n  File \"runfile.py\", line 8, in <module>\n    train_data = pd.read_csv(\"./input/train.csv\")\n                 ^^^^^^^^^^^^^^^^^^^^^^^^^^^^^^^^\nFileNotFoundError: [Errno 2] No such file or directory: './input/train.csv'\n","Execution time: a moment seconds (time limit is an hour)."],"exec_time":0.28211212158203125,"exc_type":"FileNotFoundError","exc_info":{"args":["2","No such file or directory"]},"exc_stack":[["/Users/ssc/projects/aide/venv/lib/python3.12/site-packages/aide/interpreter.py",147,"_run_session","exec(compile(code, self.agent_file_name, \"exec\"), global_scope)"],["runfile.py",8,"<module>","train_data = pd.read_csv(\"./input/train.csv\")"],["/Users/ssc/projects/aide/venv/lib/python3.12/site-packages/pandas/io/parsers/readers.py",948,"read_csv","return _read(filepath_or_buffer, kwds)"],["/Users/ssc/projects/aide/venv/lib/python3.12/site-packages/pandas/io/parsers/readers.py",611,"_read","parser = TextFileReader(filepath_or_buffer, **kwds)"],["/Users/ssc/projects/aide/venv/lib/python3.12/site-packages/pandas/io/parsers/readers.py",1448,"__init__","self._engine = self._make_engine(f, self.engine)"],["/Users/ssc/projects/aide/venv/lib/python3.12/site-packages/pandas/io/parsers/readers.py",1705,"_make_engine","self.handles = get_handle("],["/Users/ssc/projects/aide/venv/lib/python3.12/site-packages/pandas/io/common.py",863,"get_handle","handle = open("]],"analysis":"The script failed to execute due to a FileNotFoundError, as it could not locate the specified train.csv file in the './input/' directory. To fix this issue, ensure that the file path in the script correctly points to the location where the train.csv file is stored. This might involve adjusting the file path or ensuring the file is present in the specified location.","metric":{"value":null,"maximize":null},"is_buggy":true},{"code":"import pandas as pd\nfrom sklearn.ensemble import RandomForestRegressor\nfrom sklearn.model_selection import train_test_split\nfrom sklearn.metrics import mean_squared_log_error\nimport numpy as np\nimport os\n\n# Load the data\ndata = pd.read_csv(\"./input/country_data.csv\")\n\n# Assume the dataset has columns 'GDP' for the target and other features like 'Population', 'GDP_per_capita', etc.\nfeatures = data.drop(\"GDP\", axis=1)\ntarget = data[\"GDP\"]\n\n# Split the data into training and validation sets\nX_train, X_valid, y_train, y_valid = train_test_split(\n    features, target, test_size=0.2, random_state=42\n)\n\n# Initialize and train the Random Forest model\nmodel = RandomForestRegressor(n_estimators=100, random_state=42)\nmodel.fit(X_train, y_train)\n\n# Predict on the validation set\npredictions = model.predict(X_valid)\n\n# Calculate the RMSLE\nrmsle = np.sqrt(mean_squared_log_error(y_valid, predictions))\nprint(f\"Root Mean Squared Log Error (RMSLE): {rmsle}\")\n\n# Assuming there's a test set to predict and create a submission file\nif os.path.exists(\"./input/test.csv\"):\n    test_data = pd.read_csv(\"./input/test.csv\")\n    test_features = test_data.drop(\"Id\", axis=1)\n    test_predictions = model.predict(test_features)\n    submission = pd.DataFrame({\"Id\": test_data[\"Id\"], \"GDP\": test_predictions})\n    submission.to_csv(\"./working/submission.csv\", index=False)\n","plan":"To predict the GDP of each country, I propose using a Random Forest regression model due to its robustness and ability to handle non-linear relationships. This model is straightforward to implement and doesn't require scaling of the input features, which is beneficial for initial experiments. I will use features like population, GDP per capita, and other economic indicators available in the dataset. The model will be trained on a training dataset and validated using a hold-out validation set to estimate the root mean squared log error (RMSLE), which is suitable for handling the exponential nature of GDP values.","step":19,"id":"17fb484d483f4f4f90d5e5d60e50e95c","ctime":1759914292.428215,"parent":null,"children":[],"_term_out":["Traceback (most recent call last):\n  File \"runfile.py\", line 9, in <module>\n    data = pd.read_csv(\"./input/country_data.csv\")\n           ^^^^^^^^^^^^^^^^^^^^^^^^^^^^^^^^^^^^^^^\nFileNotFoundError: [Errno 2] No such file or directory: './input/country_data.csv'\n","Execution time: a moment seconds (time limit is an hour)."],"exec_time":0.29802918434143066,"exc_type":"FileNotFoundError","exc_info":{"args":["2","No such file or directory"]},"exc_stack":[["/Users/ssc/projects/aide/venv/lib/python3.12/site-packages/aide/interpreter.py",147,"_run_session","exec(compile(code, self.agent_file_name, \"exec\"), global_scope)"],["runfile.py",9,"<module>","data = pd.read_csv(\"./input/country_data.csv\")"],["/Users/ssc/projects/aide/venv/lib/python3.12/site-packages/pandas/io/parsers/readers.py",948,"read_csv","return _read(filepath_or_buffer, kwds)"],["/Users/ssc/projects/aide/venv/lib/python3.12/site-packages/pandas/io/parsers/readers.py",611,"_read","parser = TextFileReader(filepath_or_buffer, **kwds)"],["/Users/ssc/projects/aide/venv/lib/python3.12/site-packages/pandas/io/parsers/readers.py",1448,"__init__","self._engine = self._make_engine(f, self.engine)"],["/Users/ssc/projects/aide/venv/lib/python3.12/site-packages/pandas/io/parsers/readers.py",1705,"_make_engine","self.handles = get_handle("],["/Users/ssc/projects/aide/venv/lib/python3.12/site-packages/pandas/io/common.py",863,"get_handle","handle = open("]],"analysis":"The code execution failed due to a FileNotFoundError. The file 'country_data.csv' could not be found at the specified path './input/country_data.csv'. To fix this issue, ensure that the file exists at the correct path, or adjust the path in the code to match the location where the dataset is stored.","metric":{"value":null,"maximize":null},"is_buggy":true}],"node2parent":{"bee0f321b3144b4485d0a4dd7b2c6386":"f880c4c7aa46493083ca2c48638c1d90","159cb84634f447de9936b1918968ee40":"5ff3372eb3ea4984bbe1f27680254c0f","bb0aae492a93472e89da9e104e24e1f6":"159cb84634f447de9936b1918968ee40","e2ce496662624ae5a17df1018255dfcf":"383a2c9c19fe4e3d8d8126a29da352f1","c5e6202347ed46b1922e3bb63f4a2bba":"6ddc29d6a91a4952800871f91c9889ef","a3fc2e4a67a443fba02aea68c885d3fc":"b1ebb1c5aea64f57a647b2d53fe19814"},"__version":"2"}