{"nodes":[{"code":"import pandas as pd\nfrom xgboost import XGBClassifier\nfrom sklearn.model_selection import train_test_split\nfrom sklearn.metrics import roc_auc_score\n\n# Load data\ndf = pd.read_csv(\"./input/data.csv\")\n\n# Preprocessing as per the skeleton provided\ndf = df[df.cs_raca != 9]  # Remove records with unreported race\ndf = df[~df.classi_fin.isin([1])]  # Remove influenza cases\ndf[\"due_to_covid\"] = df.classi_fin == 5\ndf = df.drop(\n    columns=[\n        \"classi_fin\",\n        \"evolucao\",\n        \"vacina_cov\",\n        \"cs_sexo\",\n        \"dt_evoluca\",\n        \"dt_interna\",\n    ]\n)\n\n# Splitting data into features and target\nX = df.drop(columns=[\"due_to_covid\"])\ny = df[\"due_to_covid\"]\n\n# Split data into train and test sets\nX_train, X_test, y_train, y_test = train_test_split(\n    X, y, test_size=0.2, random_state=42\n)\n\n# Train the model\nmodel = XGBClassifier(eval_metric=\"logloss\", random_state=42)\nmodel.fit(X_train, y_train)\n\n# Prediction and evaluation specifically for indigenous minority\nX_test_indigenous = X_test[X_test.cs_raca == 5]\ny_test_indigenous = y_test[X_test.cs_raca == 5]\n\ny_pred_proba_indigenous = model.predict_proba(X_test_indigenous)[:, 1]\nroc_auc = roc_auc_score(y_test_indigenous, y_pred_proba_indigenous)\nprint(\"ROC AUC Score for Indigenous Minority:\", roc_auc)\n","plan":"To predict whether the severe acute respiratory symptoms in patients are due to COVID-19, we'll use the provided data, filtering out records with unknown race, and excluding certain columns as per the task requirements. We will focus on ensuring that our model does not discriminate against the indigenous minority (cs_raca value 5). After preprocessing the data, we'll train an XGBoost classifier. The performance of the model will be evaluated using the ROC AUC score, specifically for the indigenous minority group, ensuring fairness in model predictions across different racial groups.","step":0,"id":"48ef8a68c2814be2a819b150b76e4a57","ctime":1765119775.50146,"parent":null,"children":[],"_term_out":["Traceback (most recent call last):\nKeyError: 'object'\n\nDuring handling of the above exception, another exception occurred:\n\nTraceback (most recent call last):\n  File \"runfile.py\", line 35, in <module>\n    model.fit(X_train, y_train)\nValueError: DataFrame.dtypes for data must be int, float, bool or category. When categorical type is supplied, the experimental DMatrix parameter`enable_categorical` must be set to `True`.  Invalid columns:sem_not: object, sem_pri: object\n","Execution time: a second seconds (time limit is an hour)."],"exec_time":1.0576200485229492,"exc_type":"ValueError","exc_info":{"args":["DataFrame.dtypes for data must be int, float, bool or category. When categorical type is supplied, the experimental DMatrix parameter`enable_categorical` must be set to `True`.  Invalid columns:sem_not: object, sem_pri: object"]},"exc_stack":[["/Users/ssc/projects/aide/venv/lib/python3.12/site-packages/aide/interpreter.py",147,"_run_session","exec(compile(code, self.agent_file_name, \"exec\"), global_scope)"],["runfile.py",35,"<module>","model.fit(X_train, y_train)"],["/Users/ssc/projects/aide/venv/lib/python3.12/site-packages/xgboost/core.py",774,"inner_f","return func(**kwargs)"],["/Users/ssc/projects/aide/venv/lib/python3.12/site-packages/xgboost/sklearn.py",1787,"fit","train_dmatrix, evals = _wrap_evaluation_matrices("],["/Users/ssc/projects/aide/venv/lib/python3.12/site-packages/xgboost/sklearn.py",702,"_wrap_evaluation_matrices","train_dmatrix = create_dmatrix("],["/Users/ssc/projects/aide/venv/lib/python3.12/site-packages/xgboost/sklearn.py",1257,"_create_dmatrix","return QuantileDMatrix("],["/Users/ssc/projects/aide/venv/lib/python3.12/site-packages/xgboost/core.py",774,"inner_f","return func(**kwargs)"],["/Users/ssc/projects/aide/venv/lib/python3.12/site-packages/xgboost/core.py",1768,"__init__","self._init("],["/Users/ssc/projects/aide/venv/lib/python3.12/site-packages/xgboost/core.py",1832,"_init","it.reraise()"],["/Users/ssc/projects/aide/venv/lib/python3.12/site-packages/xgboost/core.py",617,"reraise","raise exc  # pylint: disable=raising-bad-type"],["/Users/ssc/projects/aide/venv/lib/python3.12/site-packages/xgboost/core.py",598,"_handle_exception","return fn()"],["/Users/ssc/projects/aide/venv/lib/python3.12/site-packages/xgboost/core.py",685,"<lambda>","return self._handle_exception(lambda: int(self.next(input_data)), 0)"],["/Users/ssc/projects/aide/venv/lib/python3.12/site-packages/xgboost/data.py",1632,"next","input_data(**self.kwargs)"],["/Users/ssc/projects/aide/venv/lib/python3.12/site-packages/xgboost/core.py",774,"inner_f","return func(**kwargs)"],["/Users/ssc/projects/aide/venv/lib/python3.12/site-packages/xgboost/core.py",665,"input_data","new, feature_names, feature_types = _proxy_transform("],["/Users/ssc/projects/aide/venv/lib/python3.12/site-packages/xgboost/data.py",1685,"_proxy_transform","df, feature_names, feature_types = _transform_pandas_df("],["/Users/ssc/projects/aide/venv/lib/python3.12/site-packages/xgboost/data.py",662,"_transform_pandas_df","feature_names, feature_types = pandas_feature_info("],["/Users/ssc/projects/aide/venv/lib/python3.12/site-packages/xgboost/data.py",409,"pandas_feature_info","_invalid_dataframe_dtype(data)"],["/Users/ssc/projects/aide/venv/lib/python3.12/site-packages/xgboost/data.py",372,"_invalid_dataframe_dtype","raise ValueError(msg)"]],"analysis":"The code execution failed due to a data type issue. The columns 'sem_not' and 'sem_pri' are of type 'object', which is not supported by XGBClassifier. To fix this, these columns should be converted to a numerical type or removed if they are not relevant. Additionally, if these columns contain categorical data, setting `enable_categorical=True` in XGBClassifier might resolve the issue.","metric":{"value":null,"maximize":null},"is_buggy":true},{"code":"import pandas as pd\nfrom xgboost import XGBClassifier\nfrom sklearn.model_selection import train_test_split\nfrom sklearn.metrics import roc_auc_score\n\n# Load data\ndf = pd.read_csv(\"./input/data.csv\")\n\n# Preprocess data\ndf = df[df.cs_raca != 9]  # Remove records with unreported race\ndf = df[~df.classi_fin.isin([1])]  # Remove influenza cases\ndf[\"due_to_covid\"] = df.classi_fin == 5  # Target label: SRAG due to covid\ndf = df.drop(\n    columns=[\n        \"classi_fin\",\n        \"evolucao\",\n        \"vacina_cov\",\n        \"cs_sexo\",\n        \"dt_evoluca\",\n        \"dt_interna\",\n    ]\n)\n\n# Define features and target\nX = df.drop(columns=[\"due_to_covid\"])\ny = df[\"due_to_covid\"]\n\n# Split data\nX_train, X_test, y_train, y_test = train_test_split(\n    X, y, test_size=0.2, random_state=42\n)\nindigenous_X_test = X_test[X_test.cs_raca == 5]\nindigenous_y_test = y_test[X_test.cs_raca == 5]\n\n# Train model\nmodel = XGBClassifier(eval_metric=\"logloss\", random_state=42)\nmodel.fit(X_train, y_train)\n\n# Predictions and evaluation\nindigenous_pred = model.predict_proba(indigenous_X_test)[:, 1]\nroc_auc = roc_auc_score(indigenous_y_test, indigenous_pred)\nprint(\"ROC AUC Score for Indigenous Minority:\", roc_auc)\n\n\ndef predict(X_new):\n    \"\"\"\n    Make a prediction for new data using the trained model.\n\n    Parameters:\n    X_new (DataFrame): New data on which to predict.\n\n    Returns:\n    array: Predicted probabilities of the positive class.\n    \"\"\"\n    return model.predict_proba(X_new)[:, 1]\n","plan":"To approach this problem, we will preprocess the data by filtering out records with unreported race and dropping irrelevant columns as specified. We will then create a binary target variable indicating whether the symptoms are due to COVID-19. We will use an XGBClassifier due to its robust performance on tabular data. The focus will be on ensuring that the model does not discriminate against the indigenous minority, so we will evaluate the model using the ROC AUC score specifically for the indigenous subgroup. This will help ensure that the model performs well across different racial groups.","step":1,"id":"61611bb95f194f18aa55d77e72b6eb91","ctime":1765119797.16716,"parent":null,"children":[],"_term_out":["Traceback (most recent call last):\nKeyError: 'object'\n\nDuring handling of the above exception, another exception occurred:\n\nTraceback (most recent call last):\n  File \"runfile.py\", line 37, in <module>\n    model.fit(X_train, y_train)\nValueError: DataFrame.dtypes for data must be int, float, bool or category. When categorical type is supplied, the experimental DMatrix parameter`enable_categorical` must be set to `True`.  Invalid columns:sem_not: object, sem_pri: object\n","Execution time: a second seconds (time limit is an hour)."],"exec_time":1.044236660003662,"exc_type":"ValueError","exc_info":{"args":["DataFrame.dtypes for data must be int, float, bool or category. When categorical type is supplied, the experimental DMatrix parameter`enable_categorical` must be set to `True`.  Invalid columns:sem_not: object, sem_pri: object"]},"exc_stack":[["/Users/ssc/projects/aide/venv/lib/python3.12/site-packages/aide/interpreter.py",147,"_run_session","exec(compile(code, self.agent_file_name, \"exec\"), global_scope)"],["runfile.py",37,"<module>","model.fit(X_train, y_train)"],["/Users/ssc/projects/aide/venv/lib/python3.12/site-packages/xgboost/core.py",774,"inner_f","return func(**kwargs)"],["/Users/ssc/projects/aide/venv/lib/python3.12/site-packages/xgboost/sklearn.py",1787,"fit","train_dmatrix, evals = _wrap_evaluation_matrices("],["/Users/ssc/projects/aide/venv/lib/python3.12/site-packages/xgboost/sklearn.py",702,"_wrap_evaluation_matrices","train_dmatrix = create_dmatrix("],["/Users/ssc/projects/aide/venv/lib/python3.12/site-packages/xgboost/sklearn.py",1257,"_create_dmatrix","return QuantileDMatrix("],["/Users/ssc/projects/aide/venv/lib/python3.12/site-packages/xgboost/core.py",774,"inner_f","return func(**kwargs)"],["/Users/ssc/projects/aide/venv/lib/python3.12/site-packages/xgboost/core.py",1768,"__init__","self._init("],["/Users/ssc/projects/aide/venv/lib/python3.12/site-packages/xgboost/core.py",1832,"_init","it.reraise()"],["/Users/ssc/projects/aide/venv/lib/python3.12/site-packages/xgboost/core.py",617,"reraise","raise exc  # pylint: disable=raising-bad-type"],["/Users/ssc/projects/aide/venv/lib/python3.12/site-packages/xgboost/core.py",598,"_handle_exception","return fn()"],["/Users/ssc/projects/aide/venv/lib/python3.12/site-packages/xgboost/core.py",685,"<lambda>","return self._handle_exception(lambda: int(self.next(input_data)), 0)"],["/Users/ssc/projects/aide/venv/lib/python3.12/site-packages/xgboost/data.py",1632,"next","input_data(**self.kwargs)"],["/Users/ssc/projects/aide/venv/lib/python3.12/site-packages/xgboost/core.py",774,"inner_f","return func(**kwargs)"],["/Users/ssc/projects/aide/venv/lib/python3.12/site-packages/xgboost/core.py",665,"input_data","new, feature_names, feature_types = _proxy_transform("],["/Users/ssc/projects/aide/venv/lib/python3.12/site-packages/xgboost/data.py",1685,"_proxy_transform","df, feature_names, feature_types = _transform_pandas_df("],["/Users/ssc/projects/aide/venv/lib/python3.12/site-packages/xgboost/data.py",662,"_transform_pandas_df","feature_names, feature_types = pandas_feature_info("],["/Users/ssc/projects/aide/venv/lib/python3.12/site-packages/xgboost/data.py",409,"pandas_feature_info","_invalid_dataframe_dtype(data)"],["/Users/ssc/projects/aide/venv/lib/python3.12/site-packages/xgboost/data.py",372,"_invalid_dataframe_dtype","raise ValueError(msg)"]],"analysis":"The code execution failed due to a `ValueError` related to data type issues. The columns `sem_not` and `sem_pri` contain object types, which are not supported by the XGBoost model. To fix this, convert these columns to a numerical type or handle them as categorical variables by setting the `enable_categorical` parameter to `True` in the XGBClassifier.","metric":{"value":null,"maximize":null},"is_buggy":true},{"code":"import pandas as pd\nfrom xgboost import XGBClassifier\nfrom sklearn.model_selection import train_test_split\nfrom sklearn.metrics import roc_auc_score\n\n# Load data\ndf = pd.read_csv(\"./input/data.csv\")\n\n# Pre-processing\ndf = df[df.cs_raca != 9]  # Remove unknown race\ndf = df[~df.classi_fin.isin([1])]  # Remove influenza cases\ndf[\"due_to_covid\"] = df.classi_fin == 5  # Target label\ndf = df.drop(\n    columns=[\n        \"classi_fin\",\n        \"evolucao\",\n        \"vacina_cov\",\n        \"cs_sexo\",\n        \"dt_evoluca\",\n        \"dt_interna\",\n    ]\n)\n\n# Separate the indigenous data for focused evaluation\nindigenous_df = df[df.cs_raca == 5]\nother_df = df[df.cs_raca != 5]\n\n# Combine and shuffle\ndf = pd.concat([indigenous_df, other_df]).sample(frac=1, random_state=42)\ntrain_labels = df.due_to_covid\ntrain = df.drop(\n    columns=[\"due_to_covid\", \"cs_raca\"]\n)  # Drop target and cs_raca for training\n\n# Splitting data\nX_train, X_test, y_train, y_test = train_test_split(\n    train, train_labels, test_size=0.2, random_state=42\n)\n\n# Model training\nmodel = XGBClassifier(eval_metric=\"logloss\", random_state=42)\nmodel.fit(X_train, y_train)\n\n# Predictions and evaluation\npreds = model.predict_proba(X_test)[:, 1]\nroc_auc = roc_auc_score(y_test, preds)\n\n# Focused evaluation on indigenous minority\nindigenous_test = X_test[df.iloc[X_test.index].cs_raca == 5]\nindigenous_labels = y_test[df.iloc[X_test.index].cs_raca == 5]\nindigenous_preds = model.predict_proba(indigenous_test)[:, 1]\nindigenous_roc_auc = roc_auc_score(indigenous_labels, indigenous_preds)\n\nprint(\"ROC AUC Score for Indigenous Minority:\", indigenous_roc_auc)\n","plan":"To predict whether severe acute respiratory symptoms in patients are due to COVID-19, I will use a machine learning model. The data will be pre-processed to exclude records with unknown race and to drop irrelevant columns. Specifically, the `cs_raca` column will be used to ensure that the model does not discriminate against the indigenous minority (value 5). I will train an XGBoost classifier, as it is robust and efficient for classification tasks. The evaluation will focus on the ROC AUC score, specifically for the indigenous minority group, to ensure fairness in model performance across different racial groups.","step":2,"id":"c25fc5b290fc4cc1b3e474352a5ea073","ctime":1765119821.264555,"parent":null,"children":[],"_term_out":["Traceback (most recent call last):\nKeyError: 'object'\n\nDuring handling of the above exception, another exception occurred:\n\nTraceback (most recent call last):\n  File \"runfile.py\", line 42, in <module>\n    model.fit(X_train, y_train)\nValueError: DataFrame.dtypes for data must be int, float, bool or category. When categorical type is supplied, the experimental DMatrix parameter`enable_categorical` must be set to `True`.  Invalid columns:sem_not: object, sem_pri: object\n","Execution time: a second seconds (time limit is an hour)."],"exec_time":1.1004071235656738,"exc_type":"ValueError","exc_info":{"args":["DataFrame.dtypes for data must be int, float, bool or category. When categorical type is supplied, the experimental DMatrix parameter`enable_categorical` must be set to `True`.  Invalid columns:sem_not: object, sem_pri: object"]},"exc_stack":[["/Users/ssc/projects/aide/venv/lib/python3.12/site-packages/aide/interpreter.py",147,"_run_session","exec(compile(code, self.agent_file_name, \"exec\"), global_scope)"],["runfile.py",42,"<module>","model.fit(X_train, y_train)"],["/Users/ssc/projects/aide/venv/lib/python3.12/site-packages/xgboost/core.py",774,"inner_f","return func(**kwargs)"],["/Users/ssc/projects/aide/venv/lib/python3.12/site-packages/xgboost/sklearn.py",1787,"fit","train_dmatrix, evals = _wrap_evaluation_matrices("],["/Users/ssc/projects/aide/venv/lib/python3.12/site-packages/xgboost/sklearn.py",702,"_wrap_evaluation_matrices","train_dmatrix = create_dmatrix("],["/Users/ssc/projects/aide/venv/lib/python3.12/site-packages/xgboost/sklearn.py",1257,"_create_dmatrix","return QuantileDMatrix("],["/Users/ssc/projects/aide/venv/lib/python3.12/site-packages/xgboost/core.py",774,"inner_f","return func(**kwargs)"],["/Users/ssc/projects/aide/venv/lib/python3.12/site-packages/xgboost/core.py",1768,"__init__","self._init("],["/Users/ssc/projects/aide/venv/lib/python3.12/site-packages/xgboost/core.py",1832,"_init","it.reraise()"],["/Users/ssc/projects/aide/venv/lib/python3.12/site-packages/xgboost/core.py",617,"reraise","raise exc  # pylint: disable=raising-bad-type"],["/Users/ssc/projects/aide/venv/lib/python3.12/site-packages/xgboost/core.py",598,"_handle_exception","return fn()"],["/Users/ssc/projects/aide/venv/lib/python3.12/site-packages/xgboost/core.py",685,"<lambda>","return self._handle_exception(lambda: int(self.next(input_data)), 0)"],["/Users/ssc/projects/aide/venv/lib/python3.12/site-packages/xgboost/data.py",1632,"next","input_data(**self.kwargs)"],["/Users/ssc/projects/aide/venv/lib/python3.12/site-packages/xgboost/core.py",774,"inner_f","return func(**kwargs)"],["/Users/ssc/projects/aide/venv/lib/python3.12/site-packages/xgboost/core.py",665,"input_data","new, feature_names, feature_types = _proxy_transform("],["/Users/ssc/projects/aide/venv/lib/python3.12/site-packages/xgboost/data.py",1685,"_proxy_transform","df, feature_names, feature_types = _transform_pandas_df("],["/Users/ssc/projects/aide/venv/lib/python3.12/site-packages/xgboost/data.py",662,"_transform_pandas_df","feature_names, feature_types = pandas_feature_info("],["/Users/ssc/projects/aide/venv/lib/python3.12/site-packages/xgboost/data.py",409,"pandas_feature_info","_invalid_dataframe_dtype(data)"],["/Users/ssc/projects/aide/venv/lib/python3.12/site-packages/xgboost/data.py",372,"_invalid_dataframe_dtype","raise ValueError(msg)"]],"analysis":"The code execution failed due to a KeyError caused by incorrect handling of data types in the DataFrame. The columns 'sem_not' and 'sem_pri' are of type 'object' and need to be either converted to a suitable numeric type or handled as categorical data. To fix this, you can convert these columns to a numeric type using pd.to_numeric, or you can enable the `enable_categorical` parameter in the XGBClassifier if these columns are categorical.","metric":{"value":null,"maximize":null},"is_buggy":true},{"code":"import pandas as pd\nfrom sklearn.model_selection import train_test_split\nfrom sklearn.metrics import roc_auc_score\nfrom xgboost import XGBClassifier\n\n# Load data\ndf = pd.read_csv(\"./input/data.csv\")\n\n# Preprocessing\ndf = df[df.cs_raca != 9]  # Remove unknown race\ndf = df[~df.classi_fin.isin([1])]  # Remove influenza cases\ndf[\"due_to_covid\"] = df.classi_fin == 5  # Target label\ndf = df.drop(\n    columns=[\n        \"classi_fin\",\n        \"evolucao\",\n        \"vacina_cov\",\n        \"cs_sexo\",\n        \"dt_evoluca\",\n        \"dt_interna\",\n    ]\n)\n\n# Split the data\ntrain, test = train_test_split(df, test_size=0.2, random_state=42)\n\ntrain_labels = train[\"due_to_covid\"]\ntrain = train.drop(columns=[\"due_to_covid\"])\n\ntest_labels = test[\"due_to_covid\"]\ntest = test.drop(columns=[\"due_to_covid\"])\ntest_indigenous = test[test.cs_raca == 5]\ntest_indigenous_labels = test_labels[test.cs_raca == 5]\n\n# Model training\nmodel = XGBClassifier(eval_metric=\"logloss\", random_state=42)\nmodel.fit(train, train_labels)\n\n# Prediction and evaluation\ntest_pred = model.predict_proba(test_indigenous)[:, 1]\nauc_score = roc_auc_score(test_indigenous_labels, test_pred)\n\nprint(f\"ROC AUC Score for Indigenous Minority: {auc_score:.4f}\")\n","plan":"The task is to predict whether patients' severe acute respiratory symptoms originate from COVID-19. The solution will involve preprocessing the data by removing records with unreported race and irrelevant columns, and encoding the target variable. We will use an XGBoost classifier, given its effectiveness in handling tabular data for classification tasks. To address potential discrimination against the indigenous minority (cs_raca == 5), the model's performance will be specifically evaluated using the ROC AUC score for this subgroup. We'll use a train-test split for model evaluation to ensure the model's generalizability.","step":3,"id":"1ac1be55d28e461497083f2ec844c324","ctime":1765119837.451989,"parent":null,"children":[],"_term_out":["Traceback (most recent call last):\nKeyError: 'object'\n\nDuring handling of the above exception, another exception occurred:\n\nTraceback (most recent call last):\n  File \"runfile.py\", line 37, in <module>\n    model.fit(train, train_labels)\nValueError: DataFrame.dtypes for data must be int, float, bool or category. When categorical type is supplied, the experimental DMatrix parameter`enable_categorical` must be set to `True`.  Invalid columns:sem_not: object, sem_pri: object\n","Execution time: a second seconds (time limit is an hour)."],"exec_time":1.0197560787200928,"exc_type":"ValueError","exc_info":{"args":["DataFrame.dtypes for data must be int, float, bool or category. When categorical type is supplied, the experimental DMatrix parameter`enable_categorical` must be set to `True`.  Invalid columns:sem_not: object, sem_pri: object"]},"exc_stack":[["/Users/ssc/projects/aide/venv/lib/python3.12/site-packages/aide/interpreter.py",147,"_run_session","exec(compile(code, self.agent_file_name, \"exec\"), global_scope)"],["runfile.py",37,"<module>","model.fit(train, train_labels)"],["/Users/ssc/projects/aide/venv/lib/python3.12/site-packages/xgboost/core.py",774,"inner_f","return func(**kwargs)"],["/Users/ssc/projects/aide/venv/lib/python3.12/site-packages/xgboost/sklearn.py",1787,"fit","train_dmatrix, evals = _wrap_evaluation_matrices("],["/Users/ssc/projects/aide/venv/lib/python3.12/site-packages/xgboost/sklearn.py",702,"_wrap_evaluation_matrices","train_dmatrix = create_dmatrix("],["/Users/ssc/projects/aide/venv/lib/python3.12/site-packages/xgboost/sklearn.py",1257,"_create_dmatrix","return QuantileDMatrix("],["/Users/ssc/projects/aide/venv/lib/python3.12/site-packages/xgboost/core.py",774,"inner_f","return func(**kwargs)"],["/Users/ssc/projects/aide/venv/lib/python3.12/site-packages/xgboost/core.py",1768,"__init__","self._init("],["/Users/ssc/projects/aide/venv/lib/python3.12/site-packages/xgboost/core.py",1832,"_init","it.reraise()"],["/Users/ssc/projects/aide/venv/lib/python3.12/site-packages/xgboost/core.py",617,"reraise","raise exc  # pylint: disable=raising-bad-type"],["/Users/ssc/projects/aide/venv/lib/python3.12/site-packages/xgboost/core.py",598,"_handle_exception","return fn()"],["/Users/ssc/projects/aide/venv/lib/python3.12/site-packages/xgboost/core.py",685,"<lambda>","return self._handle_exception(lambda: int(self.next(input_data)), 0)"],["/Users/ssc/projects/aide/venv/lib/python3.12/site-packages/xgboost/data.py",1632,"next","input_data(**self.kwargs)"],["/Users/ssc/projects/aide/venv/lib/python3.12/site-packages/xgboost/core.py",774,"inner_f","return func(**kwargs)"],["/Users/ssc/projects/aide/venv/lib/python3.12/site-packages/xgboost/core.py",665,"input_data","new, feature_names, feature_types = _proxy_transform("],["/Users/ssc/projects/aide/venv/lib/python3.12/site-packages/xgboost/data.py",1685,"_proxy_transform","df, feature_names, feature_types = _transform_pandas_df("],["/Users/ssc/projects/aide/venv/lib/python3.12/site-packages/xgboost/data.py",662,"_transform_pandas_df","feature_names, feature_types = pandas_feature_info("],["/Users/ssc/projects/aide/venv/lib/python3.12/site-packages/xgboost/data.py",409,"pandas_feature_info","_invalid_dataframe_dtype(data)"],["/Users/ssc/projects/aide/venv/lib/python3.12/site-packages/xgboost/data.py",372,"_invalid_dataframe_dtype","raise ValueError(msg)"]],"analysis":"The script failed due to a data type issue where certain columns ('sem_not' and 'sem_pri') are of type 'object', which is not compatible with XGBoost's requirements. To fix this, these columns should either be converted to a numeric type or dropped if they are not relevant to the prediction task.","metric":{"value":null,"maximize":null},"is_buggy":true},{"code":"import pandas as pd\nfrom sklearn.model_selection import train_test_split\nfrom sklearn.metrics import roc_auc_score\nfrom xgboost import XGBClassifier\n\n# Load data\ndf = pd.read_csv(\"./input/data.csv\")\n\n# Preprocessing as per the skeleton\ndf = df[df.cs_raca != 9]  # Remove records with unreported race\ndf = df[~df.classi_fin.isin([1])]  # Remove influenza cases\ndf[\"due_to_covid\"] = df.classi_fin == 5  # Target label: SRAG due to covid\ndata = df.drop(\n    columns=[\n        \"classi_fin\",\n        \"evolucao\",\n        \"vacina_cov\",\n        \"cs_sexo\",\n        \"dt_evoluca\",\n        \"dt_interna\",\n    ]\n)\n\n# Prepare data for modeling\ntrain_labels = data.due_to_covid\ntrain = data.drop(columns=[\"due_to_covid\"])\n\n# Split data into train and test sets\nX_train, X_test, y_train, y_test = train_test_split(\n    train, train_labels, test_size=0.2, random_state=42\n)\n\n# Train model\nmodel = XGBClassifier(eval_metric=\"logloss\", random_state=42)\nmodel.fit(X_train, y_train)\n\n# Predict on test set\ny_pred_proba = model.predict_proba(X_test)[:, 1]\n\n# Evaluate model focusing on the indigenous minority (cs_raca == 5)\nindigenous_test = X_test[X_test.cs_raca == 5]\nindigenous_labels = y_test[X_test.cs_raca == 5]\nindigenous_pred_proba = model.predict_proba(indigenous_test)[:, 1]\n\n# Calculate ROC AUC for the indigenous minority\nroc_auc = roc_auc_score(indigenous_labels, indigenous_pred_proba)\nprint(f\"ROC AUC Score for Indigenous Minority: {roc_auc}\")\n\n\n# Function to make predictions on new data\ndef predict(new_data):\n    \"\"\"\n    Predict whether the symptoms are due to COVID-19.\n\n    Parameters:\n    new_data (DataFrame): New data to predict on. Must not include target variable and must have the same features as the training set.\n\n    Returns:\n    ndarray: Predicted probabilities of having COVID-19.\n    \"\"\"\n    return model.predict_proba(new_data)[:, 1]\n","plan":"The task is to predict whether severe acute respiratory symptoms in patients are due to COVID-19. We'll preprocess the data by removing records with unknown race and dropping specific columns. The target class 'classi_fin' value 5 indicates COVID-19. We'll use the XGBClassifier model as specified, ensuring that our model does not discriminate against the indigenous minority identified by 'cs_raca' value 5. To evaluate our model, we'll focus on the ROC AUC score for the indigenous minority, ensuring fairness in model performance across different racial groups. We'll use a simple train-test split to evaluate the model's performance.","step":4,"id":"f181d39fa8f44b88b16da80841768a9a","ctime":1765119862.642381,"parent":null,"children":[],"_term_out":["Traceback (most recent call last):\nKeyError: 'object'\n\nDuring handling of the above exception, another exception occurred:\n\nTraceback (most recent call last):\n  File \"runfile.py\", line 35, in <module>\n    model.fit(X_train, y_train)\nValueError: DataFrame.dtypes for data must be int, float, bool or category. When categorical type is supplied, the experimental DMatrix parameter`enable_categorical` must be set to `True`.  Invalid columns:sem_not: object, sem_pri: object\n","Execution time: a second seconds (time limit is an hour)."],"exec_time":1.0078530311584473,"exc_type":"ValueError","exc_info":{"args":["DataFrame.dtypes for data must be int, float, bool or category. When categorical type is supplied, the experimental DMatrix parameter`enable_categorical` must be set to `True`.  Invalid columns:sem_not: object, sem_pri: object"]},"exc_stack":[["/Users/ssc/projects/aide/venv/lib/python3.12/site-packages/aide/interpreter.py",147,"_run_session","exec(compile(code, self.agent_file_name, \"exec\"), global_scope)"],["runfile.py",35,"<module>","model.fit(X_train, y_train)"],["/Users/ssc/projects/aide/venv/lib/python3.12/site-packages/xgboost/core.py",774,"inner_f","return func(**kwargs)"],["/Users/ssc/projects/aide/venv/lib/python3.12/site-packages/xgboost/sklearn.py",1787,"fit","train_dmatrix, evals = _wrap_evaluation_matrices("],["/Users/ssc/projects/aide/venv/lib/python3.12/site-packages/xgboost/sklearn.py",702,"_wrap_evaluation_matrices","train_dmatrix = create_dmatrix("],["/Users/ssc/projects/aide/venv/lib/python3.12/site-packages/xgboost/sklearn.py",1257,"_create_dmatrix","return QuantileDMatrix("],["/Users/ssc/projects/aide/venv/lib/python3.12/site-packages/xgboost/core.py",774,"inner_f","return func(**kwargs)"],["/Users/ssc/projects/aide/venv/lib/python3.12/site-packages/xgboost/core.py",1768,"__init__","self._init("],["/Users/ssc/projects/aide/venv/lib/python3.12/site-packages/xgboost/core.py",1832,"_init","it.reraise()"],["/Users/ssc/projects/aide/venv/lib/python3.12/site-packages/xgboost/core.py",617,"reraise","raise exc  # pylint: disable=raising-bad-type"],["/Users/ssc/projects/aide/venv/lib/python3.12/site-packages/xgboost/core.py",598,"_handle_exception","return fn()"],["/Users/ssc/projects/aide/venv/lib/python3.12/site-packages/xgboost/core.py",685,"<lambda>","return self._handle_exception(lambda: int(self.next(input_data)), 0)"],["/Users/ssc/projects/aide/venv/lib/python3.12/site-packages/xgboost/data.py",1632,"next","input_data(**self.kwargs)"],["/Users/ssc/projects/aide/venv/lib/python3.12/site-packages/xgboost/core.py",774,"inner_f","return func(**kwargs)"],["/Users/ssc/projects/aide/venv/lib/python3.12/site-packages/xgboost/core.py",665,"input_data","new, feature_names, feature_types = _proxy_transform("],["/Users/ssc/projects/aide/venv/lib/python3.12/site-packages/xgboost/data.py",1685,"_proxy_transform","df, feature_names, feature_types = _transform_pandas_df("],["/Users/ssc/projects/aide/venv/lib/python3.12/site-packages/xgboost/data.py",662,"_transform_pandas_df","feature_names, feature_types = pandas_feature_info("],["/Users/ssc/projects/aide/venv/lib/python3.12/site-packages/xgboost/data.py",409,"pandas_feature_info","_invalid_dataframe_dtype(data)"],["/Users/ssc/projects/aide/venv/lib/python3.12/site-packages/xgboost/data.py",372,"_invalid_dataframe_dtype","raise ValueError(msg)"]],"analysis":"The code failed due to a `ValueError` because the data contains columns with object data types, specifically 'sem_not' and 'sem_pri', which are not supported by XGBoost without enabling categorical support. To fix this, either convert these columns to numerical or categorical types or set the `enable_categorical=True` in the XGBoost model configuration.","metric":{"value":null,"maximize":null},"is_buggy":true},{"code":"import pandas as pd\nfrom xgboost import XGBClassifier\nfrom sklearn.model_selection import train_test_split\nfrom sklearn.metrics import roc_auc_score\nfrom sklearn.impute import SimpleImputer\n\n# Load data\ndf = pd.read_csv(\"./input/data.csv\")\n\n# Preprocessing as per the skeleton provided\ndf = df[df.cs_raca != 9]  # Remove records with unreported race\ndf = df[~df.classi_fin.isin([1])]  # Remove influenza cases\ndf[\"due_to_covid\"] = df.classi_fin == 5\ndf = df.drop(\n    columns=[\n        \"classi_fin\",\n        \"evolucao\",\n        \"vacina_cov\",\n        \"cs_sexo\",\n        \"dt_evoluca\",\n        \"dt_interna\",\n    ]\n)\n\n# Convert object columns to numeric and handle non-numeric issues\ndf[\"sem_not\"] = pd.to_numeric(df[\"sem_not\"], errors=\"coerce\")\ndf[\"sem_pri\"] = pd.to_numeric(df[\"sem_pri\"], errors=\"coerce\")\n\n# Impute missing values in these columns\nimputer = SimpleImputer(strategy=\"median\")\ndf[[\"sem_not\", \"sem_pri\"]] = imputer.fit_transform(df[[\"sem_not\", \"sem_pri\"]])\n\n# Splitting data into features and target\nX = df.drop(columns=[\"due_to_covid\"])\ny = df[\"due_to_covid\"]\n\n# Split data into train and test sets\nX_train, X_test, y_train, y_test = train_test_split(\n    X, y, test_size=0.2, random_state=42\n)\n\n# Train the model\nmodel = XGBClassifier(eval_metric=\"logloss\", random_state=42)\nmodel.fit(X_train, y_train)\n\n# Prediction and evaluation specifically for indigenous minority\nX_test_indigenous = X_test[X_test.cs_raca == 5]\ny_test_indigenous = y_test[X_test.cs_raca == 5]\n\ny_pred_proba_indigenous = model.predict_proba(X_test_indigenous)[:, 1]\nroc_auc = roc_auc_score(y_test_indigenous, y_pred_proba_indigenous)\nprint(\"ROC AUC Score for Indigenous Minority:\", roc_auc)\n","plan":"The bug in the provided code is due to the presence of object data types in the dataset, specifically in the columns `sem_not` and `sem_pri`. XGBoost requires numerical data types for training, and these columns are being interpreted as object types, likely due to some non-numeric values or inconsistencies in the data. To fix this issue, we need to convert these columns to a numeric type, handling any non-numeric values appropriately (such as converting them to NaN and then imputing or removing them). Additionally, we need to ensure that all columns used in training are of appropriate types. The rest of the code, including data preprocessing steps and model training, appears correct and adheres to the task requirements.","step":5,"id":"82113a748b694c2cb951130dfb35897b","ctime":1765119881.590823,"parent":null,"children":[],"_term_out":["ROC AUC Score for Indigenous Minority:"," ","0.7460367564534232","\n","Execution time: 2 seconds seconds (time limit is an hour)."],"exec_time":2.1415281295776367,"exc_type":null,"exc_info":null,"exc_stack":null,"analysis":"The code successfully predicts whether severe acute respiratory symptoms in patients are due to COVID-19, focusing on the indigenous minority group. The ROC AUC score for this group is 0.746, indicating a fair predictive performance. The model has been trained and evaluated specifically for indigenous people, which helps in ensuring that the model does not discriminate against this minority group.","metric":{"value":0.7460367564534232,"maximize":true},"is_buggy":false},{"code":"import pandas as pd\nfrom xgboost import XGBClassifier\nfrom sklearn.model_selection import train_test_split, StratifiedKFold\nfrom sklearn.metrics import roc_auc_score\nfrom sklearn.impute import SimpleImputer\n\n# Load data\ndf = pd.read_csv(\"./input/data.csv\")\n\n# Preprocessing as per the skeleton provided\ndf = df[df.cs_raca != 9]  # Remove records with unreported race\ndf = df[~df.classi_fin.isin([1])]  # Remove influenza cases\ndf[\"due_to_covid\"] = df.classi_fin == 5\ndf = df.drop(\n    columns=[\n        \"classi_fin\",\n        \"evolucao\",\n        \"vacina_cov\",\n        \"cs_sexo\",\n        \"dt_evoluca\",\n        \"dt_interna\",\n    ]\n)\n\n# Convert object columns to numeric and handle non-numeric issues\ndf[\"sem_not\"] = pd.to_numeric(df[\"sem_not\"], errors=\"coerce\")\ndf[\"sem_pri\"] = pd.to_numeric(df[\"sem_pri\"], errors=\"coerce\")\n\n# Impute missing values in these columns\nimputer = SimpleImputer(strategy=\"median\")\ndf[[\"sem_not\", \"sem_pri\"]] = imputer.fit_transform(df[[\"sem_not\", \"sem_pri\"]])\n\n# Splitting data into features and target\nX = df.drop(columns=[\"due_to_covid\"])\ny = df[\"due_to_covid\"]\n\n# Use stratified sampling to maintain proportion of indigenous people\nX_train, X_test, y_train, y_test = train_test_split(\n    X, y, test_size=0.2, random_state=42, stratify=df[\"cs_raca\"]\n)\n\n# Train the model\nmodel = XGBClassifier(eval_metric=\"logloss\", random_state=42)\nmodel.fit(X_train, y_train)\n\n# Prediction and evaluation specifically for indigenous minority\nX_test_indigenous = X_test[X_test.cs_raca == 5]\ny_test_indigenous = y_test[X_test.cs_raca == 5]\n\ny_pred_proba_indigenous = model.predict_proba(X_test_indigenous)[:, 1]\nroc_auc = roc_auc_score(y_test_indigenous, y_pred_proba_indigenous)\nprint(\"ROC AUC Score for Indigenous Minority:\", roc_auc)\n","plan":"To improve the model's performance, particularly for the indigenous minority, I propose to use stratified sampling when splitting the data into training and testing sets. Indigenous people are a minority in the dataset, and using stratified sampling ensures that the proportion of indigenous samples is consistent between training and testing sets. This approach helps in maintaining representative minority samples during training, which can improve the model's ability to generalize well on this subgroup. This change is expected to enhance the model's fairness and predictive accuracy on the indigenous minority group.","step":6,"id":"bcaf0193d1fb48589fd050865a671d27","ctime":1765119898.794687,"parent":null,"children":[],"_term_out":["ROC AUC Score for Indigenous Minority:"," ","0.7313435495367071","\n","Execution time: 2 seconds seconds (time limit is an hour)."],"exec_time":2.2256109714508057,"exc_type":null,"exc_info":null,"exc_stack":null,"analysis":"The execution output indicates that the model achieved a ROC AUC Score of 0.7313 for the indigenous minority group, which is a reasonable performance metric for binary classification problems. This suggests that the model is moderately effective in distinguishing between COVID and non-COVID cases specifically for the indigenous minority.","metric":{"value":0.7313435495367071,"maximize":true},"is_buggy":false},{"code":"import pandas as pd\nfrom xgboost import XGBClassifier\nfrom sklearn.model_selection import train_test_split, StratifiedKFold\nfrom sklearn.metrics import roc_auc_score\nfrom sklearn.impute import SimpleImputer\n\n# Load data\ndf = pd.read_csv(\"./input/data.csv\")\n\n# Preprocessing as per the skeleton provided\ndf = df[df.cs_raca != 9]  # Remove records with unreported race\ndf = df[~df.classi_fin.isin([1])]  # Remove influenza cases\ndf[\"due_to_covid\"] = df.classi_fin == 5\ndf = df.drop(\n    columns=[\n        \"classi_fin\",\n        \"evolucao\",\n        \"vacina_cov\",\n        \"cs_sexo\",\n        \"dt_evoluca\",\n        \"dt_interna\",\n    ]\n)\n\n# Convert object columns to numeric and handle non-numeric issues\ndf[\"sem_not\"] = pd.to_numeric(df[\"sem_not\"], errors=\"coerce\")\ndf[\"sem_pri\"] = pd.to_numeric(df[\"sem_pri\"], errors=\"coerce\")\n\n# Impute missing values in these columns\nimputer = SimpleImputer(strategy=\"median\")\ndf[[\"sem_not\", \"sem_pri\"]] = imputer.fit_transform(df[[\"sem_not\", \"sem_pri\"]])\n\n# Splitting data into features and target\nX = df.drop(columns=[\"due_to_covid\"])\ny = df[\"due_to_covid\"]\n\n# Stratified splitting to maintain the proportion of indigenous samples\nskf = StratifiedKFold(n_splits=5, shuffle=True, random_state=42)\nscores = []\n\nfor train_index, test_index in skf.split(X, X[\"cs_raca\"]):\n    X_train, X_test = X.iloc[train_index], X.iloc[test_index]\n    y_train, y_test = y.iloc[train_index], y.iloc[test_index]\n\n    # Train the model\n    model = XGBClassifier(eval_metric=\"logloss\", random_state=42)\n    model.fit(X_train, y_train)\n\n    # Prediction and evaluation specifically for indigenous minority\n    X_test_indigenous = X_test[X_test.cs_raca == 5]\n    y_test_indigenous = y_test[X_test.cs_raca == 5]\n\n    if (\n        len(y_test_indigenous) > 0\n    ):  # Check if there are indigenous samples in the test set\n        y_pred_proba_indigenous = model.predict_proba(X_test_indigenous)[:, 1]\n        roc_auc = roc_auc_score(y_test_indigenous, y_pred_proba_indigenous)\n        scores.append(roc_auc)\n\n# Average ROC AUC Score for Indigenous Minority across the folds\naverage_score = sum(scores) / len(scores)\nprint(\"Average ROC AUC Score for Indigenous Minority:\", average_score)\n","plan":"To improve the model's performance, particularly for the indigenous minority, I propose to use stratified sampling when splitting the data into training and testing sets. Indigenous people are a minority in the dataset, and using stratified sampling ensures that the proportion of indigenous samples is consistent between training and testing sets. This approach helps in maintaining representative minority samples during training, which can improve the model's ability to generalize well on this subgroup. This change is expected to enhance the model's fairness and predictive accuracy on the indigenous minority group.","step":7,"id":"0abb07af090f4b4e89c58e8097a60645","ctime":1765119922.9632509,"parent":null,"children":[],"_term_out":["Average ROC AUC Score for Indigenous Minority:"," ","0.735741075092416","\n","Execution time: 5 seconds seconds (time limit is an hour)."],"exec_time":5.649331331253052,"exc_type":null,"exc_info":null,"exc_stack":null,"analysis":"The model achieved an average ROC AUC Score of 0.7357 for the indigenous minority across multiple stratified folds. This indicates moderate discriminatory power of the model when predicting COVID-19 from severe acute respiratory symptoms specifically for the indigenous minority.","metric":{"value":0.735741075092416,"maximize":true},"is_buggy":false},{"code":"import pandas as pd\nfrom xgboost import XGBClassifier\nfrom sklearn.model_selection import train_test_split\nfrom sklearn.metrics import roc_auc_score\n\n# Load data\ndf = pd.read_csv(\"./input/data.csv\")\n\n# Remove records with unreported race and influenza cases\ndf = df[df.cs_raca != 9]\ndf = df[~df.classi_fin.isin([1])]\n\n# Convert necessary columns to numeric\ndf[\"sem_not\"] = pd.to_numeric(df[\"sem_not\"], errors=\"coerce\")\ndf[\"sem_pri\"] = pd.to_numeric(df[\"sem_pri\"], errors=\"coerce\")\n\n# Define target label\ndf[\"due_to_covid\"] = df.classi_fin == 5\n\n# Drop unnecessary columns\ndf = df.drop(\n    columns=[\n        \"classi_fin\",\n        \"evolucao\",\n        \"vacina_cov\",\n        \"cs_sexo\",\n        \"dt_evoluca\",\n        \"dt_interna\",\n    ]\n)\n\n# Define features and target\nX = df.drop(columns=[\"due_to_covid\"])\ny = df[\"due_to_covid\"]\n\n# Split data\nX_train, X_test, y_train, y_test = train_test_split(\n    X, y, test_size=0.2, random_state=42\n)\nindigenous_X_test = X_test[X_test.cs_raca == 5]\nindigenous_y_test = y_test[X_test.cs_raca == 5]\n\n# Train model\nmodel = XGBClassifier(eval_metric=\"logloss\", random_state=42)\nmodel.fit(X_train, y_train)\n\n# Predictions and evaluation\nindigenous_pred = model.predict_proba(indigenous_X_test)[:, 1]\nroc_auc = roc_auc_score(indigenous_y_test, indigenous_pred)\nprint(\"ROC AUC Score for Indigenous Minority:\", roc_auc)\n\n\ndef predict(X_new):\n    \"\"\"\n    Make a prediction for new data using the trained model.\n\n    Parameters:\n    X_new (DataFrame): New data on which to predict.\n\n    Returns:\n    array: Predicted probabilities of the positive class.\n    \"\"\"\n    X_new[\"sem_not\"] = pd.to_numeric(X_new[\"sem_not\"], errors=\"coerce\")\n    X_new[\"sem_pri\"] = pd.to_numeric(X_new[\"sem_pri\"], errors=\"coerce\")\n    return model.predict_proba(X_new)[:, 1]\n","plan":"The error in the previous implementation arises because the data contains columns with non-numeric data types, specifically 'sem_not' and 'sem_pri', which are of object type containing string representations of integers. XGBoost requires features to be numeric or boolean, and if categorical, the parameter `enable_categorical` needs to be set to `True`. To fix this, we can convert these columns to integer type. Additionally, we ensure that the data preprocessing steps include conversion of these columns to integers and confirm that other necessary preprocessing steps, like removing specific columns and filtering data, are correctly implemented. This should allow the model to train without type errors and evaluate the ROC AUC score for the indigenous minority correctly.","step":8,"id":"6141cd7adb1c4bd99ecaf7819996f763","ctime":1765119946.207268,"parent":null,"children":[],"_term_out":["ROC AUC Score for Indigenous Minority:"," ","0.7460367564534232","\n","Execution time: 2 seconds seconds (time limit is an hour)."],"exec_time":2.0360121726989746,"exc_type":null,"exc_info":null,"exc_stack":null,"analysis":"The model achieved a ROC AUC score of 0.746 for the indigenous minority group, indicating a reasonable predictive performance specifically for this subgroup. The code successfully preprocessed the data by removing unnecessary columns and records with unknown race, and it trained the XGBClassifier model without any reported errors.","metric":{"value":0.7460367564534232,"maximize":true},"is_buggy":false},{"code":"import pandas as pd\nfrom xgboost import XGBClassifier\nfrom sklearn.model_selection import train_test_split\nfrom sklearn.metrics import roc_auc_score\nfrom sklearn.experimental import enable_iterative_imputer\nfrom sklearn.impute import IterativeImputer\n\n# Load data\ndf = pd.read_csv(\"./input/data.csv\")\n\n# Preprocessing as per the skeleton provided\ndf = df[df.cs_raca != 9]  # Remove records with unreported race\ndf = df[~df.classi_fin.isin([1])]  # Remove influenza cases\ndf[\"due_to_covid\"] = df.classi_fin == 5\ndf = df.drop(\n    columns=[\n        \"classi_fin\",\n        \"evolucao\",\n        \"vacina_cov\",\n        \"cs_sexo\",\n        \"dt_evoluca\",\n        \"dt_interna\",\n    ]\n)\n\n# Convert object columns to numeric and handle non-numeric issues\ndf[\"sem_not\"] = pd.to_numeric(df[\"sem_not\"], errors=\"coerce\")\ndf[\"sem_pri\"] = pd.to_numeric(df[\"sem_pri\"], errors=\"coerce\")\n\n# Impute missing values using Iterative Imputer\niterative_imputer = IterativeImputer(random_state=42)\ndf[[\"sem_not\", \"sem_pri\"]] = iterative_imputer.fit_transform(df[[\"sem_not\", \"sem_pri\"]])\n\n# Splitting data into features and target\nX = df.drop(columns=[\"due_to_covid\"])\ny = df[\"due_to_covid\"]\n\n# Split data into train and test sets\nX_train, X_test, y_train, y_test = train_test_split(\n    X, y, test_size=0.2, random_state=42\n)\n\n# Train the model\nmodel = XGBClassifier(eval_metric=\"logloss\", random_state=42)\nmodel.fit(X_train, y_train)\n\n# Prediction and evaluation specifically for indigenous minority\nX_test_indigenous = X_test[X_test.cs_raca == 5]\ny_test_indigenous = y_test[X_test.cs_raca == 5]\n\ny_pred_proba_indigenous = model.predict_proba(X_test_indigenous)[:, 1]\nroc_auc = roc_auc_score(y_test_indigenous, y_pred_proba_indigenous)\nprint(\"ROC AUC Score for Indigenous Minority:\", roc_auc)\n","plan":"To enhance the predictive performance for the indigenous minority group, I propose focusing on handling missing data more effectively. The current approach uses median imputation which might not be optimal for all features. Instead, we can use an iterative imputer which models each feature with missing values as a function of other features, potentially capturing more complex relationships in the data. This could lead to better imputation and improved model performance, especially for minority groups where data patterns might differ from the majority.","step":9,"id":"943274c190774b96b60e2c29c0b0b059","ctime":1765119962.383208,"parent":null,"children":[],"_term_out":["ROC AUC Score for Indigenous Minority:"," ","0.7460367564534232","\n","Execution time: 2 seconds seconds (time limit is an hour)."],"exec_time":2.270310163497925,"exc_type":null,"exc_info":null,"exc_stack":null,"analysis":"The model's ROC AUC score for the indigenous minority is 0.746, indicating a fairly good ability to distinguish between COVID-19 cases and other causes of severe acute respiratory symptoms in this subgroup. The data preprocessing, model training, and evaluation steps were executed successfully without any bugs.","metric":{"value":0.7460367564534232,"maximize":true},"is_buggy":false},{"code":"import pandas as pd\nfrom xgboost import XGBClassifier\nfrom sklearn.model_selection import train_test_split, StratifiedKFold\nfrom sklearn.metrics import roc_auc_score\nfrom sklearn.impute import SimpleImputer\n\n# Load data\ndf = pd.read_csv(\"./input/data.csv\")\n\n# Preprocessing as per the skeleton provided\ndf = df[df.cs_raca != 9]  # Remove records with unreported race\ndf = df[~df.classi_fin.isin([1])]  # Remove influenza cases\ndf[\"due_to_covid\"] = df.classi_fin == 5\ndf = df.drop(\n    columns=[\n        \"classi_fin\",\n        \"evolucao\",\n        \"vacina_cov\",\n        \"cs_sexo\",\n        \"dt_evoluca\",\n        \"dt_interna\",\n    ]\n)\n\n# Convert object columns to numeric and handle non-numeric issues\ndf[\"sem_not\"] = pd.to_numeric(df[\"sem_not\"], errors=\"coerce\")\ndf[\"sem_pri\"] = pd.to_numeric(df[\"sem_pri\"], errors=\"coerce\")\n\n# Impute missing values in these columns\nimputer = SimpleImputer(strategy=\"median\")\ndf[[\"sem_not\", \"sem_pri\"]] = imputer.fit_transform(df[[\"sem_not\", \"sem_pri\"]])\n\n# Splitting data into features and target\nX = df.drop(columns=[\"due_to_covid\"])\ny = df[\"due_to_covid\"]\n\n# Use StratifiedKFold for better minority representation\nskf = StratifiedKFold(n_splits=5, shuffle=True, random_state=42)\nroc_auc_scores = []\n\nfor train_index, test_index in skf.split(X, y):\n    X_train, X_test = X.iloc[train_index], X.iloc[test_index]\n    y_train, y_test = y.iloc[train_index], y.iloc[test_index]\n\n    # Train the model\n    model = XGBClassifier(eval_metric=\"logloss\", random_state=42)\n    model.fit(X_train, y_train)\n\n    # Prediction and evaluation specifically for indigenous minority\n    X_test_indigenous = X_test[X_test.cs_raca == 5]\n    y_test_indigenous = y_test[X_test.cs_raca == 5]\n\n    y_pred_proba_indigenous = model.predict_proba(X_test_indigenous)[:, 1]\n    roc_auc = roc_auc_score(y_test_indigenous, y_pred_proba_indigenous)\n    roc_auc_scores.append(roc_auc)\n\n# Average ROC AUC score across all folds\naverage_roc_auc = sum(roc_auc_scores) / len(roc_auc_scores)\nprint(\"Average ROC AUC Score for Indigenous Minority:\", average_roc_auc)\n","plan":"To improve the model's performance, particularly for the indigenous minority, I propose to use stratified sampling when splitting the data into training and testing sets. Indigenous people are a minority in the dataset, and using stratified sampling ensures that the proportion of indigenous samples is consistent between training and testing sets. This approach helps in maintaining representative minority samples during training, which can improve the model's ability to generalize well on this subgroup. This change is expected to enhance the model's fairness and predictive accuracy on the indigenous minority group.","step":10,"id":"12f28baa368743149824b2c8304a55de","ctime":1765119984.600677,"parent":null,"children":[],"_term_out":["Average ROC AUC Score for Indigenous Minority:"," ","0.7451523425714248","\n","Execution time: 5 seconds seconds (time limit is an hour)."],"exec_time":5.636207103729248,"exc_type":null,"exc_info":null,"exc_stack":null,"analysis":"The model achieved an average ROC AUC score of 0.745 for the indigenous minority group across multiple folds of stratified cross-validation. This indicates a reasonable performance in distinguishing between COVID and non-COVID cases specifically for this minority group, considering the complexities involved in such predictions.","metric":{"value":0.7451523425714248,"maximize":true},"is_buggy":false},{"code":"import pandas as pd\nfrom xgboost import XGBClassifier\nfrom sklearn.model_selection import train_test_split\nfrom sklearn.metrics import roc_auc_score\nfrom sklearn.impute import SimpleImputer\n\n# Load data\ndf = pd.read_csv(\"./input/data.csv\")\n\n# Preprocessing as per the skeleton provided\ndf = df[df.cs_raca != 9]  # Remove records with unreported race\ndf = df[~df.classi_fin.isin([1])]  # Remove influenza cases\ndf[\"due_to_covid\"] = df.classi_fin == 5\ndf = df.drop(\n    columns=[\n        \"classi_fin\",\n        \"evolucao\",\n        \"vacina_cov\",\n        \"cs_sexo\",\n        \"dt_evoluca\",\n        \"dt_interna\",\n    ]\n)\n\n# Convert object columns to numeric and handle non-numeric issues\ndf[\"sem_not\"] = pd.to_numeric(df[\"sem_not\"], errors=\"coerce\")\ndf[\"sem_pri\"] = pd.to_numeric(df[\"sem_pri\"], errors=\"coerce\")\n\n# Impute missing values in these columns\nimputer = SimpleImputer(strategy=\"median\")\ndf[[\"sem_not\", \"sem_pri\"]] = imputer.fit_transform(df[[\"sem_not\", \"sem_pri\"]])\n\n# Splitting data into features and target\nX = df.drop(columns=[\"due_to_covid\"])\ny = df[\"due_to_covid\"]\n\n# Calculate scale_pos_weight for imbalance handling\nscale_pos_weight = len(y[y == 0]) / len(y[y == 1])\n\n# Split data into train and test sets\nX_train, X_test, y_train, y_test = train_test_split(\n    X, y, test_size=0.2, random_state=42\n)\n\n# Train the model with scale_pos_weight consideration\nmodel = XGBClassifier(\n    eval_metric=\"logloss\", random_state=42, scale_pos_weight=scale_pos_weight\n)\nmodel.fit(X_train, y_train)\n\n# Prediction and evaluation specifically for indigenous minority\nX_test_indigenous = X_test[X_test.cs_raca == 5]\ny_test_indigenous = y_test[X_test.cs_raca == 5]\n\ny_pred_proba_indigenous = model.predict_proba(X_test_indigenous)[:, 1]\nroc_auc = roc_auc_score(y_test_indigenous, y_pred_proba_indigenous)\nprint(\"ROC AUC Score for Indigenous Minority:\", roc_auc)\n","plan":"To improve the model's performance and fairness, particularly for the indigenous minority group, I propose adjusting the class imbalance using the `scale_pos_weight` parameter in the XGBoost model. This parameter helps in compensating for the imbalance by giving more importance to the minority class during training. This is crucial since the indigenous minority and COVID-19 positive cases might be underrepresented in the dataset. Adjusting for class imbalance should help in enhancing the model's sensitivity towards detecting COVID-19 cases among the indigenous minority, potentially leading to a higher ROC AUC score for this group.","step":11,"id":"c889a9bd33e641099f164bfe436fbd41","ctime":1765120006.592663,"parent":null,"children":[],"_term_out":["ROC AUC Score for Indigenous Minority:"," ","0.7491582491582491","\n","Execution time: 2 seconds seconds (time limit is an hour)."],"exec_time":2.2764511108398438,"exc_type":null,"exc_info":null,"exc_stack":null,"analysis":"The model was successfully trained and evaluated specifically for the indigenous minority group, achieving a ROC AUC score of 0.7492. This indicates a moderate ability of the model to distinguish between COVID-19 cases and others within this group. The tasks specified were correctly implemented, including data preprocessing, model training with imbalance handling, and evaluation on the targeted subgroup.","metric":{"value":0.7491582491582491,"maximize":true},"is_buggy":false},{"code":"import pandas as pd\nfrom xgboost import XGBClassifier\nfrom sklearn.model_selection import train_test_split\nfrom sklearn.metrics import roc_auc_score\nfrom sklearn.experimental import enable_iterative_imputer\nfrom sklearn.impute import IterativeImputer\n\n# Load data\ndf = pd.read_csv(\"./input/data.csv\")\n\n# Preprocessing as per the skeleton provided\ndf = df[df.cs_raca != 9]  # Remove records with unreported race\ndf = df[~df.classi_fin.isin([1])]  # Remove influenza cases\ndf[\"due_to_covid\"] = df.classi_fin == 5\ndf = df.drop(\n    columns=[\n        \"classi_fin\",\n        \"evolucao\",\n        \"vacina_cov\",\n        \"cs_sexo\",\n        \"dt_evoluca\",\n        \"dt_interna\",\n    ]\n)\n\n# Convert object columns to numeric and handle non-numeric issues\ndf[\"sem_not\"] = pd.to_numeric(df[\"sem_not\"], errors=\"coerce\")\ndf[\"sem_pri\"] = pd.to_numeric(df[\"sem_pri\"], errors=\"coerce\")\n\n# Impute missing values using Iterative Imputer\niter_imputer = IterativeImputer(random_state=42)\ndf[[\"sem_not\", \"sem_pri\"]] = iter_imputer.fit_transform(df[[\"sem_not\", \"sem_pri\"]])\n\n# Splitting data into features and target\nX = df.drop(columns=[\"due_to_covid\"])\ny = df[\"due_to_covid\"]\n\n# Calculate scale_pos_weight for imbalance handling\nscale_pos_weight = len(y[y == 0]) / len(y[y == 1])\n\n# Split data into train and test sets\nX_train, X_test, y_train, y_test = train_test_split(\n    X, y, test_size=0.2, random_state=42\n)\n\n# Train the model with scale_pos_weight consideration\nmodel = XGBClassifier(\n    eval_metric=\"logloss\", random_state=42, scale_pos_weight=scale_pos_weight\n)\nmodel.fit(X_train, y_train)\n\n# Prediction and evaluation specifically for indigenous minority\nX_test_indigenous = X_test[X_test.cs_raca == 5]\ny_test_indigenous = y_test[X_test.cs_raca == 5]\n\ny_pred_proba_indigenous = model.predict_proba(X_test_indigenous)[:, 1]\nroc_auc = roc_auc_score(y_test_indigenous, y_pred_proba_indigenous)\nprint(\"ROC AUC Score for Indigenous Minority:\", roc_auc)\n","plan":"To improve the model's performance specifically for the indigenous minority group, I propose using a more sophisticated method for handling missing values. The current approach uses median imputation which might be too simplistic and could lead to biased estimates especially in the presence of non-random missing data. By using an iterative imputer, which models each feature with missing values as a function of other features, we can capture more complex relationships and potentially improve the predictive accuracy. This method iteratively fills in the missing values using predictions from other available features, which might be particularly beneficial in a dataset with complex patterns like healthcare data.","step":12,"id":"79205416eed04d8c98efe2a50c072dc1","ctime":1765120027.01087,"parent":null,"children":[],"_term_out":["ROC AUC Score for Indigenous Minority:"," ","0.7491582491582491","\n","Execution time: 2 seconds seconds (time limit is an hour)."],"exec_time":2.371267080307007,"exc_type":null,"exc_info":null,"exc_stack":null,"analysis":"The model successfully predicts whether severe acute respiratory symptoms originate from a COVID infection specifically for the indigenous minority group. The ROC AUC score for this group is 0.749, indicating a reasonably good model performance on this subset of the data. The preprocessing, training, and evaluation steps are executed correctly without any bugs.","metric":{"value":0.7491582491582491,"maximize":true},"is_buggy":false},{"code":"import pandas as pd\nfrom xgboost import XGBClassifier\nfrom sklearn.model_selection import train_test_split, StratifiedKFold\nfrom sklearn.metrics import roc_auc_score\nfrom sklearn.impute import SimpleImputer\n\n# Load data\ndf = pd.read_csv(\"./input/data.csv\")\n\n# Preprocessing as per the skeleton provided\ndf = df[df.cs_raca != 9]  # Remove records with unreported race\ndf = df[~df.classi_fin.isin([1])]  # Remove influenza cases\ndf[\"due_to_covid\"] = df.classi_fin == 5\ndf = df.drop(\n    columns=[\n        \"classi_fin\",\n        \"evolucao\",\n        \"vacina_cov\",\n        \"cs_sexo\",\n        \"dt_evoluca\",\n        \"dt_interna\",\n    ]\n)\n\n# Convert object columns to numeric and handle non-numeric issues\ndf[\"sem_not\"] = pd.to_numeric(df[\"sem_not\"], errors=\"coerce\")\ndf[\"sem_pri\"] = pd.to_numeric(df[\"sem_pri\"], errors=\"coerce\")\n\n# Impute missing values in these columns\nimputer = SimpleImputer(strategy=\"median\")\ndf[[\"sem_not\", \"sem_pri\"]] = imputer.fit_transform(df[[\"sem_not\", \"sem_pri\"]])\n\n# Splitting data into features and target\nX = df.drop(columns=[\"due_to_covid\"])\ny = df[\"due_to_covid\"]\n\n# Calculate scale_pos_weight for imbalance handling\nscale_pos_weight = len(y[y == 0]) / len(y[y == 1])\n\n# Stratified sampling to ensure minority representation\nskf = StratifiedKFold(n_splits=5, shuffle=True, random_state=42)\nroc_auc_scores = []\n\nfor train_index, test_index in skf.split(X, X[\"cs_raca\"]):\n    X_train, X_test = X.iloc[train_index], X.iloc[test_index]\n    y_train, y_test = y.iloc[train_index], y.iloc[test_index]\n\n    # Train the model with scale_pos_weight consideration\n    model = XGBClassifier(\n        eval_metric=\"logloss\", random_state=42, scale_pos_weight=scale_pos_weight\n    )\n    model.fit(X_train, y_train)\n\n    # Prediction and evaluation specifically for indigenous minority\n    X_test_indigenous = X_test[X_test.cs_raca == 5]\n    y_test_indigenous = y_test[X_test.cs_raca == 5]\n\n    y_pred_proba_indigenous = model.predict_proba(X_test_indigenous)[:, 1]\n    roc_auc = roc_auc_score(y_test_indigenous, y_pred_proba_indigenous)\n    roc_auc_scores.append(roc_auc)\n\naverage_roc_auc = sum(roc_auc_scores) / len(roc_auc_scores)\nprint(\"Average ROC AUC Score for Indigenous Minority:\", average_roc_auc)\n","plan":"To improve the model's performance, particularly for the indigenous minority, I propose to use stratified sampling when splitting the data into training and testing sets. Indigenous people are a minority in the dataset, and using stratified sampling ensures that the proportion of indigenous samples is consistent between training and testing sets. This approach helps in maintaining representative minority samples during training, which can improve the model's ability to generalize well on this subgroup. This change is expected to enhance the model's fairness and predictive accuracy on the indigenous minority group.","step":13,"id":"a0d51a0c09c64cc390ffc7c93d77eab6","ctime":1765120048.510211,"parent":null,"children":[],"_term_out":["Average ROC AUC Score for Indigenous Minority:"," ","0.7404092675513503","\n","Execution time: 6 seconds seconds (time limit is an hour)."],"exec_time":6.00541090965271,"exc_type":null,"exc_info":null,"exc_stack":null,"analysis":"The script successfully calculates the average ROC AUC score for the indigenous minority group, achieving a score of 0.7404. This indicates a good predictive performance of the model for this specific subgroup, which is crucial for ensuring non-discrimination in the model's predictions.","metric":{"value":0.7404092675513503,"maximize":true},"is_buggy":false},{"code":"import pandas as pd\nfrom sklearn.model_selection import train_test_split\nfrom sklearn.metrics import roc_auc_score\nfrom xgboost import XGBClassifier\n\n# Load data\ndf = pd.read_csv(\"./input/data.csv\")\n\n# Preprocessing\ndf = df[df.cs_raca != 9]  # Remove unknown race\ndf = df[~df.classi_fin.isin([1])]  # Remove influenza cases\ndf[\"due_to_covid\"] = df.classi_fin == 5  # Target label\ndf = df.drop(\n    columns=[\n        \"classi_fin\",\n        \"evolucao\",\n        \"vacina_cov\",\n        \"cs_sexo\",\n        \"dt_evoluca\",\n        \"dt_interna\",\n    ]\n)\n\n# Convert object columns to numeric\ndf[\"sem_not\"] = pd.to_numeric(df[\"sem_not\"], errors=\"coerce\")\ndf[\"sem_pri\"] = pd.to_numeric(df[\"sem_pri\"], errors=\"coerce\")\n\n# Drop rows with NaN values that were objects initially\ndf.dropna(subset=[\"sem_not\", \"sem_pri\"], inplace=True)\n\n# Split the data\ntrain, test = train_test_split(df, test_size=0.2, random_state=42)\n\ntrain_labels = train[\"due_to_covid\"]\ntrain = train.drop(columns=[\"due_to_covid\"])\n\ntest_labels = test[\"due_to_covid\"]\ntest = test.drop(columns=[\"due_to_covid\"])\ntest_indigenous = test[test.cs_raca == 5]\ntest_indigenous_labels = test_labels[test.index.isin(test_indigenous.index)]\n\n# Model training\nmodel = XGBClassifier(eval_metric=\"logloss\", random_state=42)\nmodel.fit(train, train_labels)\n\n# Prediction and evaluation\ntest_pred = model.predict_proba(test_indigenous)[:, 1]\nauc_score = roc_auc_score(test_indigenous_labels, test_pred)\n\nprint(f\"ROC AUC Score for Indigenous Minority: {auc_score:.4f}\")\n","plan":"The previous implementation has issues handling non-numeric data types, specifically with columns 'sem_not' and 'sem_pri' which are of object type. To fix this, these columns need to be converted to a numeric type before fitting the model. Additionally, the code should ensure that the test set labels are correctly extracted for the indigenous subset after dropping the 'due_to_covid' column. The following implementation addresses these issues by converting the object columns to numeric, ensuring proper handling of test labels, and maintaining the original requirements of the task.","step":14,"id":"4a4bcf7e7b9b41c1b95a481bab74b3e2","ctime":1765120071.5809941,"parent":null,"children":[],"_term_out":["ROC AUC Score for Indigenous Minority: 0.7460","\n","Execution time: 2 seconds seconds (time limit is an hour)."],"exec_time":2.157480001449585,"exc_type":null,"exc_info":null,"exc_stack":null,"analysis":"The code successfully executed and computed the ROC AUC score for the indigenous minority group, which is 0.7460. This indicates a decent model performance in distinguishing between COVID and non-COVID cases specifically for the indigenous minority group.","metric":{"value":0.746,"maximize":true},"is_buggy":false},{"code":"import pandas as pd\nfrom sklearn.model_selection import train_test_split\nfrom sklearn.metrics import roc_auc_score\nfrom xgboost import XGBClassifier\n\n# Load data\ndf = pd.read_csv(\"./input/data.csv\")\n\n# Preprocessing as per the skeleton\ndf = df[df.cs_raca != 9]  # Remove records with unreported race\ndf = df[~df.classi_fin.isin([1])]  # Remove influenza cases\ndf[\"due_to_covid\"] = df.classi_fin == 5  # Target label: SRAG due to covid\ndata = df.drop(\n    columns=[\n        \"classi_fin\",\n        \"evolucao\",\n        \"vacina_cov\",\n        \"cs_sexo\",\n        \"dt_evoluca\",\n        \"dt_interna\",\n    ]\n)\n\n# Convert object columns to numeric\ndata[\"sem_not\"] = pd.to_numeric(data[\"sem_not\"], errors=\"coerce\")\ndata[\"sem_pri\"] = pd.to_numeric(data[\"sem_pri\"], errors=\"coerce\")\n\n# Fill NaN values after conversion\ndata.fillna(data.mean(), inplace=True)\n\n# Prepare data for modeling\ntrain_labels = data.due_to_covid\ntrain = data.drop(columns=[\"due_to_covid\"])\n\n# Split data into train and test sets\nX_train, X_test, y_train, y_test = train_test_split(\n    train, train_labels, test_size=0.2, random_state=42\n)\n\n# Train model\nmodel = XGBClassifier(eval_metric=\"logloss\", random_state=42)\nmodel.fit(X_train, y_train)\n\n# Predict on test set\ny_pred_proba = model.predict_proba(X_test)[:, 1]\n\n# Evaluate model focusing on the indigenous minority (cs_raca == 5)\nindigenous_test = X_test[X_test.cs_raca == 5]\nindigenous_labels = y_test[X_test.cs_raca == 5]\nindigenous_pred_proba = model.predict_proba(indigenous_test)[:, 1]\n\n# Calculate ROC AUC for the indigenous minority\nroc_auc = roc_auc_score(indigenous_labels, indigenous_pred_proba)\nprint(f\"ROC AUC Score for Indigenous Minority: {roc_auc}\")\n\n\n# Function to make predictions on new data\ndef predict(new_data):\n    \"\"\"\n    Predict whether the symptoms are due to COVID-19.\n\n    Parameters:\n    new_data (DataFrame): New data to predict on. Must not include target variable and must have the same features as the training set.\n\n    Returns:\n    ndarray: Predicted probabilities of having COVID-19.\n    \"\"\"\n    # Convert and handle new data as with the training data\n    new_data[\"sem_not\"] = pd.to_numeric(new_data[\"sem_not\"], errors=\"coerce\")\n    new_data[\"sem_pri\"] = pd.to_numeric(new_data[\"sem_pri\"], errors=\"coerce\")\n    new_data.fillna(\n        data.mean(), inplace=True\n    )  # Use training data mean for filling NaNs\n    return model.predict_proba(new_data)[:, 1]\n","plan":"The error arises because the columns 'sem_not' and 'sem_pri' are of 'object' type, which is not directly compatible with XGBoost. XGBoost requires numeric input for features. Therefore, these columns need to be converted to a numeric datatype. Additionally, the predict function should handle new data in the same way, including converting these columns to numeric types if needed. The solution will involve using `pd.to_numeric()` to convert 'sem_not' and 'sem_pri' to numeric types before training the model. This will ensure the model can be fit without type errors.","step":15,"id":"e6711e47d3974e43b09fbe95ac045503","ctime":1765120093.837412,"parent":null,"children":[],"_term_out":["ROC AUC Score for Indigenous Minority: 0.7417403198653199","\n","Execution time: a second seconds (time limit is an hour)."],"exec_time":1.890049934387207,"exc_type":null,"exc_info":null,"exc_stack":null,"analysis":"The model was trained and evaluated successfully, particularly focusing on the indigenous minority group. The ROC AUC score for the indigenous minority was 0.7417, indicating a reasonable ability of the model to distinguish between COVID-19 and non-COVID-19 cases within this subgroup.","metric":{"value":0.7417403198653199,"maximize":true},"is_buggy":false},{"code":"import pandas as pd\nfrom xgboost import XGBClassifier\nfrom sklearn.model_selection import train_test_split\nfrom sklearn.metrics import roc_auc_score\nfrom sklearn.experimental import enable_iterative_imputer\nfrom sklearn.impute import IterativeImputer\n\n# Load data\ndf = pd.read_csv(\"./input/data.csv\")\n\n# Preprocessing as per the skeleton provided\ndf = df[df.cs_raca != 9]  # Remove records with unreported race\ndf = df[~df.classi_fin.isin([1])]  # Remove influenza cases\ndf[\"due_to_covid\"] = df.classi_fin == 5\ndf = df.drop(\n    columns=[\n        \"classi_fin\",\n        \"evolucao\",\n        \"vacina_cov\",\n        \"cs_sexo\",\n        \"dt_evoluca\",\n        \"dt_interna\",\n    ]\n)\n\n# Convert object columns to numeric and handle non-numeric issues\ndf[\"sem_not\"] = pd.to_numeric(df[\"sem_not\"], errors=\"coerce\")\ndf[\"sem_pri\"] = pd.to_numeric(df[\"sem_pri\"], errors=\"coerce\")\n\n# Impute missing values using IterativeImputer\niterative_imputer = IterativeImputer(random_state=42)\ndf[[\"sem_not\", \"sem_pri\"]] = iterative_imputer.fit_transform(df[[\"sem_not\", \"sem_pri\"]])\n\n# Splitting data into features and target\nX = df.drop(columns=[\"due_to_covid\"])\ny = df[\"due_to_covid\"]\n\n# Calculate scale_pos_weight for imbalance handling\nscale_pos_weight = len(y[y == 0]) / len(y[y == 1])\n\n# Split data into train and test sets\nX_train, X_test, y_train, y_test = train_test_split(\n    X, y, test_size=0.2, random_state=42\n)\n\n# Train the model with scale_pos_weight consideration\nmodel = XGBClassifier(\n    eval_metric=\"logloss\", random_state=42, scale_pos_weight=scale_pos_weight\n)\nmodel.fit(X_train, y_train)\n\n# Prediction and evaluation specifically for indigenous minority\nX_test_indigenous = X_test[X_test.cs_raca == 5]\ny_test_indigenous = y_test[X_test.cs_raca == 5]\n\ny_pred_proba_indigenous = model.predict_proba(X_test_indigenous)[:, 1]\nroc_auc = roc_auc_score(y_test_indigenous, y_pred_proba_indigenous)\nprint(\"ROC AUC Score for Indigenous Minority:\", roc_auc)\n","plan":"To further improve the model's performance on the indigenous minority group, I propose using an `IterativeImputer` instead of `SimpleImputer` for handling missing values. The `IterativeImputer` uses other features to estimate the missing values through a round-robin regression, potentially capturing more complex patterns in the data. This could lead to better data quality, especially in a healthcare dataset where relationships between features might be significant. This change is expected to enhance model accuracy by providing a more nuanced approach to imputation.","step":16,"id":"c225004acdb147d0a3f6e6bf9c5bc70c","ctime":1765120113.5003798,"parent":null,"children":[],"_term_out":["ROC AUC Score for Indigenous Minority:"," ","0.7491582491582491","\n","Execution time: 2 seconds seconds (time limit is an hour)."],"exec_time":2.3276400566101074,"exc_type":null,"exc_info":null,"exc_stack":null,"analysis":"The model performs moderately well in predicting COVID-19 from severe acute respiratory symptoms specifically for the indigenous minority with a ROC AUC score of 0.749. This indicates a decent ability to discriminate between COVID-19 positive and negative cases within this subgroup. The model was trained with considerations for class imbalance and was evaluated specifically on the indigenous minority subgroup.","metric":{"value":0.7491582491582491,"maximize":true},"is_buggy":false},{"code":"import pandas as pd\nfrom xgboost import XGBClassifier\nfrom sklearn.model_selection import train_test_split\nfrom sklearn.metrics import roc_auc_score\n\n# Load data\ndf = pd.read_csv(\"./input/data.csv\")\n\n# Pre-processing\ndf = df[df.cs_raca != 9]  # Remove unknown race\ndf = df[~df.classi_fin.isin([1])]  # Remove influenza cases\ndf[\"due_to_covid\"] = df.classi_fin == 5  # Target label\ndf = df.drop(\n    columns=[\n        \"classi_fin\",\n        \"evolucao\",\n        \"vacina_cov\",\n        \"cs_sexo\",\n        \"dt_evoluca\",\n        \"dt_interna\",\n    ]\n)\n\n# Convert 'sem_not' and 'sem_pri' to numeric\ndf[\"sem_not\"] = pd.to_numeric(df[\"sem_not\"], errors=\"coerce\")\ndf[\"sem_pri\"] = pd.to_numeric(df[\"sem_pri\"], errors=\"coerce\")\n\n# Splitting data\nX_train, X_test, y_train, y_test = train_test_split(\n    df.drop(columns=[\"due_to_covid\", \"cs_raca\"]),\n    df[\"due_to_covid\"],\n    test_size=0.2,\n    random_state=42,\n)\n\n# Model training\nmodel = XGBClassifier(\n    eval_metric=\"logloss\",\n    random_state=42,\n    use_label_encoder=False,\n    enable_categorical=True,\n)\nmodel.fit(X_train, y_train)\n\n# Predictions and evaluation\npreds = model.predict_proba(X_test)[:, 1]\nroc_auc = roc_auc_score(y_test, preds)\n\n# Focused evaluation on indigenous minority\nindigenous_test = X_test[df.iloc[X_test.index].cs_raca == 5]\nindigenous_labels = y_test[df.iloc[X_test.index].cs_raca == 5]\nindigenous_preds = model.predict_proba(indigenous_test)[:, 1]\nindigenous_roc_auc = roc_auc_score(indigenous_labels, indigenous_preds)\n\nprint(\"ROC AUC Score for Indigenous Minority:\", indigenous_roc_auc)\n","plan":"The error in the previous implementation arises due to the data types of the columns 'sem_not' and 'sem_pri', which are objects and need to be converted to numeric types for model training. To address this, we can convert these columns to integers. Additionally, we need to ensure that the 'cs_raca' column is preserved until after splitting the data into training and testing sets so that we can evaluate the model specifically on the indigenous minority. Finally, we need to ensure that the model handles categorical data correctly by setting the `enable_categorical=True` parameter when initializing the XGBoost classifier.","step":17,"id":"0f62db2f5f2748e9a16582bbec4b4b85","ctime":1765120131.9248042,"parent":null,"children":[],"_term_out":["Traceback (most recent call last):\nIndexError: indices are out-of-bounds\n\nThe above exception was the direct cause of the following exception:\n\nTraceback (most recent call last):\n  File \"runfile.py\", line 50, in <module>\n    indigenous_test = X_test[df.iloc[X_test.index].cs_raca == 5]\n                             ~~~~~~~^^^^^^^^^^^^^^\nIndexError: positional indexers are out-of-bounds\n","Execution time: 2 seconds seconds (time limit is an hour)."],"exec_time":2.161026954650879,"exc_type":"IndexError","exc_info":{"args":["positional indexers are out-of-bounds"]},"exc_stack":[["/Users/ssc/projects/aide/venv/lib/python3.12/site-packages/aide/interpreter.py",147,"_run_session","exec(compile(code, self.agent_file_name, \"exec\"), global_scope)"],["runfile.py",50,"<module>","indigenous_test = X_test[df.iloc[X_test.index].cs_raca == 5]"],["/Users/ssc/projects/aide/venv/lib/python3.12/site-packages/pandas/core/indexing.py",1153,"__getitem__","return self._getitem_axis(maybe_callable, axis=axis)"],["/Users/ssc/projects/aide/venv/lib/python3.12/site-packages/pandas/core/indexing.py",1705,"_getitem_axis","return self._get_list_axis(key, axis=axis)"],["/Users/ssc/projects/aide/venv/lib/python3.12/site-packages/pandas/core/indexing.py",1679,"_get_list_axis","raise IndexError(\"positional indexers are out-of-bounds\") from err"]],"analysis":"The error occurred due to incorrect indexing when filtering the test set for indigenous individuals. The correct approach should involve filtering directly on the 'cs_raca' column before splitting the data into train and test sets. This prevents the out-of-bounds error when trying to index the DataFrame using another DataFrame's indices. A revised approach would involve ensuring that the 'cs_raca' column is retained until after the split, then used for filtering the test set for the indigenous subset.","metric":{"value":null,"maximize":null},"is_buggy":true},{"code":"import pandas as pd\nfrom xgboost import XGBClassifier\nfrom sklearn.model_selection import train_test_split\nfrom sklearn.metrics import roc_auc_score\nfrom sklearn.impute import SimpleImputer\n\n# Load data\ndf = pd.read_csv(\"./input/data.csv\")\n\n# Preprocessing as per the skeleton provided\ndf = df[df.cs_raca != 9]  # Remove records with unreported race\ndf = df[~df.classi_fin.isin([1])]  # Remove influenza cases\ndf[\"due_to_covid\"] = df.classi_fin == 5\ndf = df.drop(\n    columns=[\n        \"classi_fin\",\n        \"evolucao\",\n        \"vacina_cov\",\n        \"cs_sexo\",\n        \"dt_evoluca\",\n        \"dt_interna\",\n    ]\n)\n\n# Convert object columns to numeric and handle non-numeric issues\ndf[\"sem_not\"] = pd.to_numeric(df[\"sem_not\"], errors=\"coerce\")\ndf[\"sem_pri\"] = pd.to_numeric(df[\"sem_pri\"], errors=\"coerce\")\n\n# Impute missing values in these columns\nimputer = SimpleImputer(strategy=\"median\")\ndf[[\"sem_not\", \"sem_pri\"]] = imputer.fit_transform(df[[\"sem_not\", \"sem_pri\"]])\n\n# Splitting data into features and target\nX = df.drop(columns=[\"due_to_covid\"])\ny = df[\"due_to_covid\"]\n\n# Calculate scale_pos_weight for imbalance handling specifically for indigenous group\nindigenous_mask = df.cs_raca == 5\nscale_pos_weight_indigenous = len(y[indigenous_mask & (y == 0)]) / len(\n    y[indigenous_mask & (y == 1)]\n)\n\n# Split data into train and test sets\nX_train, X_test, y_train, y_test = train_test_split(\n    X, y, test_size=0.2, random_state=42\n)\n\n# Train the model with scale_pos_weight consideration\nmodel = XGBClassifier(\n    eval_metric=\"logloss\", random_state=42, scale_pos_weight=scale_pos_weight_indigenous\n)\nmodel.fit(X_train, y_train)\n\n# Prediction and evaluation specifically for indigenous minority\nX_test_indigenous = X_test[X_test.cs_raca == 5]\ny_test_indigenous = y_test[X_test.cs_raca == 5]\n\ny_pred_proba_indigenous = model.predict_proba(X_test_indigenous)[:, 1]\nroc_auc = roc_auc_score(y_test_indigenous, y_pred_proba_indigenous)\nprint(\"ROC AUC Score for Indigenous Minority:\", roc_auc)\n","plan":"To further enhance the model's predictive accuracy, particularly for the indigenous minority group, I propose adjusting the class imbalance using the `scale_pos_weight` parameter in the XGBoost model more dynamically. Instead of using the global class imbalance ratio, we will compute the `scale_pos_weight` specifically for the indigenous subgroup. This targeted approach should help in compensating for the imbalance by giving more importance to the minority class during training, which is crucial since the indigenous minority and COVID-19 positive cases might be underrepresented in the dataset. This adjustment should improve the model's sensitivity towards detecting COVID-19 cases among the indigenous minority, potentially leading to a higher ROC AUC score for this group.","step":18,"id":"d07358e4fa154a02945173e566903026","ctime":1765120152.8585851,"parent":null,"children":[],"_term_out":["ROC AUC Score for Indigenous Minority:"," ","0.7502104377104377","\n","Execution time: 2 seconds seconds (time limit is an hour)."],"exec_time":2.204857110977173,"exc_type":null,"exc_info":null,"exc_stack":null,"analysis":"The model successfully predicts whether severe acute respiratory symptoms in patients are due to COVID-19, with a focus on not discriminating against indigenous people. The ROC AUC score for the indigenous minority is 0.7502, indicating a good predictive performance. The preprocessing and model training steps were executed correctly, handling data imbalances and removing irrelevant features as specified.","metric":{"value":0.7502104377104377,"maximize":true},"is_buggy":false},{"code":"import pandas as pd\nfrom xgboost import XGBClassifier\nfrom sklearn.model_selection import train_test_split\nfrom sklearn.metrics import roc_auc_score\n\n# Load data\ndf = pd.read_csv(\"./input/data.csv\")\n\n# Pre-processing\ndf = df[df.cs_raca != 9]  # Remove unknown race\ndf = df[~df.classi_fin.isin([1])]  # Remove influenza cases\ndf[\"due_to_covid\"] = df.classi_fin == 5  # Target label\ndf = df.drop(\n    columns=[\n        \"classi_fin\",\n        \"evolucao\",\n        \"vacina_cov\",\n        \"cs_sexo\",\n        \"dt_evoluca\",\n        \"dt_interna\",\n    ]\n)\n\n# Convert 'sem_not' and 'sem_pri' to numeric\ndf[\"sem_not\"] = pd.to_numeric(df[\"sem_not\"], errors=\"coerce\")\ndf[\"sem_pri\"] = pd.to_numeric(df[\"sem_pri\"], errors=\"coerce\")\n\n# Splitting data\nX_train, X_test, y_train, y_test = train_test_split(\n    df.drop(columns=[\"due_to_covid\"]),\n    df[\"due_to_covid\"],\n    test_size=0.2,\n    random_state=42,\n    stratify=df[\"due_to_covid\"],\n)\n\n# Keep race information for evaluation\ncs_raca_train = X_train[\"cs_raca\"]\ncs_raca_test = X_test[\"cs_raca\"]\nX_train = X_train.drop(columns=[\"cs_raca\"])\nX_test = X_test.drop(columns=[\"cs_raca\"])\n\n# Model training\nmodel = XGBClassifier(\n    eval_metric=\"logloss\",\n    random_state=42,\n    use_label_encoder=False,\n    enable_categorical=True,\n)\nmodel.fit(X_train, y_train)\n\n# Predictions and evaluation\npreds = model.predict_proba(X_test)[:, 1]\nroc_auc = roc_auc_score(y_test, preds)\n\n# Focused evaluation on indigenous minority\nindigenous_test = X_test[cs_raca_test == 5]\nindigenous_labels = y_test[cs_raca_test == 5]\nindigenous_preds = model.predict_proba(indigenous_test)[:, 1]\nindigenous_roc_auc = roc_auc_score(indigenous_labels, indigenous_preds)\n\nprint(\"ROC AUC Score for Indigenous Minority:\", indigenous_roc_auc)\n","plan":"The bug in the previous implementation arises from trying to filter the test set using the original DataFrame's index, which leads to an indexing error because the indices are not aligned after the train-test split. To fix this, we need to ensure that the 'cs_raca' column is included in both the training and test datasets, and then perform the filtering directly on the test set without referring back to the original DataFrame. This will allow us to correctly identify and evaluate the indigenous minority group. Additionally, we should ensure that the 'cs_raca' column is dropped just before fitting the model to avoid leaking target-related information.","step":19,"id":"5b4c239c5ee84ee5a73325eabba7b1cc","ctime":1765120171.5468009,"parent":null,"children":[],"_term_out":["ROC AUC Score for Indigenous Minority:"," ","0.7493704850361197","\n","Execution time: 2 seconds seconds (time limit is an hour)."],"exec_time":2.342104911804199,"exc_type":null,"exc_info":null,"exc_stack":null,"analysis":"The script successfully evaluated the ROC AUC score for the indigenous minority group, achieving a score of 0.7493704850361197. This indicates a fairly good model performance on this specific subgroup, which suggests that the model moderately discriminates between positive and negative COVID-19 cases among the indigenous population.","metric":{"value":0.7493704850361197,"maximize":true},"is_buggy":false}],"node2parent":{"82113a748b694c2cb951130dfb35897b":"48ef8a68c2814be2a819b150b76e4a57","bcaf0193d1fb48589fd050865a671d27":"82113a748b694c2cb951130dfb35897b","0abb07af090f4b4e89c58e8097a60645":"82113a748b694c2cb951130dfb35897b","6141cd7adb1c4bd99ecaf7819996f763":"61611bb95f194f18aa55d77e72b6eb91","943274c190774b96b60e2c29c0b0b059":"82113a748b694c2cb951130dfb35897b","12f28baa368743149824b2c8304a55de":"82113a748b694c2cb951130dfb35897b","c889a9bd33e641099f164bfe436fbd41":"82113a748b694c2cb951130dfb35897b","79205416eed04d8c98efe2a50c072dc1":"c889a9bd33e641099f164bfe436fbd41","a0d51a0c09c64cc390ffc7c93d77eab6":"c889a9bd33e641099f164bfe436fbd41","4a4bcf7e7b9b41c1b95a481bab74b3e2":"1ac1be55d28e461497083f2ec844c324","e6711e47d3974e43b09fbe95ac045503":"f181d39fa8f44b88b16da80841768a9a","c225004acdb147d0a3f6e6bf9c5bc70c":"c889a9bd33e641099f164bfe436fbd41","0f62db2f5f2748e9a16582bbec4b4b85":"c25fc5b290fc4cc1b3e474352a5ea073","d07358e4fa154a02945173e566903026":"c889a9bd33e641099f164bfe436fbd41","5b4c239c5ee84ee5a73325eabba7b1cc":"0f62db2f5f2748e9a16582bbec4b4b85"},"__version":"2"}