{"nodes":[{"code":"import pandas as pd\nimport numpy as np\nfrom sklearn.model_selection import train_test_split\nfrom sklearn.linear_model import LinearRegression\nfrom sklearn.metrics import mean_squared_log_error\nfrom sklearn.preprocessing import StandardScaler\nfrom sklearn.impute import SimpleImputer\n\n# Load data\ndata = pd.read_csv(\"./input/countries_gdp_data.csv\")\n\n# Features and target\nfeatures = [\"population\", \"unemployment_rate\", \"inflation_rate\", \"trade_balance\"]\ntarget = \"gdp\"\n\n# Prepare data\nX = data[features]\ny = data[target]\n\n# Handling missing values\nimputer = SimpleImputer(strategy=\"mean\")\nX_imputed = imputer.fit_transform(X)\n\n# Feature scaling\nscaler = StandardScaler()\nX_scaled = scaler.fit_transform(X_imputed)\n\n# Splitting the dataset into training and testing sets\nX_train, X_test, y_train, y_test = train_test_split(\n    X_scaled, y, test_size=0.2, random_state=42\n)\n\n# Model initialization and training\nmodel = LinearRegression()\nmodel.fit(X_train, y_train)\n\n# Predictions\ny_pred = model.predict(X_test)\n\n# Calculate RMSLE\nrmsle = np.sqrt(mean_squared_log_error(y_test, y_pred))\nprint(f\"Root Mean Squared Log Error: {rmsle}\")\n\n# Save predictions for evaluation\ntest_predictions = model.predict(scaler.transform(imputer.transform(data[features])))\nsubmission = pd.DataFrame(\n    {\"Country\": data[\"country\"], \"Predicted_GDP\": test_predictions}\n)\nsubmission.to_csv(\"./working/submission.csv\", index=False)\n","plan":"To predict the GDP of each country, I will use a simple linear regression model as a starting point. This model will be trained on numerical features that are typically strong predictors of GDP, such as population, unemployment rate, inflation rate, and trade balance. I will preprocess the data by filling missing values with the mean of each column and scaling the features using standard scaling. The model's performance will be evaluated using the root mean squared log error (RMSLE), which is suitable for regression tasks involving exponential growth, like GDP. I will use a train-test split for validation.","step":0,"id":"1dda2a1de687403bb813a003d0727d5a","ctime":1759916132.5761359,"parent":null,"children":[],"_term_out":["Traceback (most recent call last):\n  File \"runfile.py\", line 10, in <module>\n    data = pd.read_csv(\"./input/countries_gdp_data.csv\")\n           ^^^^^^^^^^^^^^^^^^^^^^^^^^^^^^^^^^^^^^^^^^^^^\nFileNotFoundError: [Errno 2] No such file or directory: './input/countries_gdp_data.csv'\n","Execution time: a moment seconds (time limit is an hour)."],"exec_time":0.472271203994751,"exc_type":"FileNotFoundError","exc_info":{"args":["2","No such file or directory"]},"exc_stack":[["/Users/ssc/projects/aide/venv/lib/python3.12/site-packages/aide/interpreter.py",147,"_run_session","exec(compile(code, self.agent_file_name, \"exec\"), global_scope)"],["runfile.py",10,"<module>","data = pd.read_csv(\"./input/countries_gdp_data.csv\")"],["/Users/ssc/projects/aide/venv/lib/python3.12/site-packages/pandas/io/parsers/readers.py",948,"read_csv","return _read(filepath_or_buffer, kwds)"],["/Users/ssc/projects/aide/venv/lib/python3.12/site-packages/pandas/io/parsers/readers.py",611,"_read","parser = TextFileReader(filepath_or_buffer, **kwds)"],["/Users/ssc/projects/aide/venv/lib/python3.12/site-packages/pandas/io/parsers/readers.py",1448,"__init__","self._engine = self._make_engine(f, self.engine)"],["/Users/ssc/projects/aide/venv/lib/python3.12/site-packages/pandas/io/parsers/readers.py",1705,"_make_engine","self.handles = get_handle("],["/Users/ssc/projects/aide/venv/lib/python3.12/site-packages/pandas/io/common.py",863,"get_handle","handle = open("]],"analysis":"The script failed to execute because it could not find the specified file './input/countries_gdp_data.csv'. To fix this, ensure that the file path is correct and the file exists in the specified directory. If the path is correct, check the file permissions to ensure the script has read access.","metric":{"value":null,"maximize":null},"is_buggy":true},{"code":"import pandas as pd\nimport numpy as np\nfrom sklearn.model_selection import train_test_split\nfrom sklearn.ensemble import GradientBoostingRegressor\nfrom sklearn.metrics import mean_squared_log_error\n\n# Load the data\ndata = pd.read_csv(\"./input/country_gdp.csv\")\n\n# Assuming data has columns 'gdp' and other relevant features\nX = data.drop(\"gdp\", axis=1)\ny = data[\"gdp\"]\n\n# Split the data into training and validation sets\nX_train, X_val, y_train, y_val = train_test_split(X, y, test_size=0.2, random_state=42)\n\n# Initialize and train the model\nmodel = GradientBoostingRegressor(random_state=42)\nmodel.fit(X_train, y_train)\n\n# Predict on the validation set\ny_pred = model.predict(X_val)\n\n# Calculate the RMSLE\nrmsle = np.sqrt(mean_squared_log_error(y_val, y_pred))\nprint(f\"RMSLE on validation set: {rmsle}\")\n","plan":"For predicting GDP by country, I'll use a Gradient Boosting Regressor model due to its robustness and ability to handle different types of features effectively. First, I'll load the data and split it into training and validation sets. The model will be trained on features that typically influence GDP such as population, GDP per capita, economic indicators, etc. I'll use the Root Mean Squared Logarithmic Error (RMSLE) as the evaluation metric since it is suitable for regression problems with exponential growth predictions like GDP. Finally, I will validate the model using the validation set and print the RMSLE score.","step":1,"id":"953f6a79083c44a7968d955312b88252","ctime":1759916147.7229812,"parent":null,"children":[],"_term_out":["Traceback (most recent call last):\n  File \"runfile.py\", line 8, in <module>\n    data = pd.read_csv(\"./input/country_gdp.csv\")\n           ^^^^^^^^^^^^^^^^^^^^^^^^^^^^^^^^^^^^^^\nFileNotFoundError: [Errno 2] No such file or directory: './input/country_gdp.csv'\n","Execution time: a moment seconds (time limit is an hour)."],"exec_time":0.3111379146575928,"exc_type":"FileNotFoundError","exc_info":{"args":["2","No such file or directory"]},"exc_stack":[["/Users/ssc/projects/aide/venv/lib/python3.12/site-packages/aide/interpreter.py",147,"_run_session","exec(compile(code, self.agent_file_name, \"exec\"), global_scope)"],["runfile.py",8,"<module>","data = pd.read_csv(\"./input/country_gdp.csv\")"],["/Users/ssc/projects/aide/venv/lib/python3.12/site-packages/pandas/io/parsers/readers.py",948,"read_csv","return _read(filepath_or_buffer, kwds)"],["/Users/ssc/projects/aide/venv/lib/python3.12/site-packages/pandas/io/parsers/readers.py",611,"_read","parser = TextFileReader(filepath_or_buffer, **kwds)"],["/Users/ssc/projects/aide/venv/lib/python3.12/site-packages/pandas/io/parsers/readers.py",1448,"__init__","self._engine = self._make_engine(f, self.engine)"],["/Users/ssc/projects/aide/venv/lib/python3.12/site-packages/pandas/io/parsers/readers.py",1705,"_make_engine","self.handles = get_handle("],["/Users/ssc/projects/aide/venv/lib/python3.12/site-packages/pandas/io/common.py",863,"get_handle","handle = open("]],"analysis":"The script failed to execute because it could not find the specified file './input/country_gdp.csv'. This issue is likely due to an incorrect file path or the file not being present in the expected location.","metric":{"value":null,"maximize":null},"is_buggy":true},{"code":"import pandas as pd\nfrom sklearn.model_selection import train_test_split\nfrom sklearn.linear_model import LinearRegression\nfrom sklearn.metrics import mean_squared_log_error\nimport numpy as np\n\n# Load the data\ndata = pd.read_csv(\"./input/countries_data.csv\")\n\n# Assuming the file has the necessary features and the target 'gdp'\nX = data.drop(\"gdp\", axis=1)\ny = data[\"gdp\"]\n\n# Split the data into training and validation sets\nX_train, X_val, y_train, y_val = train_test_split(X, y, test_size=0.2, random_state=42)\n\n# Initialize and train the linear regression model\nmodel = LinearRegression()\nmodel.fit(X_train, y_train)\n\n# Predict on the validation set\ny_pred = model.predict(X_val)\n\n# Calculate the RMSLE\nrmsle = np.sqrt(mean_squared_log_error(y_val, y_pred))\nprint(f\"Root Mean Squared Log Error (RMSLE) on Validation Set: {rmsle}\")\n","plan":"For this task, I plan to use a simple linear regression model to predict the GDP of countries. Linear regression is chosen because it's a baseline model that can provide a quick understanding of the relationships between features and the target variable. The features could include economic indicators, population data, and other relevant metrics. I will use `scikit-learn` for model training and evaluation. The evaluation metric will be the root mean squared log error (RMSLE), which is suitable for regression tasks involving exponential growth, like GDP. I will split the data into training and validation sets to evaluate the model performance.","step":2,"id":"247abe40dd084fa29c26484434fe730c","ctime":1759916161.6375208,"parent":null,"children":[],"_term_out":["Traceback (most recent call last):\n  File \"runfile.py\", line 8, in <module>\n    data = pd.read_csv(\"./input/countries_data.csv\")\n           ^^^^^^^^^^^^^^^^^^^^^^^^^^^^^^^^^^^^^^^^^\nFileNotFoundError: [Errno 2] No such file or directory: './input/countries_data.csv'\n","Execution time: a moment seconds (time limit is an hour)."],"exec_time":0.2913351058959961,"exc_type":"FileNotFoundError","exc_info":{"args":["2","No such file or directory"]},"exc_stack":[["/Users/ssc/projects/aide/venv/lib/python3.12/site-packages/aide/interpreter.py",147,"_run_session","exec(compile(code, self.agent_file_name, \"exec\"), global_scope)"],["runfile.py",8,"<module>","data = pd.read_csv(\"./input/countries_data.csv\")"],["/Users/ssc/projects/aide/venv/lib/python3.12/site-packages/pandas/io/parsers/readers.py",948,"read_csv","return _read(filepath_or_buffer, kwds)"],["/Users/ssc/projects/aide/venv/lib/python3.12/site-packages/pandas/io/parsers/readers.py",611,"_read","parser = TextFileReader(filepath_or_buffer, **kwds)"],["/Users/ssc/projects/aide/venv/lib/python3.12/site-packages/pandas/io/parsers/readers.py",1448,"__init__","self._engine = self._make_engine(f, self.engine)"],["/Users/ssc/projects/aide/venv/lib/python3.12/site-packages/pandas/io/parsers/readers.py",1705,"_make_engine","self.handles = get_handle("],["/Users/ssc/projects/aide/venv/lib/python3.12/site-packages/pandas/io/common.py",863,"get_handle","handle = open("]],"analysis":"The code execution failed due to a FileNotFoundError. The script attempted to read a file from a non-existent directory or with an incorrect path. To fix this issue, ensure that the file path provided in `pd.read_csv` is correct and the file exists in the specified directory.","metric":{"value":null,"maximize":null},"is_buggy":true},{"code":"import pandas as pd\nfrom sklearn.model_selection import train_test_split\nfrom sklearn.linear_model import LinearRegression\nfrom sklearn.metrics import mean_squared_log_error\nfrom numpy import sqrt\n\n# Load the dataset\ndata = pd.read_csv(\"./input/countries_gdp_data.csv\")\n\n# Assume the following columns are in the dataset\nfeatures = [\"population\", \"employment_rate\", \"exports\", \"imports\", \"education_spending\"]\ntarget = \"gdp\"\n\n# Prepare the data\nX = data[features]\ny = data[target]\n\n# Split the data into training and validation sets\nX_train, X_val, y_train, y_val = train_test_split(X, y, test_size=0.2, random_state=42)\n\n# Initialize and train the linear regression model\nmodel = LinearRegression()\nmodel.fit(X_train, y_train)\n\n# Predict on the validation set\ny_pred = model.predict(X_val)\n\n# Calculate the RMSLE\nrmsle = sqrt(mean_squared_log_error(y_val, y_pred))\nprint(\"Root Mean Squared Log Error (RMSLE):\", rmsle)\n","plan":"For predicting the GDP of each country, we'll employ a simple linear regression model as a baseline approach. This model will be trained on features that are typically strong indicators of GDP, such as population, employment rates, export and import volumes, and educational attainment. The model will be evaluated using the root mean squared log error (RMSLE), which is appropriate for regression tasks involving exponential growth, like GDP predictions. We'll use scikit-learn for the model implementation and pandas for data handling. The plan is to split the data into training and validation sets, train the model on the training set, and then evaluate its performance on the validation set.","step":3,"id":"367669d82bb7455dbca7159b9fabff07","ctime":1759916176.3889868,"parent":null,"children":[],"_term_out":["Traceback (most recent call last):\n  File \"runfile.py\", line 8, in <module>\n    data = pd.read_csv(\"./input/countries_gdp_data.csv\")\n           ^^^^^^^^^^^^^^^^^^^^^^^^^^^^^^^^^^^^^^^^^^^^^\nFileNotFoundError: [Errno 2] No such file or directory: './input/countries_gdp_data.csv'\n","Execution time: a moment seconds (time limit is an hour)."],"exec_time":0.27353382110595703,"exc_type":"FileNotFoundError","exc_info":{"args":["2","No such file or directory"]},"exc_stack":[["/Users/ssc/projects/aide/venv/lib/python3.12/site-packages/aide/interpreter.py",147,"_run_session","exec(compile(code, self.agent_file_name, \"exec\"), global_scope)"],["runfile.py",8,"<module>","data = pd.read_csv(\"./input/countries_gdp_data.csv\")"],["/Users/ssc/projects/aide/venv/lib/python3.12/site-packages/pandas/io/parsers/readers.py",948,"read_csv","return _read(filepath_or_buffer, kwds)"],["/Users/ssc/projects/aide/venv/lib/python3.12/site-packages/pandas/io/parsers/readers.py",611,"_read","parser = TextFileReader(filepath_or_buffer, **kwds)"],["/Users/ssc/projects/aide/venv/lib/python3.12/site-packages/pandas/io/parsers/readers.py",1448,"__init__","self._engine = self._make_engine(f, self.engine)"],["/Users/ssc/projects/aide/venv/lib/python3.12/site-packages/pandas/io/parsers/readers.py",1705,"_make_engine","self.handles = get_handle("],["/Users/ssc/projects/aide/venv/lib/python3.12/site-packages/pandas/io/common.py",863,"get_handle","handle = open("]],"analysis":"The code failed to execute because it could not find the specified data file './input/countries_gdp_data.csv'. To fix this issue, ensure that the file path is correct and that the file exists in the specified directory.","metric":{"value":null,"maximize":null},"is_buggy":true},{"code":"import pandas as pd\nimport lightgbm as lgb\nfrom sklearn.model_selection import train_test_split\nfrom sklearn.metrics import mean_squared_log_error\nimport numpy as np\n\n# Load the data\ntrain_data = pd.read_csv(\"./input/train.csv\")\ntest_data = pd.read_csv(\"./input/test.csv\")\n\n# Basic preprocessing\n# Assuming 'Country' as a categorical feature that needs encoding\ntrain_data[\"Country\"] = train_data[\"Country\"].astype(\"category\").cat.codes\ntest_data[\"Country\"] = test_data[\"Country\"].astype(\"category\").cat.codes\n\n# Fill missing values\ntrain_data.fillna(train_data.mean(), inplace=True)\ntest_data.fillna(test_data.mean(), inplace=True)\n\n# Define features and target\nX = train_data.drop([\"GDP\"], axis=1)\ny = np.log1p(train_data[\"GDP\"])  # Use log1p to prevent issues with log(0)\n\n# Split data into train and validation sets\nX_train, X_val, y_train, y_val = train_test_split(X, y, test_size=0.2, random_state=42)\n\n# Train the model\nmodel = lgb.LGBMRegressor(num_leaves=31, learning_rate=0.05, n_estimators=100)\nmodel.fit(X_train, y_train)\n\n# Predict on validation set\ny_pred = model.predict(X_val)\n\n# Calculate RMSLE\nrmsle = np.sqrt(mean_squared_log_error(y_val, y_pred))\nprint(f\"Validation RMSLE: {rmsle}\")\n\n# Prepare submission\ntest_features = test_data.drop([\"Id\"], axis=1)\npredictions = np.expm1(model.predict(test_features))  # Revert log1p transformation\nsubmission = pd.DataFrame({\"Id\": test_data[\"Id\"], \"GDP\": predictions})\nsubmission.to_csv(\"./working/submission.csv\", index=False)\n","plan":"To predict the GDP of each country, I will employ a gradient boosting model using LightGBM due to its efficiency with large datasets and its capability to handle various types of features. The model will be trained on features that typically influence GDP such as population, GDP per capita from previous years, economic indicators, and potentially some categorical data like region or economic classification. I will preprocess the data by handling missing values and encoding categorical variables. The model's performance will be evaluated using the root mean squared log error (RMSLE) to account for the multiplicative nature of GDP changes and to penalize underestimates more than overestimates. The implementation will include a basic train-test split for validation.","step":4,"id":"ac3d356f42544fecac4f49229a76ef0b","ctime":1759916196.3596,"parent":null,"children":[],"_term_out":["Traceback (most recent call last):\n  File \"runfile.py\", line 8, in <module>\n    train_data = pd.read_csv(\"./input/train.csv\")\n                 ^^^^^^^^^^^^^^^^^^^^^^^^^^^^^^^^\nFileNotFoundError: [Errno 2] No such file or directory: './input/train.csv'\n","Execution time: a moment seconds (time limit is an hour)."],"exec_time":0.2899351119995117,"exc_type":"FileNotFoundError","exc_info":{"args":["2","No such file or directory"]},"exc_stack":[["/Users/ssc/projects/aide/venv/lib/python3.12/site-packages/aide/interpreter.py",147,"_run_session","exec(compile(code, self.agent_file_name, \"exec\"), global_scope)"],["runfile.py",8,"<module>","train_data = pd.read_csv(\"./input/train.csv\")"],["/Users/ssc/projects/aide/venv/lib/python3.12/site-packages/pandas/io/parsers/readers.py",948,"read_csv","return _read(filepath_or_buffer, kwds)"],["/Users/ssc/projects/aide/venv/lib/python3.12/site-packages/pandas/io/parsers/readers.py",611,"_read","parser = TextFileReader(filepath_or_buffer, **kwds)"],["/Users/ssc/projects/aide/venv/lib/python3.12/site-packages/pandas/io/parsers/readers.py",1448,"__init__","self._engine = self._make_engine(f, self.engine)"],["/Users/ssc/projects/aide/venv/lib/python3.12/site-packages/pandas/io/parsers/readers.py",1705,"_make_engine","self.handles = get_handle("],["/Users/ssc/projects/aide/venv/lib/python3.12/site-packages/pandas/io/common.py",863,"get_handle","handle = open("]],"analysis":"The script failed to execute because it could not find the specified file './input/train.csv'. This error occurs due to the file path not being correctly specified or the file not being present in the expected directory. To fix this issue, ensure that the file path is correct and that the file exists in the specified location.","metric":{"value":null,"maximize":null},"is_buggy":true},{"code":"import pandas as pd\nimport numpy as np\nfrom sklearn.model_selection import train_test_split, cross_val_score\nfrom sklearn.linear_model import LinearRegression\nfrom sklearn.metrics import make_scorer\nfrom numpy import log1p, exp\n\n\ndef rmsle(y_true, y_pred):\n    return np.sqrt(np.mean(np.square(np.log1p(y_pred) - np.log1p(y_true))))\n\n\n# Load the dataset\ndata = pd.read_csv(\"./input/countries_gdp_data.csv\")\n\n# Assume the following columns are in the dataset\nfeatures = [\"population\", \"employment_rate\", \"exports\", \"imports\", \"education_spending\"]\ntarget = \"gdp\"\n\n# Prepare the data\nX = data[features]\ny = np.log1p(data[target])  # Log-transform the target variable to ensure positivity\n\n# Split the data into training and validation sets\nX_train, X_val, y_train, y_val = train_test_split(X, y, test_size=0.2, random_state=42)\n\n# Initialize and train the linear regression model\nmodel = LinearRegression()\nmodel.fit(X_train, y_train)\n\n# Predict on the validation set\ny_pred = model.predict(X_val)\ny_pred = np.expm1(y_pred)  # Inverse of log1p to get original scale predictions\n\n# Calculate the RMSLE\nrmsle_score = rmsle(y_val, y_pred)\nprint(\"Root Mean Squared Log Error (RMSLE):\", rmsle_score)\n","plan":"The original implementation failed because it could not locate the dataset file. This error can be addressed by ensuring the file path is correctly specified and the file is indeed present at that location. Additionally, the model used in the original script is a simple Linear Regression, which might not handle negative or zero GDP values well, especially since the evaluation metric is RMSLE which does not accept negative or zero predictions. To handle this, we can transform the GDP target using logarithmic transformation to ensure all target values are positive. This transformation would also potentially improve model performance since economic data often has a multiplicative relationship. Here's the revised code:","step":5,"id":"d12485af87594178a09ba9579cfd5945","ctime":1759916211.6084008,"parent":null,"children":[],"_term_out":["Traceback (most recent call last):\n  File \"runfile.py\", line 14, in <module>\n    data = pd.read_csv(\"./input/countries_gdp_data.csv\")\n           ^^^^^^^^^^^^^^^^^^^^^^^^^^^^^^^^^^^^^^^^^^^^^\nFileNotFoundError: [Errno 2] No such file or directory: './input/countries_gdp_data.csv'\n","Execution time: a moment seconds (time limit is an hour)."],"exec_time":0.273406982421875,"exc_type":"FileNotFoundError","exc_info":{"args":["2","No such file or directory"]},"exc_stack":[["/Users/ssc/projects/aide/venv/lib/python3.12/site-packages/aide/interpreter.py",147,"_run_session","exec(compile(code, self.agent_file_name, \"exec\"), global_scope)"],["runfile.py",14,"<module>","data = pd.read_csv(\"./input/countries_gdp_data.csv\")"],["/Users/ssc/projects/aide/venv/lib/python3.12/site-packages/pandas/io/parsers/readers.py",948,"read_csv","return _read(filepath_or_buffer, kwds)"],["/Users/ssc/projects/aide/venv/lib/python3.12/site-packages/pandas/io/parsers/readers.py",611,"_read","parser = TextFileReader(filepath_or_buffer, **kwds)"],["/Users/ssc/projects/aide/venv/lib/python3.12/site-packages/pandas/io/parsers/readers.py",1448,"__init__","self._engine = self._make_engine(f, self.engine)"],["/Users/ssc/projects/aide/venv/lib/python3.12/site-packages/pandas/io/parsers/readers.py",1705,"_make_engine","self.handles = get_handle("],["/Users/ssc/projects/aide/venv/lib/python3.12/site-packages/pandas/io/common.py",863,"get_handle","handle = open("]],"analysis":"The script failed due to a FileNotFoundError when trying to read the dataset from a specified path. The dataset file './input/countries_gdp_data.csv' could not be found. To fix the issue, ensure that the dataset file is correctly placed in the specified directory or adjust the file path in the code to match the actual location of the dataset file.","metric":{"value":null,"maximize":null},"is_buggy":true},{"code":"import pandas as pd\nimport numpy as np\nfrom sklearn.model_selection import train_test_split\nfrom sklearn.metrics import mean_squared_log_error\nfrom sklearn.preprocessing import LabelEncoder, StandardScaler\nimport lightgbm as lgb\nimport os\n\n# Load data\ntrain_df = pd.read_csv(\"./input/train.csv\")\ntest_df = pd.read_csv(\"./input/test.csv\")\n\n# Separate features and target\nX = train_df.drop([\"gdp\"], axis=1)\ny = np.log1p(train_df[\"gdp\"])  # Use log1p to avoid issues with log(0)\nX_test = test_df\n\n# Encode categorical data and normalize\nfor col in X.columns:\n    if X[col].dtype == \"object\":\n        encoder = LabelEncoder()\n        X[col] = encoder.fit_transform(X[col])\n        X_test[col] = encoder.transform(X_test[col])\n\nscaler = StandardScaler()\nX = scaler.fit_transform(X)\nX_test = scaler.transform(X_test)\n\n# Split data for training and validation\nX_train, X_val, y_train, y_val = train_test_split(X, y, test_size=0.2, random_state=42)\n\n# Model training\nmodel = lgb.LGBMRegressor(n_estimators=100, learning_rate=0.1, random_state=42)\nmodel.fit(X_train, y_train)\n\n# Validate the model\ny_pred_val = model.predict(X_val)\nrmsle = np.sqrt(mean_squared_log_error(np.expm1(y_val), np.expm1(y_pred_val)))\nprint(f\"RMSLE on validation set: {rmsle}\")\n\n# Predict on test data\ny_test_pred = model.predict(X_test)\ny_test_pred = np.expm1(y_test_pred)  # Convert back from log\n\n# Save predictions to submission.csv\nsubmission_df = pd.DataFrame({\"Id\": test_df[\"Id\"], \"gdp\": y_test_pred})\nsubmission_df.to_csv(\"./working/submission.csv\", index=False)\n","plan":"For this task, I will use a simple but effective approach by employing a Gradient Boosting model from the LightGBM framework. This model handles various types of data well and is robust for regression tasks. I will preprocess the data by encoding categorical variables and normalizing numerical features. The model will be trained on the training dataset and predictions will be made for the test dataset. The performance metric will be the root mean squared log error (RMSLE), which is suitable for regression problems involving monetary values like GDP, as it penalizes underestimations more than overestimations. The predictions will be saved in a `submission.csv` file in the \"./working\" directory.","step":6,"id":"f4a28bcc2b214468ac558df9c8f62060","ctime":1759916231.5952399,"parent":null,"children":[],"_term_out":["Traceback (most recent call last):\n  File \"runfile.py\", line 10, in <module>\n    train_df = pd.read_csv(\"./input/train.csv\")\n               ^^^^^^^^^^^^^^^^^^^^^^^^^^^^^^^^\nFileNotFoundError: [Errno 2] No such file or directory: './input/train.csv'\n","Execution time: a moment seconds (time limit is an hour)."],"exec_time":0.2818601131439209,"exc_type":"FileNotFoundError","exc_info":{"args":["2","No such file or directory"]},"exc_stack":[["/Users/ssc/projects/aide/venv/lib/python3.12/site-packages/aide/interpreter.py",147,"_run_session","exec(compile(code, self.agent_file_name, \"exec\"), global_scope)"],["runfile.py",10,"<module>","train_df = pd.read_csv(\"./input/train.csv\")"],["/Users/ssc/projects/aide/venv/lib/python3.12/site-packages/pandas/io/parsers/readers.py",948,"read_csv","return _read(filepath_or_buffer, kwds)"],["/Users/ssc/projects/aide/venv/lib/python3.12/site-packages/pandas/io/parsers/readers.py",611,"_read","parser = TextFileReader(filepath_or_buffer, **kwds)"],["/Users/ssc/projects/aide/venv/lib/python3.12/site-packages/pandas/io/parsers/readers.py",1448,"__init__","self._engine = self._make_engine(f, self.engine)"],["/Users/ssc/projects/aide/venv/lib/python3.12/site-packages/pandas/io/parsers/readers.py",1705,"_make_engine","self.handles = get_handle("],["/Users/ssc/projects/aide/venv/lib/python3.12/site-packages/pandas/io/common.py",863,"get_handle","handle = open("]],"analysis":"The script failed to execute due to a FileNotFoundError when trying to read the train.csv file. The script assumes the presence of a './input/train.csv' file, which does not exist in the specified path. To fix this issue, ensure that the correct path to the train.csv file is provided and that the file exists in that location.","metric":{"value":null,"maximize":null},"is_buggy":true},{"code":"import pandas as pd\nfrom sklearn.model_selection import train_test_split\nfrom sklearn.linear_model import LinearRegression\nfrom sklearn.metrics import mean_squared_log_error\nimport numpy as np\n\n# Assuming the file is now correctly placed or the path is corrected\ndata = pd.read_csv(\"./input/countries_data.csv\")\n\n# Assuming the file has the necessary features and the target 'gdp'\nX = data.drop(\"gdp\", axis=1)\ny = data[\"gdp\"]\n\n# Split the data into training and validation sets\nX_train, X_val, y_train, y_val = train_test_split(X, y, test_size=0.2, random_state=42)\n\n# Initialize and train the linear regression model\nmodel = LinearRegression()\nmodel.fit(X_train, y_train)\n\n# Predict on the validation set\ny_pred = model.predict(X_val)\n\n# Since we cannot have negative or zero values in log calculations, we adjust predictions and actuals\ny_pred_adj = np.maximum(1, y_pred)  # adjust predictions to be at least 1\ny_val_adj = np.maximum(1, y_val)  # adjust actual values to be at least 1\n\n# Calculate the RMSLE\nrmsle = np.sqrt(mean_squared_log_error(y_val_adj, y_pred_adj))\nprint(f\"Root Mean Squared Log Error (RMSLE) on Validation Set: {rmsle}\")\n","plan":"The initial code failed due to a FileNotFoundError, indicating that the dataset could not be located at the specified path. To resolve this, ensure that the dataset path is correctly specified and that the dataset is available at that path. Additionally, since the task's evaluation metric is root mean squared log error (RMSLE), it's crucial to handle non-positive values in `y_val` and `y_pred` because the logarithm of zero or negative numbers is undefined. To address this, we should add a small constant to the predictions and actual values before calculating RMSLE to avoid taking the logarithm of zero or negative values.","step":7,"id":"7df0f37c4cda46369d81ed69c2e3edd5","ctime":1759916247.335841,"parent":null,"children":[],"_term_out":["Traceback (most recent call last):\n  File \"runfile.py\", line 8, in <module>\n    data = pd.read_csv(\"./input/countries_data.csv\")\n           ^^^^^^^^^^^^^^^^^^^^^^^^^^^^^^^^^^^^^^^^^\nFileNotFoundError: [Errno 2] No such file or directory: './input/countries_data.csv'\n","Execution time: a moment seconds (time limit is an hour)."],"exec_time":0.27939510345458984,"exc_type":"FileNotFoundError","exc_info":{"args":["2","No such file or directory"]},"exc_stack":[["/Users/ssc/projects/aide/venv/lib/python3.12/site-packages/aide/interpreter.py",147,"_run_session","exec(compile(code, self.agent_file_name, \"exec\"), global_scope)"],["runfile.py",8,"<module>","data = pd.read_csv(\"./input/countries_data.csv\")"],["/Users/ssc/projects/aide/venv/lib/python3.12/site-packages/pandas/io/parsers/readers.py",948,"read_csv","return _read(filepath_or_buffer, kwds)"],["/Users/ssc/projects/aide/venv/lib/python3.12/site-packages/pandas/io/parsers/readers.py",611,"_read","parser = TextFileReader(filepath_or_buffer, **kwds)"],["/Users/ssc/projects/aide/venv/lib/python3.12/site-packages/pandas/io/parsers/readers.py",1448,"__init__","self._engine = self._make_engine(f, self.engine)"],["/Users/ssc/projects/aide/venv/lib/python3.12/site-packages/pandas/io/parsers/readers.py",1705,"_make_engine","self.handles = get_handle("],["/Users/ssc/projects/aide/venv/lib/python3.12/site-packages/pandas/io/common.py",863,"get_handle","handle = open("]],"analysis":"The code failed to execute because it could not find the specified file './input/countries_data.csv'. To fix this issue, ensure that the file path is correct and the file exists in the specified directory. If the file path is correct, verify that the file permissions allow reading.","metric":{"value":null,"maximize":null},"is_buggy":true},{"code":"import pandas as pd\nimport lightgbm as lgb\nfrom sklearn.model_selection import train_test_split\nfrom sklearn.metrics import mean_squared_log_error\nimport numpy as np\nimport os\n\n\ndef load_data(file_path):\n    if os.path.exists(file_path):\n        return pd.read_csv(file_path)\n    else:\n        raise FileNotFoundError(f\"No such file or directory: '{file_path}'\")\n\n\n# Load the data\ntrain_data = load_data(\"./input/train.csv\")\ntest_data = load_data(\"./input/test.csv\")\n\n# Basic preprocessing\n# Assuming 'Country' as a categorical feature that needs encoding\ntrain_data[\"Country\"] = train_data[\"Country\"].astype(\"category\").cat.codes\ntest_data[\"Country\"] = test_data[\"Country\"].astype(\"category\").cat.codes\n\n# Fill missing values\ntrain_data.fillna(train_data.mean(), inplace=True)\ntest_data.fillna(test_data.mean(), inplace=True)\n\n# Define features and target\nX = train_data.drop([\"GDP\"], axis=1)\ny = np.log1p(train_data[\"GDP\"])  # Use log1p to prevent issues with log(0)\n\n# Split data into train and validation sets\nX_train, X_val, y_train, y_val = train_test_split(X, y, test_size=0.2, random_state=42)\n\n# Train the model\nmodel = lgb.LGBMRegressor(num_leaves=31, learning_rate=0.05, n_estimators=100)\nmodel.fit(X_train, y_train)\n\n# Predict on validation set\ny_pred = model.predict(X_val)\n\n# Calculate RMSLE\nrmsle = np.sqrt(\n    mean_squared_log_error(np.expm1(y_val), np.expm1(y_pred))\n)  # Corrected error calculation\nprint(f\"Validation RMSLE: {rmsle}\")\n\n# Prepare submission\ntest_features = test_data.drop([\"Id\"], axis=1)\npredictions = np.expm1(model.predict(test_features))  # Revert log1p transformation\nsubmission = pd.DataFrame({\"Id\": test_data[\"Id\"], \"GDP\": predictions})\nsubmission.to_csv(\"./working/submission.csv\", index=False)\n","plan":"The previous implementation failed due to a FileNotFoundError caused by incorrect paths to the dataset files. To fix this, we need to ensure the dataset files are correctly placed in the specified directory or adjust the paths in the code accordingly. Additionally, to improve the model's performance, we can include better feature engineering and ensure that the target transformation (log1p) and its inverse (expm1) are correctly handled during prediction. The RMSLE will be calculated to evaluate the model's performance.","step":8,"id":"1664b71c4788472693221d07625f71d4","ctime":1759916265.688441,"parent":null,"children":[],"_term_out":["Traceback (most recent call last):\n  File \"runfile.py\", line 17, in <module>\n    train_data = load_data(\"./input/train.csv\")\n                 ^^^^^^^^^^^^^^^^^^^^^^^^^^^^^^\n  File \"runfile.py\", line 13, in load_data\n    raise FileNotFoundError(f\"No such file or directory: '{file_path}'\")\nFileNotFoundError: No such file or directory: './input/train.csv'\n","Execution time: a moment seconds (time limit is an hour)."],"exec_time":0.2893691062927246,"exc_type":"FileNotFoundError","exc_info":{"args":["No such file or directory: './input/train.csv'"]},"exc_stack":[["/Users/ssc/projects/aide/venv/lib/python3.12/site-packages/aide/interpreter.py",147,"_run_session","exec(compile(code, self.agent_file_name, \"exec\"), global_scope)"],["runfile.py",17,"<module>","train_data = load_data(\"./input/train.csv\")"],["runfile.py",13,"load_data","raise FileNotFoundError(f\"No such file or directory: '{file_path}'\")"]],"analysis":"The script failed to execute because it could not find the specified input file './input/train.csv'. This indicates a path or file availability issue. To resolve this bug, ensure that the file exists at the specified location or adjust the path to point to the correct location where the input files are stored.","metric":{"value":null,"maximize":null},"is_buggy":true},{"code":"import pandas as pd\nfrom sklearn.ensemble import RandomForestRegressor\nfrom sklearn.model_selection import train_test_split\nfrom sklearn.metrics import mean_squared_log_error\nfrom math import sqrt\n\n# Load the data\ndata = pd.read_csv(\"./input/country_data.csv\")\n\n# Preprocess the data\ndata.fillna(data.mean(), inplace=True)\ndata = pd.get_dummies(data)\n\n# Split features and target\nX = data.drop(\"gdp\", axis=1)\ny = data[\"gdp\"]\n\n# Split data into train and validation sets\nX_train, X_val, y_train, y_val = train_test_split(X, y, test_size=0.2, random_state=42)\n\n# Initialize and train the RandomForestRegressor\nmodel = RandomForestRegressor(n_estimators=100, random_state=42)\nmodel.fit(X_train, y_train)\n\n# Predict on the validation set\ny_pred = model.predict(X_val)\n\n# Calculate the RMSLE\nrmsle = sqrt(mean_squared_log_error(y_val, y_pred))\nprint(f\"Root Mean Squared Log Error (RMSLE) on the validation set: {rmsle}\")\n","plan":"For this task, I'll use a RandomForestRegressor model, which is a robust and versatile regression model that can handle non-linear relationships and interactions between features. I'll use data from the `./input` directory, assuming it contains features relevant to predicting GDP such as population, economic indicators, education levels, and health statistics. I'll preprocess the data by filling missing values and encoding categorical variables. I'll split the data into training and validation sets, train the RandomForestRegressor, and evaluate its performance using root mean squared log error (RMSLE) on the validation set. This approach provides a good balance between simplicity and predictive power for initial modeling.","step":9,"id":"2b5c6014cab148fd9e6d65bee8bac2f9","ctime":1759916278.688221,"parent":null,"children":[],"_term_out":["Traceback (most recent call last):\n  File \"runfile.py\", line 8, in <module>\n    data = pd.read_csv(\"./input/country_data.csv\")\n           ^^^^^^^^^^^^^^^^^^^^^^^^^^^^^^^^^^^^^^^\nFileNotFoundError: [Errno 2] No such file or directory: './input/country_data.csv'\n","Execution time: a moment seconds (time limit is an hour)."],"exec_time":0.3043210506439209,"exc_type":"FileNotFoundError","exc_info":{"args":["2","No such file or directory"]},"exc_stack":[["/Users/ssc/projects/aide/venv/lib/python3.12/site-packages/aide/interpreter.py",147,"_run_session","exec(compile(code, self.agent_file_name, \"exec\"), global_scope)"],["runfile.py",8,"<module>","data = pd.read_csv(\"./input/country_data.csv\")"],["/Users/ssc/projects/aide/venv/lib/python3.12/site-packages/pandas/io/parsers/readers.py",948,"read_csv","return _read(filepath_or_buffer, kwds)"],["/Users/ssc/projects/aide/venv/lib/python3.12/site-packages/pandas/io/parsers/readers.py",611,"_read","parser = TextFileReader(filepath_or_buffer, **kwds)"],["/Users/ssc/projects/aide/venv/lib/python3.12/site-packages/pandas/io/parsers/readers.py",1448,"__init__","self._engine = self._make_engine(f, self.engine)"],["/Users/ssc/projects/aide/venv/lib/python3.12/site-packages/pandas/io/parsers/readers.py",1705,"_make_engine","self.handles = get_handle("],["/Users/ssc/projects/aide/venv/lib/python3.12/site-packages/pandas/io/common.py",863,"get_handle","handle = open("]],"analysis":"The script failed to execute due to a FileNotFoundError, as it could not find the specified file './input/country_data.csv'. To fix this issue, ensure that the file path is correct and that the file exists in the specified directory. If the file path is correct and the file is missing, it should be added to the directory or the correct path should be provided.","metric":{"value":null,"maximize":null},"is_buggy":true},{"code":"import pandas as pd\nimport numpy as np\nfrom sklearn.model_selection import train_test_split, cross_val_score\nfrom sklearn.linear_model import LinearRegression\nfrom sklearn.metrics import make_scorer\nfrom numpy import log1p, exp\n\n\ndef rmsle(y_true, y_pred):\n    return np.sqrt(np.mean(np.square(np.log1p(y_pred) - np.log1p(y_true))))\n\n\n# Ensure the dataset path is correct\ndata = pd.read_csv(\"./input/countries_gdp_data.csv\")\n\n# Assume the following columns are in the dataset\nfeatures = [\"population\", \"employment_rate\", \"exports\", \"imports\", \"education_spending\"]\ntarget = \"gdp\"\n\n# Prepare the data\nX = data[features]\ny = np.log1p(data[target])  # Log-transform the target variable to ensure positivity\n\n# Split the data into training and validation sets\nX_train, X_val, y_train, y_val = train_test_split(X, y, test_size=0.2, random_state=42)\n\n# Initialize and train the linear regression model\nmodel = LinearRegression()\nmodel.fit(X_train, y_train)\n\n# Predict on the validation set\ny_pred = model.predict(X_val)\ny_pred = np.expm1(y_pred)  # Inverse of log1p to get original scale predictions\n\n# Calculate the RMSLE\nrmsle_score = rmsle(y_val, y_pred)\nprint(\"Root Mean Squared Log Error (RMSLE):\", rmsle_score)\n","plan":"The previous implementation faced a FileNotFoundError due to an incorrect or non-existent file path. To address this issue, we should first ensure that the dataset 'countries_gdp_data.csv' exists in the specified directory './input/'. If the file is located elsewhere or named differently, the file path in the code must be updated accordingly. Additionally, the transformation and prediction steps are correctly handled with log1p and expm1, which is suitable given the evaluation metric RMSLE. The model training and evaluation process appears correctly structured for a baseline linear regression approach. Let's implement the solution assuming the file path is correct and the file exists.","step":10,"id":"db7332ac8b504cd183d4dbacec0a8051","ctime":1759916292.115027,"parent":null,"children":[],"_term_out":["Traceback (most recent call last):\n  File \"runfile.py\", line 14, in <module>\n    data = pd.read_csv(\"./input/countries_gdp_data.csv\")\n           ^^^^^^^^^^^^^^^^^^^^^^^^^^^^^^^^^^^^^^^^^^^^^\nFileNotFoundError: [Errno 2] No such file or directory: './input/countries_gdp_data.csv'\n","Execution time: a moment seconds (time limit is an hour)."],"exec_time":0.2782866954803467,"exc_type":"FileNotFoundError","exc_info":{"args":["2","No such file or directory"]},"exc_stack":[["/Users/ssc/projects/aide/venv/lib/python3.12/site-packages/aide/interpreter.py",147,"_run_session","exec(compile(code, self.agent_file_name, \"exec\"), global_scope)"],["runfile.py",14,"<module>","data = pd.read_csv(\"./input/countries_gdp_data.csv\")"],["/Users/ssc/projects/aide/venv/lib/python3.12/site-packages/pandas/io/parsers/readers.py",948,"read_csv","return _read(filepath_or_buffer, kwds)"],["/Users/ssc/projects/aide/venv/lib/python3.12/site-packages/pandas/io/parsers/readers.py",611,"_read","parser = TextFileReader(filepath_or_buffer, **kwds)"],["/Users/ssc/projects/aide/venv/lib/python3.12/site-packages/pandas/io/parsers/readers.py",1448,"__init__","self._engine = self._make_engine(f, self.engine)"],["/Users/ssc/projects/aide/venv/lib/python3.12/site-packages/pandas/io/parsers/readers.py",1705,"_make_engine","self.handles = get_handle("],["/Users/ssc/projects/aide/venv/lib/python3.12/site-packages/pandas/io/common.py",863,"get_handle","handle = open("]],"analysis":"The code failed to execute due to a FileNotFoundError, as it could not locate the specified CSV file './input/countries_gdp_data.csv'. This suggests an issue with the file path or the existence of the file in the expected directory. To fix this, ensure that the file exists at the specified path or correct the file path in the code.","metric":{"value":null,"maximize":null},"is_buggy":true},{"code":"import pandas as pd\nfrom sklearn.model_selection import train_test_split\nfrom sklearn.linear_model import LinearRegression\nfrom sklearn.metrics import mean_squared_log_error\nimport numpy as np\n\n# Load the data\ndata = pd.read_csv(\"./input/country_data.csv\")\n\n# Assuming the dataset has the following columns: 'Country', 'Population', 'InflationRate', 'TradeBalance', 'GDP'\nfeatures = [\"Population\", \"InflationRate\", \"TradeBalance\"]\ntarget = \"GDP\"\n\n# Split the data into train and validation sets\nX_train, X_val, y_train, y_val = train_test_split(\n    data[features], data[target], test_size=0.2, random_state=42\n)\n\n# Initialize and train the model\nmodel = LinearRegression()\nmodel.fit(X_train, y_train)\n\n# Predict on the validation set\npredictions = model.predict(X_val)\n\n# Calculate the RMSLE\nrmsle = np.sqrt(mean_squared_log_error(y_val, predictions))\nprint(f\"Root Mean Squared Log Error (RMSLE): {rmsle}\")\n","plan":"To predict the GDP of each country, I'll use a simple linear regression model as it's a straightforward approach to establish a baseline. The model will be trained using scikit-learn's LinearRegression class. The features will include economic indicators like population, inflation rate, and trade balance, assuming these are available in the dataset. The model's performance will be evaluated using the root mean squared log error (RMSLE), which is suitable for regression tasks involving exponential growth like GDP. The data will be split into training and validation sets to evaluate the model's performance.","step":11,"id":"2071a7e51b944e5c8041514d08c5df53","ctime":1759916303.471311,"parent":null,"children":[],"_term_out":["Traceback (most recent call last):\n  File \"runfile.py\", line 8, in <module>\n    data = pd.read_csv(\"./input/country_data.csv\")\n           ^^^^^^^^^^^^^^^^^^^^^^^^^^^^^^^^^^^^^^^\nFileNotFoundError: [Errno 2] No such file or directory: './input/country_data.csv'\n","Execution time: a moment seconds (time limit is an hour)."],"exec_time":0.2791900634765625,"exc_type":"FileNotFoundError","exc_info":{"args":["2","No such file or directory"]},"exc_stack":[["/Users/ssc/projects/aide/venv/lib/python3.12/site-packages/aide/interpreter.py",147,"_run_session","exec(compile(code, self.agent_file_name, \"exec\"), global_scope)"],["runfile.py",8,"<module>","data = pd.read_csv(\"./input/country_data.csv\")"],["/Users/ssc/projects/aide/venv/lib/python3.12/site-packages/pandas/io/parsers/readers.py",948,"read_csv","return _read(filepath_or_buffer, kwds)"],["/Users/ssc/projects/aide/venv/lib/python3.12/site-packages/pandas/io/parsers/readers.py",611,"_read","parser = TextFileReader(filepath_or_buffer, **kwds)"],["/Users/ssc/projects/aide/venv/lib/python3.12/site-packages/pandas/io/parsers/readers.py",1448,"__init__","self._engine = self._make_engine(f, self.engine)"],["/Users/ssc/projects/aide/venv/lib/python3.12/site-packages/pandas/io/parsers/readers.py",1705,"_make_engine","self.handles = get_handle("],["/Users/ssc/projects/aide/venv/lib/python3.12/site-packages/pandas/io/common.py",863,"get_handle","handle = open("]],"analysis":"The script failed to execute due to a FileNotFoundError. It could not locate the 'country_data.csv' file in the specified directory. To fix this, ensure that the path to the dataset is correct and that the file exists in the specified location. If the file is in a different directory or has a different name, update the path accordingly.","metric":{"value":null,"maximize":null},"is_buggy":true},{"code":"import pandas as pd\nimport numpy as np\nfrom sklearn.model_selection import train_test_split\nfrom sklearn.metrics import mean_squared_log_error\nfrom lightgbm import LGBMRegressor\n\n# Load data\ndata = pd.read_csv(\"./input/data.csv\")\n\n# Assuming 'Country' and 'Year' columns exist, and 'GDP' is the target\nfeatures = data.drop([\"Country\", \"Year\", \"GDP\"], axis=1)\ntarget = np.log1p(data[\"GDP\"])  # Use log1p to ensure no issues with log(0)\n\n# Split data into training and validation sets\nX_train, X_valid, y_train, y_valid = train_test_split(\n    features, target, test_size=0.2, random_state=42\n)\n\n# Initialize and train the model\nmodel = LGBMRegressor(num_leaves=31, learning_rate=0.05, n_estimators=100)\nmodel.fit(X_train, y_train)\n\n# Predict on validation set\ny_pred = model.predict(X_valid)\n\n# Calculate RMSLE\nrmsle = np.sqrt(mean_squared_log_error(y_valid, y_pred))\nprint(f\"RMSLE on validation set: {rmsle}\")\n","plan":"To predict the GDP of each country, I propose using a Gradient Boosting Regressor, specifically the implementation from LightGBM. This model is robust to different types of features and generally performs well on tabular data with mixed types (numerical and categorical). The model will be trained on features that typically influence GDP such as population, GDP per capita from previous years, economic growth rate, and other economic indicators if available. The target variable will be the log of the GDP to align with the evaluation metric, root mean squared log error (RMSLE), which is suitable for regression targets that vary exponentially. I will split the data into training and validation sets to evaluate the model's performance and adjust the basic parameters of the LightGBM model for a good balance between training time and prediction accuracy.","step":12,"id":"f34d8c0ad7d6487e811d340912c43b80","ctime":1759916317.8011231,"parent":null,"children":[],"_term_out":["Traceback (most recent call last):\n  File \"runfile.py\", line 8, in <module>\n    data = pd.read_csv(\"./input/data.csv\")\n           ^^^^^^^^^^^^^^^^^^^^^^^^^^^^^^^\nFileNotFoundError: [Errno 2] No such file or directory: './input/data.csv'\n","Execution time: a moment seconds (time limit is an hour)."],"exec_time":0.28623080253601074,"exc_type":"FileNotFoundError","exc_info":{"args":["2","No such file or directory"]},"exc_stack":[["/Users/ssc/projects/aide/venv/lib/python3.12/site-packages/aide/interpreter.py",147,"_run_session","exec(compile(code, self.agent_file_name, \"exec\"), global_scope)"],["runfile.py",8,"<module>","data = pd.read_csv(\"./input/data.csv\")"],["/Users/ssc/projects/aide/venv/lib/python3.12/site-packages/pandas/io/parsers/readers.py",948,"read_csv","return _read(filepath_or_buffer, kwds)"],["/Users/ssc/projects/aide/venv/lib/python3.12/site-packages/pandas/io/parsers/readers.py",611,"_read","parser = TextFileReader(filepath_or_buffer, **kwds)"],["/Users/ssc/projects/aide/venv/lib/python3.12/site-packages/pandas/io/parsers/readers.py",1448,"__init__","self._engine = self._make_engine(f, self.engine)"],["/Users/ssc/projects/aide/venv/lib/python3.12/site-packages/pandas/io/parsers/readers.py",1705,"_make_engine","self.handles = get_handle("],["/Users/ssc/projects/aide/venv/lib/python3.12/site-packages/pandas/io/common.py",863,"get_handle","handle = open("]],"analysis":"The code execution failed due to a FileNotFoundError. The specified file path './input/data.csv' could not be found. To fix this issue, ensure that the file path is correct and that the file exists in the specified location. If the file path is correct, check the permissions to ensure the script has access to read the file.","metric":{"value":null,"maximize":null},"is_buggy":true},{"code":"import pandas as pd\nimport numpy as np\nfrom xgboost import XGBRegressor\nfrom sklearn.model_selection import train_test_split\nfrom sklearn.metrics import mean_squared_log_error\nfrom sklearn.preprocessing import StandardScaler\n\n# Load the data\ndata = pd.read_csv(\"./input/country_data.csv\")\n\n# Assume 'GDP' is the target and the rest are features\nX = data.drop(\"GDP\", axis=1)\ny = data[\"GDP\"]\n\n# Handle missing values\nX.fillna(X.mean(), inplace=True)\n\n# Scale features\nscaler = StandardScaler()\nX_scaled = scaler.fit_transform(X)\n\n# Split data into train and validation sets\nX_train, X_val, y_train, y_val = train_test_split(\n    X_scaled, y, test_size=0.2, random_state=42\n)\n\n# Initialize and train the model\nmodel = XGBRegressor(objective=\"reg:squaredlogerror\")\nmodel.fit(X_train, y_train)\n\n# Predict on the validation set\ny_pred = model.predict(X_val)\n\n# Calculate the RMSLE\nrmsle = np.sqrt(mean_squared_log_error(y_val, y_pred))\nprint(f\"Root Mean Squared Log Error: {rmsle}\")\n\n# Save predictions for submission (assuming there's a test set)\n# test_data = pd.read_csv('./input/test_data.csv')\n# test_data_scaled = scaler.transform(test_data)\n# test_predictions = model.predict(test_data_scaled)\n# submission = pd.DataFrame({'PredictedGDP': test_predictions})\n# submission.to_csv('./working/submission.csv', index=False)\n","plan":"To predict the GDP of each country, I will use a Gradient Boosting Regressor from the XGBoost library due to its effectiveness in handling various types of data and its robustness against overfitting. The model will be trained on features such as historical GDP data, population, economic indicators, and other relevant features assuming they are available in the dataset. The target variable will be the GDP. I will preprocess the data by handling missing values and scaling numerical features. The model's performance will be evaluated using the root mean squared log error (RMSLE) on a hold-out validation set, which is suitable for regression problems involving exponential growth like GDP.","step":13,"id":"5cb47a8470894d0aa610629c70666705","ctime":1759916333.4734988,"parent":null,"children":[],"_term_out":["Traceback (most recent call last):\n  File \"runfile.py\", line 3, in <module>\n    from xgboost import XGBRegressor\nModuleNotFoundError: No module named 'xgboost'\n","Execution time: a moment seconds (time limit is an hour)."],"exec_time":0.00033926963806152344,"exc_type":"ModuleNotFoundError","exc_info":{"args":["No module named 'xgboost'"],"name":"xgboost","msg":"No module named 'xgboost'"},"exc_stack":[["/Users/ssc/projects/aide/venv/lib/python3.12/site-packages/aide/interpreter.py",147,"_run_session","exec(compile(code, self.agent_file_name, \"exec\"), global_scope)"],["runfile.py",3,"<module>","from xgboost import XGBRegressor"]],"analysis":"The code execution failed due to a missing Python module named 'xgboost'. To resolve this issue, ensure that the 'xgboost' library is installed in the Python environment where the code is being executed. You can install it using pip by running 'pip install xgboost'.","metric":{"value":null,"maximize":null},"is_buggy":true},{"code":"import pandas as pd\nimport numpy as np\nfrom xgboost import XGBRegressor\nfrom sklearn.model_selection import train_test_split\nfrom sklearn.metrics import mean_squared_log_error\n\n# Load the data\ntrain_data = pd.read_csv(\"./input/train.csv\")\ntest_data = pd.read_csv(\"./input/test.csv\")\n\n# Separate features and target\nX = train_data.drop(columns=[\"gdp\"])\ny = np.log1p(train_data[\"gdp\"])  # Use log1p to prevent issues with zero values\n\n# Split data into train and validation sets\nX_train, X_val, y_train, y_val = train_test_split(X, y, test_size=0.2, random_state=42)\n\n# Initialize and train the XGBoost regressor\nmodel = XGBRegressor(objective=\"reg:squarederror\", random_state=42)\nmodel.fit(X_train, y_train)\n\n# Predict on validation set\ny_pred = model.predict(X_val)\n\n# Calculate the RMSLE\nrmsle = np.sqrt(mean_squared_log_error(np.expm1(y_val), np.expm1(y_pred)))\nprint(f\"Validation RMSLE: {rmsle}\")\n\n# Prepare submission\ntest_predictions = model.predict(test_data)\nsubmission = pd.DataFrame(\n    {\n        \"Id\": test_data[\"Id\"],\n        \"gdp\": np.expm1(test_predictions),  # Convert back from log scale\n    }\n)\nsubmission.to_csv(\"./working/submission.csv\", index=False)\n","plan":"For predicting GDP of countries, a regression model using XGBoost will be implemented due to its efficiency and performance with structured data. The dataset will be split into training and validation sets to evaluate the model's performance. Features will likely include economic indicators, demographic data, and historical GDP values if available. The model will be trained using default parameters initially to establish a baseline. The root mean squared log error (RMSLE) will be used as the evaluation metric, which is suitable for regression tasks involving exponential growth, like GDP predictions. The predictions will be saved in a 'submission.csv' file in the './working' directory.","step":14,"id":"f5ddc24bfb7e419c973db155b0ffd022","ctime":1759916352.112515,"parent":null,"children":[],"_term_out":["Traceback (most recent call last):\n  File \"runfile.py\", line 3, in <module>\n    from xgboost import XGBRegressor\nModuleNotFoundError: No module named 'xgboost'\n","Execution time: a moment seconds (time limit is an hour)."],"exec_time":0.000286102294921875,"exc_type":"ModuleNotFoundError","exc_info":{"args":["No module named 'xgboost'"],"name":"xgboost","msg":"No module named 'xgboost'"},"exc_stack":[["/Users/ssc/projects/aide/venv/lib/python3.12/site-packages/aide/interpreter.py",147,"_run_session","exec(compile(code, self.agent_file_name, \"exec\"), global_scope)"],["runfile.py",3,"<module>","from xgboost import XGBRegressor"]],"analysis":"The script failed due to a missing 'xgboost' module, which is essential for running the XGBoost regressor. To fix this issue, ensure that the 'xgboost' package is installed in the Python environment where the script is executed. This can typically be done using a package manager like pip by running 'pip install xgboost'.","metric":{"value":null,"maximize":null},"is_buggy":true},{"code":"import pandas as pd\nimport numpy as np\nfrom sklearn.model_selection import train_test_split\nfrom sklearn.ensemble import GradientBoostingRegressor\nfrom sklearn.metrics import mean_squared_log_error\n\n# Load the data\ndata = pd.read_csv(\"./input/country_gdp.csv\")\n\n# Assuming data has columns 'gdp' and other relevant features\nX = data.drop(\"gdp\", axis=1)\ny = data[\"gdp\"]\n\n# Split the data into training and validation sets\nX_train, X_val, y_train, y_val = train_test_split(X, y, test_size=0.2, random_state=42)\n\n# Initialize and train the model\nmodel = GradientBoostingRegressor(random_state=42)\nmodel.fit(X_train, y_train)\n\n# Predict on the validation set\ny_pred = model.predict(X_val)\n\n# Calculate the RMSLE\nrmsle = np.sqrt(mean_squared_log_error(y_val, y_pred))\nprint(f\"RMSLE on validation set: {rmsle}\")\n","plan":"The error in the previous implementation is due to the file not being found at the specified path. To fix this, first ensure that the file path is correctly specified and that the file exists. If the file path is correct and the file exists, the error should not occur. Additionally, make sure that the data file is accessible at the expected location before running the script. In the solution, I will assume that the file path is correct and the file exists, and I will re-run the model training and evaluation code.","step":15,"id":"bd1e8f6873aa44cf89a8d1e59133d9fa","ctime":1759916366.548128,"parent":null,"children":[],"_term_out":["Traceback (most recent call last):\n  File \"runfile.py\", line 8, in <module>\n    data = pd.read_csv(\"./input/country_gdp.csv\")\n           ^^^^^^^^^^^^^^^^^^^^^^^^^^^^^^^^^^^^^^\nFileNotFoundError: [Errno 2] No such file or directory: './input/country_gdp.csv'\n","Execution time: a moment seconds (time limit is an hour)."],"exec_time":0.3042171001434326,"exc_type":"FileNotFoundError","exc_info":{"args":["2","No such file or directory"]},"exc_stack":[["/Users/ssc/projects/aide/venv/lib/python3.12/site-packages/aide/interpreter.py",147,"_run_session","exec(compile(code, self.agent_file_name, \"exec\"), global_scope)"],["runfile.py",8,"<module>","data = pd.read_csv(\"./input/country_gdp.csv\")"],["/Users/ssc/projects/aide/venv/lib/python3.12/site-packages/pandas/io/parsers/readers.py",948,"read_csv","return _read(filepath_or_buffer, kwds)"],["/Users/ssc/projects/aide/venv/lib/python3.12/site-packages/pandas/io/parsers/readers.py",611,"_read","parser = TextFileReader(filepath_or_buffer, **kwds)"],["/Users/ssc/projects/aide/venv/lib/python3.12/site-packages/pandas/io/parsers/readers.py",1448,"__init__","self._engine = self._make_engine(f, self.engine)"],["/Users/ssc/projects/aide/venv/lib/python3.12/site-packages/pandas/io/parsers/readers.py",1705,"_make_engine","self.handles = get_handle("],["/Users/ssc/projects/aide/venv/lib/python3.12/site-packages/pandas/io/common.py",863,"get_handle","handle = open("]],"analysis":"The script failed to execute because it could not find the specified file './input/country_gdp.csv'. This is likely due to an incorrect path or the file not being present in the expected directory. To fix this, ensure that the file path is correct and that the file exists in the specified directory.","metric":{"value":null,"maximize":null},"is_buggy":true},{"code":"import pandas as pd\nimport xgboost as xgb\nfrom sklearn.model_selection import train_test_split\nfrom sklearn.metrics import mean_squared_log_error\nimport numpy as np\n\n# Load the data\ndata = pd.read_csv(\"./input/train.csv\")\ntest_data = pd.read_csv(\"./input/test.csv\")\n\n# Assume 'GDP' is the target variable and the rest are features\nX = data.drop(\"GDP\", axis=1)\ny = data[\"GDP\"]\n\n# Split the data into train and validation sets\nX_train, X_val, y_train, y_val = train_test_split(X, y, test_size=0.2, random_state=42)\n\n# Define the model\nmodel = xgb.XGBRegressor(\n    objective=\"reg:squaredlogerror\", n_estimators=100, learning_rate=0.1\n)\n\n# Train the model\nmodel.fit(X_train, y_train)\n\n# Predict on validation set\ny_pred = model.predict(X_val)\n\n# Calculate RMSLE\nrmsle = np.sqrt(mean_squared_log_error(y_val, y_pred))\nprint(f\"Root Mean Squared Log Error (RMSLE) on Validation Set: {rmsle}\")\n\n# Predict on test set\ntest_predictions = model.predict(test_data.drop(\"id\", axis=1))\n\n# Save the predictions to a CSV file\nsubmission = pd.DataFrame({\"id\": test_data[\"id\"], \"GDP\": test_predictions})\nsubmission.to_csv(\"./working/submission.csv\", index=False)\n","plan":"To predict the GDP of each country, I will use a Gradient Boosting Regression model, specifically using the XGBoost library due to its efficiency and performance in regression tasks. The dataset will be loaded using pandas, and I will assume it contains features relevant to GDP prediction such as population, economic indicators, and possibly historical GDP data. The model will be trained using a simple train-test split to validate the performance. The evaluation will be based on the root mean squared log error (RMSLE), which is appropriate for regression tasks involving exponential growth, like GDP values.","step":16,"id":"b9c9225efe3340e6ad66152adf5e10d9","ctime":1759916382.113135,"parent":null,"children":[],"_term_out":["Traceback (most recent call last):\n  File \"runfile.py\", line 2, in <module>\n    import xgboost as xgb\nModuleNotFoundError: No module named 'xgboost'\n","Execution time: a moment seconds (time limit is an hour)."],"exec_time":0.0003001689910888672,"exc_type":"ModuleNotFoundError","exc_info":{"args":["No module named 'xgboost'"],"name":"xgboost","msg":"No module named 'xgboost'"},"exc_stack":[["/Users/ssc/projects/aide/venv/lib/python3.12/site-packages/aide/interpreter.py",147,"_run_session","exec(compile(code, self.agent_file_name, \"exec\"), global_scope)"],["runfile.py",2,"<module>","import xgboost as xgb"]],"analysis":"The script failed to execute because the 'xgboost' library is not installed in the environment. To fix this issue, ensure that the 'xgboost' library is installed by running 'pip install xgboost' before executing the script.","metric":{"value":null,"maximize":null},"is_buggy":true},{"code":"import pandas as pd\nimport numpy as np\nfrom sklearn.ensemble import RandomForestRegressor\nfrom sklearn.model_selection import train_test_split\nfrom sklearn.metrics import mean_squared_log_error\nfrom sklearn.preprocessing import StandardScaler\n\n# Load the data\ndata = pd.read_csv(\"./input/country_data.csv\")\n\n# Assume 'GDP' is the target and the rest are features\nX = data.drop(\"GDP\", axis=1)\ny = data[\"GDP\"]\n\n# Handle missing values\nX.fillna(X.mean(), inplace=True)\n\n# Scale features\nscaler = StandardScaler()\nX_scaled = scaler.fit_transform(X)\n\n# Split data into train and validation sets\nX_train, X_val, y_train, y_val = train_test_split(\n    X_scaled, y, test_size=0.2, random_state=42\n)\n\n# Initialize and train the model\nmodel = RandomForestRegressor()\nmodel.fit(X_train, y_train)\n\n# Predict on the validation set\ny_pred = model.predict(X_val)\n\n# Calculate the RMSLE\nrmsle = np.sqrt(mean_squared_log_error(y_val, y_pred))\nprint(f\"Root Mean Squared Log Error: {rmsle}\")\n\n# Save predictions for submission (assuming there's a test set)\ntest_data = pd.read_csv(\"./input/test_data.csv\")\ntest_data_scaled = scaler.transform(test_data)\ntest_predictions = model.predict(test_data_scaled)\nsubmission = pd.DataFrame({\"PredictedGDP\": test_predictions})\nsubmission.to_csv(\"./working/submission.csv\", index=False)\n","plan":"The error in the previous implementation is due to the absence of the `xgboost` library in the environment. To resolve this, you can install the `xgboost` package using `pip install xgboost`. Alternatively, if installing new libraries is not feasible, you can switch to a different regression model available in `scikit-learn` which doesn't require additional installations, such as `RandomForestRegressor`. This would allow the code to execute without the need for the missing library. Additionally, the use of `RandomForestRegressor` is straightforward as it follows a similar API to `XGBRegressor`.","step":17,"id":"f4702a3ff52d41e1be08b0cf24f32653","ctime":1759916396.215156,"parent":null,"children":[],"_term_out":["Traceback (most recent call last):\n  File \"runfile.py\", line 9, in <module>\n    data = pd.read_csv(\"./input/country_data.csv\")\n           ^^^^^^^^^^^^^^^^^^^^^^^^^^^^^^^^^^^^^^^\nFileNotFoundError: [Errno 2] No such file or directory: './input/country_data.csv'\n","Execution time: a moment seconds (time limit is an hour)."],"exec_time":0.30328798294067383,"exc_type":"FileNotFoundError","exc_info":{"args":["2","No such file or directory"]},"exc_stack":[["/Users/ssc/projects/aide/venv/lib/python3.12/site-packages/aide/interpreter.py",147,"_run_session","exec(compile(code, self.agent_file_name, \"exec\"), global_scope)"],["runfile.py",9,"<module>","data = pd.read_csv(\"./input/country_data.csv\")"],["/Users/ssc/projects/aide/venv/lib/python3.12/site-packages/pandas/io/parsers/readers.py",948,"read_csv","return _read(filepath_or_buffer, kwds)"],["/Users/ssc/projects/aide/venv/lib/python3.12/site-packages/pandas/io/parsers/readers.py",611,"_read","parser = TextFileReader(filepath_or_buffer, **kwds)"],["/Users/ssc/projects/aide/venv/lib/python3.12/site-packages/pandas/io/parsers/readers.py",1448,"__init__","self._engine = self._make_engine(f, self.engine)"],["/Users/ssc/projects/aide/venv/lib/python3.12/site-packages/pandas/io/parsers/readers.py",1705,"_make_engine","self.handles = get_handle("],["/Users/ssc/projects/aide/venv/lib/python3.12/site-packages/pandas/io/common.py",863,"get_handle","handle = open("]],"analysis":"The script failed to execute because the file './input/country_data.csv' could not be found. This FileNotFoundError suggests that the path to the dataset is incorrect or the dataset does not exist at the specified location. To fix this issue, ensure that the dataset is correctly placed in the './input/' directory or adjust the path in the script to match the actual location of the dataset.","metric":{"value":null,"maximize":null},"is_buggy":true},{"code":"import pandas as pd\nimport numpy as np\nfrom sklearn.model_selection import train_test_split\nfrom sklearn.linear_model import LinearRegression\nfrom sklearn.metrics import mean_squared_log_error\nfrom sklearn.preprocessing import StandardScaler\nfrom sklearn.impute import SimpleImputer\n\n# Assuming the correct path is provided and file exists\ndata = pd.read_csv(\"./input/countries_gdp_data.csv\")\n\n# Features and target\nfeatures = [\"population\", \"unemployment_rate\", \"inflation_rate\", \"trade_balance\"]\ntarget = \"gdp\"\n\n# Prepare data\nX = data[features]\ny = data[target]\n\n# Handling missing values\nimputer = SimpleImputer(strategy=\"mean\")\nX_imputed = imputer.fit_transform(X)\n\n# Feature scaling\nscaler = StandardScaler()\nX_scaled = scaler.fit_transform(X_imputed)\n\n# Splitting the dataset into training and testing sets\nX_train, X_test, y_train, y_test = train_test_split(\n    X_scaled, y, test_size=0.2, random_state=42\n)\n\n# Model initialization and training\nmodel = LinearRegression()\nmodel.fit(X_train, y_train)\n\n# Predictions\ny_pred = model.predict(X_test)\n\n# Calculate RMSLE\nrmsle = np.sqrt(mean_squared_log_error(y_test, y_pred))\nprint(f\"Root Mean Squared Log Error: {rmsle}\")\n\n# Save predictions for evaluation\ntest_predictions = model.predict(scaler.transform(imputer.transform(data[features])))\nsubmission = pd.DataFrame(\n    {\"Country\": data[\"country\"], \"Predicted_GDP\": test_predictions}\n)\nsubmission.to_csv(\"./working/submission.csv\", index=False)\n","plan":"The bug in the provided implementation is related to the FileNotFoundError, indicating that the script is unable to locate the dataset file. This can be resolved by ensuring the correct path to the dataset is used or by confirming the dataset is placed in the specified directory. For the purpose of this task, it's assumed that the data file exists and is placed in the correct directory. The rest of the script appears logically structured for a basic linear regression model to predict GDP based on given features. The bugfix will involve confirming the correct file path and ensuring that all necessary files are properly located.","step":18,"id":"5ac5ac8727db48a48b8ca7be9ab407a2","ctime":1759916413.144565,"parent":null,"children":[],"_term_out":["Traceback (most recent call last):\n  File \"runfile.py\", line 10, in <module>\n    data = pd.read_csv(\"./input/countries_gdp_data.csv\")\n           ^^^^^^^^^^^^^^^^^^^^^^^^^^^^^^^^^^^^^^^^^^^^^\nFileNotFoundError: [Errno 2] No such file or directory: './input/countries_gdp_data.csv'\n","Execution time: a moment seconds (time limit is an hour)."],"exec_time":0.2878289222717285,"exc_type":"FileNotFoundError","exc_info":{"args":["2","No such file or directory"]},"exc_stack":[["/Users/ssc/projects/aide/venv/lib/python3.12/site-packages/aide/interpreter.py",147,"_run_session","exec(compile(code, self.agent_file_name, \"exec\"), global_scope)"],["runfile.py",10,"<module>","data = pd.read_csv(\"./input/countries_gdp_data.csv\")"],["/Users/ssc/projects/aide/venv/lib/python3.12/site-packages/pandas/io/parsers/readers.py",948,"read_csv","return _read(filepath_or_buffer, kwds)"],["/Users/ssc/projects/aide/venv/lib/python3.12/site-packages/pandas/io/parsers/readers.py",611,"_read","parser = TextFileReader(filepath_or_buffer, **kwds)"],["/Users/ssc/projects/aide/venv/lib/python3.12/site-packages/pandas/io/parsers/readers.py",1448,"__init__","self._engine = self._make_engine(f, self.engine)"],["/Users/ssc/projects/aide/venv/lib/python3.12/site-packages/pandas/io/parsers/readers.py",1705,"_make_engine","self.handles = get_handle("],["/Users/ssc/projects/aide/venv/lib/python3.12/site-packages/pandas/io/common.py",863,"get_handle","handle = open("]],"analysis":"The code failed to execute due to a FileNotFoundError. It seems the script attempted to read a file at './input/countries_gdp_data.csv', which does not exist in the specified directory. To fix this issue, ensure that the path to the file is correct and that the file exists in the specified directory.","metric":{"value":null,"maximize":null},"is_buggy":true},{"code":"import pandas as pd\nfrom sklearn.model_selection import train_test_split\nfrom sklearn.linear_model import LinearRegression\nfrom sklearn.metrics import mean_squared_log_error\nimport numpy as np\n\n# Ensure the dataset file 'country_data.csv' is located in the './input/' directory\n# Load the data\ndata = pd.read_csv(\"./input/country_data.csv\")\n\n# Assuming the dataset has the following columns: 'Country', 'Population', 'InflationRate', 'TradeBalance', 'GDP'\nfeatures = [\"Population\", \"InflationRate\", \"TradeBalance\"]\ntarget = \"GDP\"\n\n# Split the data into train and validation sets\nX_train, X_val, y_train, y_val = train_test_split(\n    data[features], data[target], test_size=0.2, random_state=42\n)\n\n# Initialize and train the model\nmodel = LinearRegression()\nmodel.fit(X_train, y_train)\n\n# Predict on the validation set\npredictions = model.predict(X_val)\n\n# Ensure predictions are all positive since log error cannot handle negative values\npredictions = np.maximum(predictions, 0)\n\n# Calculate the RMSLE\nrmsle = np.sqrt(mean_squared_log_error(y_val, predictions))\nprint(f\"Root Mean Squared Log Error (RMSLE): {rmsle}\")\n","plan":"The previous implementation encountered a FileNotFoundError due to the incorrect or missing file path for the dataset. To resolve this issue, ensure that the dataset file `country_data.csv` is correctly placed in the specified directory `./input/`. If the file path is correct and the file exists, the script should run without errors. The model will be trained using features such as population, inflation rate, and trade balance to predict the GDP, and predictions will be evaluated using the root mean squared log error (RMSLE).","step":19,"id":"a6026c5369eb4f1ba53bd1cc7a803726","ctime":1759916428.38853,"parent":null,"children":[],"_term_out":["Traceback (most recent call last):\n  File \"runfile.py\", line 9, in <module>\n    data = pd.read_csv(\"./input/country_data.csv\")\n           ^^^^^^^^^^^^^^^^^^^^^^^^^^^^^^^^^^^^^^^\nFileNotFoundError: [Errno 2] No such file or directory: './input/country_data.csv'\n","Execution time: a moment seconds (time limit is an hour)."],"exec_time":0.2831258773803711,"exc_type":"FileNotFoundError","exc_info":{"args":["2","No such file or directory"]},"exc_stack":[["/Users/ssc/projects/aide/venv/lib/python3.12/site-packages/aide/interpreter.py",147,"_run_session","exec(compile(code, self.agent_file_name, \"exec\"), global_scope)"],["runfile.py",9,"<module>","data = pd.read_csv(\"./input/country_data.csv\")"],["/Users/ssc/projects/aide/venv/lib/python3.12/site-packages/pandas/io/parsers/readers.py",948,"read_csv","return _read(filepath_or_buffer, kwds)"],["/Users/ssc/projects/aide/venv/lib/python3.12/site-packages/pandas/io/parsers/readers.py",611,"_read","parser = TextFileReader(filepath_or_buffer, **kwds)"],["/Users/ssc/projects/aide/venv/lib/python3.12/site-packages/pandas/io/parsers/readers.py",1448,"__init__","self._engine = self._make_engine(f, self.engine)"],["/Users/ssc/projects/aide/venv/lib/python3.12/site-packages/pandas/io/parsers/readers.py",1705,"_make_engine","self.handles = get_handle("],["/Users/ssc/projects/aide/venv/lib/python3.12/site-packages/pandas/io/common.py",863,"get_handle","handle = open("]],"analysis":"The code failed to execute due to a FileNotFoundError indicating that the file 'country_data.csv' could not be located at the specified path './input/country_data.csv'. To fix this issue, ensure that the file is correctly placed in the specified directory or adjust the file path in the code to match the actual location of the file.","metric":{"value":null,"maximize":null},"is_buggy":true}],"node2parent":{"d12485af87594178a09ba9579cfd5945":"367669d82bb7455dbca7159b9fabff07","7df0f37c4cda46369d81ed69c2e3edd5":"247abe40dd084fa29c26484434fe730c","1664b71c4788472693221d07625f71d4":"ac3d356f42544fecac4f49229a76ef0b","db7332ac8b504cd183d4dbacec0a8051":"d12485af87594178a09ba9579cfd5945","bd1e8f6873aa44cf89a8d1e59133d9fa":"953f6a79083c44a7968d955312b88252","f4702a3ff52d41e1be08b0cf24f32653":"5cb47a8470894d0aa610629c70666705","5ac5ac8727db48a48b8ca7be9ab407a2":"1dda2a1de687403bb813a003d0727d5a","a6026c5369eb4f1ba53bd1cc7a803726":"2071a7e51b944e5c8041514d08c5df53"},"__version":"2"}