Abbrev,Rep,Locality,Map_Ref,Latitude,Altitude,Rainfall,Frosts,Year,Sp,PMCno,DBH,Ht,Surv,Vig,Ins_res,Stem_Fm,Crown_Fm,Brnch_Fm,Utility
8,2,4,4,4,180.0,1080.0,-3.0,1983.0,4.0,2547.0,9.130000114440918,8.010000228881836,75.0,2.799999952316284,2.0,3.299999952316284,3.299999952316284,3.0,2.0
6,1,4,6,4,180.0,1080.0,-3.0,1982.0,19.0,1340.0,2.0999999046325684,3.380000114440918,50.0,1.0,1.0,3.0,3.0,3.0,0.0
4,2,4,4,4,180.0,1080.0,-3.0,1981.0,14.0,1338.0,6.070000171661377,5.889999866485596,63.0,3.0,3.0,2.0,2.0,2.5,1.0
13,3,0,11,10,150.0,900.0,-2.0,1986.0,22.0,2770.0,15.229999542236328,6.960000038146973,,,,,,,0.0
3,3,3,3,3,70.0,1000.0,-2.0,1981.0,6.0,1785.0,10.5,7.599999904632568,88.0,2.299999952316284,2.0,3.0,3.5,3.0,1.0
0,2,0,0,0,100.0,850.0,-2.0,1980.0,7.0,1523.0,18.709999084472656,10.899999618530273,100.0,4.0,4.0,3.299999952316284,4.0,3.0,4.0
5,1,5,5,5,160.0,1000.0,-3.0,1981.0,6.0,1785.0,11.100000381469727,8.699999809265137,88.0,3.0,2.0,3.0,4.0,4.0,3.0
12,3,4,4,4,180.0,1080.0,-3.0,1981.0,15.0,2426.0,17.420000076293945,9.010000228881836,45.0,4.5,4.5,3.0,2.0,1.5,4.0
5,1,5,5,5,160.0,1000.0,-3.0,1981.0,1.0,2447.0,11.199999809265137,9.100000381469727,88.0,4.0,3.5,3.0,3.5,3.0,3.0
10,2,5,9,8,300.0,1200.0,-3.0,1982.0,13.0,2621.0,8.109999656677246,4.980000019073486,100.0,3.0,1.0,4.0,4.0,4.0,2.0
6,1,4,6,4,180.0,1080.0,-3.0,1982.0,15.0,2426.0,53.86000061035156,5.010000228881836,100.0,2.5,3.5,3.0,3.0,3.0,1.0
1,3,1,1,1,200.0,1400.0,-2.0,1980.0,5.0,1522.0,30.479999542236328,12.09000015258789,,4.5,4.0,3.5,3.5,2.5,4.0
10,3,5,9,8,300.0,1200.0,-3.0,1982.0,15.0,2548.0,24.770000457763672,10.670000076293945,100.0,4.5,3.0,4.0,3.0,2.0,3.0
11,1,6,10,9,150.0,1300.0,-2.0,1983.0,15.0,2548.0,35.540000915527344,13.020000457763672,20.0,3.200000047683716,3.5,2.5,2.5,2.299999952316284,3.0
7,2,2,7,6,150.0,1250.0,-3.0,1983.0,22.0,1592.0,24.950000762939453,19.690000534057617,50.0,3.5,3.0,2.700000047683716,3.0,2.700000047683716,3.0
10,2,5,9,8,300.0,1200.0,-3.0,1982.0,3.0,2569.0,17.030000686645508,10.420000076293945,100.0,3.0,3.0,4.0,4.0,3.0,3.0
11,3,6,10,9,150.0,1300.0,-2.0,1983.0,3.0,2634.0,40.220001220703125,18.219999313354492,10.0,4.0,4.5,3.0,3.5,2.0,3.0
2,2,2,2,2,130.0,1000.0,-3.0,1980.0,7.0,1523.0,20.799999237060547,12.0,20.0,3.0,4.0,3.0,3.5,3.0,2.0
13,2,0,11,10,150.0,900.0,-2.0,1986.0,3.0,3270.0,35.779998779296875,16.290000915527344,,,,,,,0.0
9,1,5,8,7,220.0,1050.0,-2.0,1983.0,5.0,2570.0,16.549999237060547,8.210000038146973,100.0,3.5,3.0,3.5,3.299999952316284,3.0,3.0
11,3,6,10,9,150.0,1300.0,-2.0,1983.0,18.0,2550.0,9.989999771118164,5.329999923706055,10.0,1.5,2.5,3.0,3.0,3.0,0.0
10,2,5,9,8,300.0,1200.0,-3.0,1982.0,6.0,2571.0,8.979999542236328,4.079999923706055,75.0,4.0,2.0,2.0,2.0,2.0,2.0
7,1,2,7,6,150.0,1250.0,-3.0,1983.0,1.0,2552.0,31.8700008392334,20.520000457763672,25.0,3.700000047683716,3.5,2.5,2.5,1.5,2.0
2,3,2,2,2,130.0,1000.0,-3.0,1980.0,4.0,2088.0,17.600000381469727,9.0,90.0,4.5,2.5,3.0,2.0,1.5,3.0
9,2,5,8,7,220.0,1050.0,-2.0,1983.0,6.0,2571.0,16.149999618530273,6.190000057220459,100.0,3.0,2.299999952316284,3.0,4.0,4.0,3.0
13,2,0,11,10,150.0,900.0,-2.0,1986.0,7.0,2573.0,27.65999984741211,11.829999923706055,,,,,,,0.0
9,1,5,8,7,220.0,1050.0,-2.0,1983.0,3.0,2569.0,18.440000534057617,8.739999771118164,100.0,3.5,3.5,2.799999952316284,4.0,2.799999952316284,3.0
12,1,4,4,4,180.0,1080.0,-3.0,1981.0,0.0,2562.0,7.989999771118164,5.489999771118164,17.0,2.0,3.0,2.5,3.299999952316284,3.0,1.0
13,3,0,11,10,150.0,900.0,-2.0,1986.0,3.0,2569.0,22.889999389648438,10.420000076293945,,,,,,,0.0
5,2,5,5,5,160.0,1000.0,-3.0,1981.0,12.0,1111.0,6.900000095367432,5.599999904632568,3.0,3.0,3.0,3.0,3.0,2.0,0.0
1,2,1,1,1,200.0,1400.0,-2.0,1980.0,0.0,1520.0,25.920000076293945,12.119999885559082,,3.299999952316284,3.0,4.0,3.5,3.5,3.0
4,3,4,4,4,180.0,1080.0,-3.0,1981.0,18.0,1787.0,3.7699999809265137,4.880000114440918,88.0,4.0,3.5,4.0,4.0,4.0,4.0
2,2,2,2,2,130.0,1000.0,-3.0,1980.0,0.0,1520.0,6.800000190734863,5.5,60.0,2.5,3.5,3.5,3.5,3.0,1.0
5,3,5,5,5,160.0,1000.0,-3.0,1981.0,7.0,1598.0,13.600000381469727,7.300000190734863,38.0,3.0,3.0,2.0,2.5,2.0,2.0
3,1,3,3,3,70.0,1000.0,-2.0,1981.0,19.0,1340.0,9.300000190734863,4.300000190734863,63.0,1.0,1.2000000476837158,1.0,1.0,1.0,0.0
7,1,2,7,6,150.0,1250.0,-3.0,1983.0,23.0,1252.0,17.360000610351562,15.640000343322754,50.0,3.5,3.5,2.5,2.5,2.5,2.0
9,3,5,8,7,220.0,1050.0,-2.0,1983.0,15.0,2548.0,6.340000152587891,3.6500000953674316,100.0,3.0,3.0,2.0,2.5,2.5,1.0
3,2,3,3,3,70.0,1000.0,-2.0,1981.0,5.0,2459.0,19.600000381469727,15.399999618530273,100.0,5.0,3.0,5.0,4.300000190734863,3.0,4.0
4,1,4,4,4,180.0,1080.0,-3.0,1981.0,18.0,1787.0,5.300000190734863,4.880000114440918,38.0,3.5,3.0,4.0,4.0,4.0,3.0
11,3,6,10,9,150.0,1300.0,-2.0,1983.0,3.0,2569.0,31.329999923706055,10.199999809265137,10.0,3.5,4.0,3.0,4.0,3.0,4.0
2,3,2,2,2,130.0,1000.0,-3.0,1980.0,3.0,1596.0,24.5,12.0,20.0,4.0,4.0,4.0,4.0,2.0,3.0
10,2,5,9,8,300.0,1200.0,-3.0,1982.0,8.0,2575.0,8.5600004196167,3.3299999237060547,75.0,2.0,3.0,2.0,2.0,2.0,0.0
9,3,5,8,7,220.0,1050.0,-2.0,1983.0,4.0,2547.0,18.15999984741211,8.289999961853027,75.0,4.0,2.299999952316284,3.299999952316284,3.299999952316284,3.0,3.0
9,1,5,8,7,220.0,1050.0,-2.0,1983.0,18.0,2553.0,20.81999969482422,11.369999885559082,88.0,2.5,3.299999952316284,3.299999952316284,3.0,2.299999952316284,2.0
7,3,2,7,6,150.0,1250.0,-3.0,1983.0,24.0,2750.0,32.75,16.3700008392334,50.0,4.0,4.0,2.0,2.0,2.0,4.0
0,2,0,0,0,100.0,850.0,-2.0,1980.0,4.0,2088.0,10.779999732971191,8.930000305175781,100.0,3.0,2.0,3.0,3.0,3.0,3.0
11,1,6,10,9,150.0,1300.0,-2.0,1983.0,18.0,2553.0,27.440000534057617,11.319999694824219,20.0,3.5,3.0,3.299999952316284,4.0,2.9000000953674316,4.0
3,3,3,3,3,70.0,1000.0,-2.0,1981.0,19.0,1340.0,8.800000190734863,6.300000190734863,100.0,2.0,2.0,1.0,2.0,2.0,0.0
10,2,5,9,8,300.0,1200.0,-3.0,1982.0,13.0,2620.0,7.300000190734863,5.909999847412109,100.0,2.0,2.0,3.0,4.0,4.0,1.0
0,1,0,0,0,100.0,850.0,-2.0,1980.0,4.0,2088.0,14.5,10.779999732971191,90.0,4.0,2.700000047683716,3.299999952316284,3.0,3.0,3.0
5,3,5,5,5,160.0,1000.0,-3.0,1981.0,5.0,2469.0,5.699999809265137,5.599999904632568,100.0,3.0,2.5,4.0,5.0,4.0,3.0
4,3,4,4,4,180.0,1080.0,-3.0,1981.0,11.0,1094.0,5.260000228881836,5.480000019073486,63.0,2.0,1.5,2.0,2.0,2.0,0.0
15,1,2,13,6,100.0,1250.0,-2.0,1983.0,15.0,2548.0,41.630001068115234,12.640000343322754,28.0,4.199999809265137,3.200000047683716,2.299999952316284,1.899999976158142,1.7000000476837158,2.0
12,3,4,4,4,180.0,1080.0,-3.0,1981.0,6.0,1788.0,9.539999961853027,6.829999923706055,13.0,2.5,1.7999999523162842,2.5,4.0,3.0,2.0
6,2,4,6,4,180.0,1080.0,-3.0,1982.0,13.0,2620.0,3.5399999618530273,3.430000066757202,100.0,2.5,2.0,3.299999952316284,3.299999952316284,3.299999952316284,1.0
6,1,4,6,4,180.0,1080.0,-3.0,1982.0,12.0,1111.0,6.019999980926514,3.630000114440918,38.0,2.5,3.0,3.0,3.0,3.0,1.0
3,3,3,3,3,70.0,1000.0,-2.0,1981.0,3.0,1596.0,15.100000381469727,12.300000190734863,88.0,3.5,3.0,3.299999952316284,4.0,4.0,4.0
10,1,5,9,8,300.0,1200.0,-3.0,1982.0,6.0,1788.0,6.760000228881836,6.760000228881836,75.0,1.0,1.0,3.0,3.0,3.0,0.0
10,1,5,9,8,300.0,1200.0,-3.0,1982.0,15.0,1482.0,6.519999980926514,5.809999942779541,100.0,3.0,3.0,3.0,3.0,3.0,3.0
6,3,4,6,4,180.0,1080.0,-3.0,1982.0,6.0,1259.0,7.650000095367432,8.239999771118164,25.0,2.0,2.0,4.0,4.0,4.0,2.0
6,3,4,6,4,180.0,1080.0,-3.0,1982.0,6.0,1788.0,15.3100004196167,11.770000457763672,75.0,3.0,2.0,4.0,4.0,4.0,4.0
13,2,0,11,10,150.0,900.0,-2.0,1986.0,7.0,3273.0,24.719999313354492,10.579999923706055,,,,,,,0.0
7,2,2,7,6,150.0,1250.0,-3.0,1983.0,24.0,2750.0,29.469999313354492,14.670000076293945,88.0,4.0,4.0,3.0,3.0,1.7000000476837158,4.0
7,1,2,7,6,150.0,1250.0,-3.0,1983.0,4.0,2547.0,20.799999237060547,10.229999542236328,13.0,3.0,3.0,3.0,2.5,3.0,2.0
0,2,0,0,0,100.0,850.0,-2.0,1980.0,9.0,1525.0,17.520000457763672,9.220000267028809,60.0,4.0,3.0,3.0,3.0,2.0,3.0
13,1,0,11,10,150.0,900.0,-2.0,1986.0,7.0,3272.0,26.6299991607666,11.399999618530273,,,,,,,0.0
3,2,3,3,3,70.0,1000.0,-2.0,1981.0,13.0,1112.0,11.899999618530273,9.699999809265137,100.0,2.299999952316284,1.7999999523162842,3.0,3.5,3.200000047683716,1.0
8,1,4,4,4,180.0,1080.0,-3.0,1983.0,0.0,2562.0,17.40999984741211,12.4399995803833,50.0,3.5,3.299999952316284,3.0,3.5,3.0,3.0
8,3,4,4,4,180.0,1080.0,-3.0,1983.0,15.0,1482.0,6.940000057220459,5.170000076293945,38.0,2.5,3.0,3.0,4.0,3.5,1.0
3,3,3,3,3,70.0,1000.0,-2.0,1981.0,1.0,1339.0,23.899999618530273,12.699999809265137,37.0,4.0,3.0,3.0,3.0,3.0,3.0
10,1,5,9,8,300.0,1200.0,-3.0,1982.0,22.0,1592.0,10.399999618530273,5.769999980926514,75.0,3.0,3.0,2.0,3.0,2.0,2.0
5,2,5,5,5,160.0,1000.0,-3.0,1981.0,21.0,1780.0,3.200000047683716,5.900000095367432,1.5,3.0,2.0,2.0,2.0,0.0,0.0
0,3,0,0,0,100.0,850.0,-2.0,1980.0,6.0,1521.0,8.779999732971191,5.789999961853027,50.0,2.5,2.0,3.200000047683716,3.299999952316284,3.0,2.0
10,3,5,9,8,300.0,1200.0,-3.0,1982.0,3.0,2569.0,13.729999542236328,7.599999904632568,75.0,2.5,2.0,3.0,3.0,3.0,2.0
2,2,2,2,2,130.0,1000.0,-3.0,1980.0,5.0,1522.0,15.5,9.800000190734863,40.0,4.0,3.5,3.5,3.5,3.0,3.0
12,1,4,4,4,180.0,1080.0,-3.0,1981.0,6.0,1785.0,10.239999771118164,6.949999809265137,46.0,2.0,2.0,3.0,4.0,3.0,1.0
8,3,4,4,4,180.0,1080.0,-3.0,1983.0,22.0,2560.0,13.130000114440918,11.489999771118164,88.0,3.0,4.0,3.0,4.0,4.0,4.0
12,3,4,4,4,180.0,1080.0,-3.0,1981.0,6.0,1785.0,7.889999866485596,5.650000095367432,45.0,2.5,2.0,3.0,3.299999952316284,2.5,2.0
13,2,0,11,10,150.0,900.0,-2.0,1986.0,26.0,3274.0,19.920000076293945,7.46999979019165,,,,,,,0.0
9,2,5,8,7,220.0,1050.0,-2.0,1983.0,4.0,2568.0,20.290000915527344,9.270000457763672,88.0,2.0,2.5,3.0,3.0,2.0,1.0
7,1,2,7,6,150.0,1250.0,-3.0,1983.0,3.0,2634.0,21.719999313354492,14.75,38.0,3.0,3.0,3.0,4.0,2.299999952316284,3.0
4,2,4,4,4,180.0,1080.0,-3.0,1981.0,8.0,1524.0,2.569999933242798,3.0799999237060547,75.0,2.0,2.0,2.0,4.0,3.0,1.0
1,1,1,1,1,200.0,1400.0,-2.0,1980.0,3.0,1596.0,25.989999771118164,9.600000381469727,,4.0,4.0,3.0,4.0,2.700000047683716,4.0
5,3,5,5,5,160.0,1000.0,-3.0,1981.0,17.0,1171.0,3.5,2.9000000953674316,75.0,1.0,1.0,3.0,3.0,3.0,0.0
13,3,0,11,10,150.0,900.0,-2.0,1986.0,22.0,3269.0,25.34000015258789,11.569999694824219,,,,,,,0.0
4,2,4,4,4,180.0,1080.0,-3.0,1981.0,5.0,1337.0,8.630000114440918,8.210000038146973,100.0,4.0,3.0,3.5,3.5,3.5,3.0
8,2,4,4,4,180.0,1080.0,-3.0,1983.0,15.0,1482.0,14.029999732971191,9.899999618530273,63.0,3.5,4.0,3.5,3.0,3.0,3.0
10,1,5,9,8,300.0,1200.0,-3.0,1982.0,18.0,2574.0,13.430000305175781,9.029999732971191,100.0,4.0,2.0,4.0,3.0,2.5,3.0
8,2,4,4,4,180.0,1080.0,-3.0,1983.0,18.0,2553.0,4.789999961853027,4.360000133514404,38.0,2.0,3.5,3.5,4.0,3.5,1.0
13,2,0,11,10,150.0,900.0,-2.0,1986.0,25.0,1257.0,26.18000030517578,11.960000038146973,,,,,,,0.0
10,2,5,9,8,300.0,1200.0,-3.0,1982.0,15.0,2426.0,16.690000534057617,9.479999542236328,50.0,4.0,3.0,4.0,4.0,3.0,4.0
4,1,4,4,4,180.0,1080.0,-3.0,1981.0,5.0,2469.0,19.920000076293945,7.369999885559082,13.0,2.0,2.5,3.0,3.0,3.0,1.0
11,1,6,10,9,150.0,1300.0,-2.0,1983.0,15.0,1482.0,38.150001525878906,16.850000381469727,10.0,3.5,4.0,3.299999952316284,4.0,3.5,4.0
6,2,4,6,4,180.0,1080.0,-3.0,1982.0,3.0,2569.0,19.440000534057617,15.380000114440918,75.0,4.5,3.5,3.5,4.0,3.0,4.0
10,1,5,9,8,300.0,1200.0,-3.0,1982.0,7.0,2573.0,2.450000047683716,3.059999942779541,50.0,1.5,4.0,1.0,2.0,3.0,0.0
4,2,4,4,4,180.0,1080.0,-3.0,1981.0,9.0,2435.0,3.559999942779541,4.269999980926514,25.0,3.0,3.0,3.0,3.0,3.0,2.0
8,1,4,4,4,180.0,1080.0,-3.0,1983.0,6.0,1788.0,5.349999904632568,5.900000095367432,25.0,2.0,1.7999999523162842,2.0,2.5,3.0,1.0
9,1,5,8,7,220.0,1050.0,-2.0,1983.0,5.0,1522.0,15.729999542236328,7.800000190734863,88.0,3.5,2.799999952316284,3.0,3.5,3.5,4.0
12,1,4,4,4,180.0,1080.0,-3.0,1981.0,3.0,1596.0,4.559999942779541,3.5799999237060547,13.0,2.0,3.0,2.0,3.0,3.0,0.0
12,3,4,4,4,180.0,1080.0,-3.0,1981.0,18.0,2553.0,11.960000038146973,9.90999984741211,33.0,4.0,4.0,4.0,4.0,4.0,3.0
4,3,4,4,4,180.0,1080.0,-3.0,1981.0,1.0,2447.0,11.569999694824219,8.40999984741211,100.0,4.0,3.0,3.5,3.5,3.5,4.0
9,3,5,8,7,220.0,1050.0,-2.0,1983.0,22.0,2560.0,21.270000457763672,9.130000114440918,88.0,3.299999952316284,3.5,2.5,3.299999952316284,3.0,3.0
10,2,5,9,8,300.0,1200.0,-3.0,1982.0,17.0,1171.0,1.2699999809265137,1.1200000047683716,25.0,1.5,3.0,0.0,2.0,3.0,0.0
9,3,5,8,7,220.0,1050.0,-2.0,1983.0,3.0,1596.0,14.770000457763672,7.0,100.0,3.0,4.0,2.0,3.5,3.0,3.0
10,3,5,9,8,300.0,1200.0,-3.0,1982.0,22.0,1592.0,20.43000030517578,10.390000343322754,75.0,3.0,4.0,2.0,3.0,2.0,3.0
6,2,4,6,4,180.0,1080.0,-3.0,1982.0,19.0,1340.0,2.0999999046325684,3.8499999046325684,25.0,1.0,2.0,3.0,3.0,3.0,0.0
13,1,0,11,10,150.0,900.0,-2.0,1986.0,26.0,2768.0,32.09000015258789,12.029999732971191,,,,,,,0.0
13,2,0,11,10,150.0,900.0,-2.0,1986.0,3.0,2569.0,27.790000915527344,12.649999618530273,,,,,,,0.0
5,3,5,5,5,160.0,1000.0,-3.0,1981.0,8.0,1524.0,11.800000190734863,7.400000095367432,88.0,2.5,2.0,2.5,3.0,3.0,2.0
6,1,4,6,4,180.0,1080.0,-3.0,1982.0,6.0,1259.0,9.649999618530273,8.010000228881836,100.0,3.0,2.0,3.0,3.5,3.0,2.0
3,3,3,3,3,70.0,1000.0,-2.0,1981.0,12.0,1111.0,14.199999809265137,10.800000190734863,100.0,3.0,2.799999952316284,3.299999952316284,3.299999952316284,3.0,3.0
8,3,4,4,4,180.0,1080.0,-3.0,1983.0,3.0,2569.0,5.320000171661377,5.909999847412109,50.0,3.0,4.0,3.5,4.0,3.5,2.0
10,1,5,9,8,300.0,1200.0,-3.0,1982.0,18.0,2553.0,13.390000343322754,6.599999904632568,75.0,3.0,2.5,3.0,3.0,2.5,2.0
1,3,1,1,1,200.0,1400.0,-2.0,1980.0,8.0,1524.0,22.719999313354492,11.520000457763672,,3.0,2.5,3.5,3.5,2.799999952316284,3.0
13,3,0,11,10,150.0,900.0,-2.0,1986.0,3.0,3068.0,29.760000228881836,13.550000190734863,,,,,,,0.0
5,3,5,5,5,160.0,1000.0,-3.0,1981.0,16.0,1595.0,1.5,1.7999999523162842,88.0,1.5,1.0,3.0,4.0,3.0,1.0
9,3,5,8,7,220.0,1050.0,-2.0,1983.0,18.0,2574.0,7.21999979019165,4.099999904632568,57.0,3.0,3.0,2.0,3.0,2.0,2.0
8,3,4,4,4,180.0,1080.0,-3.0,1983.0,18.0,2553.0,8.130000114440918,7.989999771118164,88.0,3.0,3.0,3.5,4.0,4.0,2.0
9,3,5,8,7,220.0,1050.0,-2.0,1983.0,1.0,2552.0,14.25,7.230000019073486,63.0,4.0,3.0,3.0,2.799999952316284,2.0,2.0
11,3,6,10,9,150.0,1300.0,-2.0,1983.0,3.0,2635.0,30.75,14.569999694824219,20.0,3.799999952316284,4.0,3.5,4.0,2.9000000953674316,3.0
6,2,4,6,4,180.0,1080.0,-3.0,1982.0,15.0,2548.0,5.5,4.889999866485596,25.0,1.5,3.0,3.0,3.0,3.0,1.0
6,1,4,6,4,180.0,1080.0,-3.0,1982.0,13.0,2621.0,3.309999942779541,4.340000152587891,50.0,3.0,2.5,3.0,3.0,3.0,1.0
5,3,5,5,5,160.0,1000.0,-3.0,1981.0,12.0,1111.0,1.600000023841858,1.7999999523162842,88.0,1.0,2.0,3.0,3.0,3.0,0.0
13,1,0,11,10,150.0,900.0,-2.0,1986.0,22.0,3268.0,18.010000228881836,3.259999990463257,,,,,,,0.0
5,1,5,5,5,160.0,1000.0,-3.0,1981.0,17.0,1171.0,8.600000381469727,8.899999618530273,100.0,3.0,2.5,2.799999952316284,3.0,2.799999952316284,1.0
7,3,2,7,6,150.0,1250.0,-3.0,1983.0,5.0,2570.0,34.66999816894531,15.40999984741211,13.0,4.0,3.0,2.5,2.5,2.0,2.0
8,1,4,4,4,180.0,1080.0,-3.0,1983.0,15.0,2548.0,2.950000047683716,4.429999828338623,13.0,1.0,2.0,3.0,3.0,3.0,0.0
9,2,5,8,7,220.0,1050.0,-2.0,1983.0,5.0,1522.0,7.599999904632568,3.759999990463257,63.0,2.0,3.0,3.0,3.0,3.0,0.0
1,2,1,1,1,200.0,1400.0,-2.0,1980.0,3.0,1596.0,24.420000076293945,10.470000267028809,,4.5,4.0,4.300000190734863,3.700000047683716,3.299999952316284,4.0
10,2,5,9,8,300.0,1200.0,-3.0,1982.0,17.0,2631.0,5.75,4.599999904632568,25.0,2.0,2.0,3.0,3.0,3.0,0.0
5,2,5,5,5,160.0,1000.0,-3.0,1981.0,7.0,1598.0,15.300000190734863,12.699999809265137,3.0,4.0,2.5,3.0,2.0,3.0,0.0
8,2,4,4,4,180.0,1080.0,-3.0,1983.0,23.0,1252.0,5.360000133514404,4.610000133514404,63.0,3.0,3.0,2.0,2.0,3.0,1.0
9,2,5,8,7,220.0,1050.0,-2.0,1983.0,22.0,2560.0,16.5,7.079999923706055,75.0,3.0,3.5,2.5,4.0,3.0,3.0
11,3,6,10,9,150.0,1300.0,-2.0,1983.0,4.0,2568.0,40.08000183105469,12.270000457763672,50.0,4.099999904632568,2.5,2.299999952316284,2.5999999046325684,1.7000000476837158,3.0
3,2,3,3,3,70.0,1000.0,-2.0,1981.0,1.0,2447.0,20.799999237060547,12.600000381469727,63.0,4.0,3.0,3.299999952316284,3.5,3.5,3.0
9,3,5,8,7,220.0,1050.0,-2.0,1983.0,4.0,2568.0,21.09000015258789,9.630000114440918,63.0,4.0,3.0,4.0,3.299999952316284,3.0,3.0
4,2,4,4,4,180.0,1080.0,-3.0,1981.0,12.0,1111.0,6.289999961853027,4.619999885559082,100.0,3.0,2.5,2.0,2.0,2.5,2.0
7,1,2,7,6,150.0,1250.0,-3.0,1983.0,0.0,2562.0,17.399999618530273,14.140000343322754,63.0,3.5,4.0,3.700000047683716,4.0,3.5,3.0
0,2,0,0,0,100.0,850.0,-2.0,1980.0,1.0,1487.0,15.069999694824219,7.170000076293945,10.0,4.0,4.0,3.299999952316284,3.0,2.0,3.0
7,3,2,7,6,150.0,1250.0,-3.0,1983.0,15.0,2548.0,41.5099983215332,14.600000381469727,25.0,3.0,3.0,1.5,1.5,1.0,2.0
1,3,1,1,1,200.0,1400.0,-2.0,1980.0,10.0,1362.0,26.5,10.970000267028809,,3.5,3.5,3.700000047683716,4.0,3.700000047683716,3.0
10,2,5,9,8,300.0,1200.0,-3.0,1982.0,3.0,2634.0,17.770000457763672,10.420000076293945,50.0,3.0,3.0,2.0,2.0,2.0,2.0
10,3,5,9,8,300.0,1200.0,-3.0,1982.0,13.0,2621.0,5.099999904632568,2.6600000858306885,75.0,3.0,2.0,2.0,2.0,3.0,1.0
3,1,3,3,3,70.0,1000.0,-2.0,1981.0,8.0,1524.0,12.199999809265137,13.800000190734863,50.0,2.0,1.5,3.0,3.0,3.0,1.0
3,3,3,3,3,70.0,1000.0,-2.0,1981.0,1.0,2447.0,21.399999618530273,12.699999809265137,75.0,4.599999904632568,4.0,3.0,3.0,3.0,4.0
0,2,0,0,0,100.0,850.0,-2.0,1980.0,2.0,1362.0,8.989999771118164,6.050000190734863,60.0,2.5,3.0,3.0,4.0,4.0,1.0
11,1,6,10,9,150.0,1300.0,-2.0,1983.0,6.0,1788.0,31.049999237060547,15.25,30.0,3.200000047683716,1.7999999523162842,2.799999952316284,3.5,2.9000000953674316,2.0
9,1,5,8,7,220.0,1050.0,-2.0,1983.0,0.0,2562.0,19.639999389648438,11.020000457763672,100.0,4.0,3.0,3.0,3.0,3.0,3.0
11,3,6,10,9,150.0,1300.0,-2.0,1983.0,0.0,2562.0,38.790000915527344,14.5600004196167,50.0,3.9000000953674316,3.5999999046325684,3.200000047683716,3.5,2.4000000953674316,4.0
6,1,4,6,4,180.0,1080.0,-3.0,1982.0,3.0,1596.0,12.210000038146973,8.720000267028809,75.0,3.299999952316284,3.5,3.0,4.0,3.5,3.0
9,3,5,8,7,220.0,1050.0,-2.0,1983.0,1.0,2751.0,12.350000381469727,6.269999980926514,71.0,4.0,4.0,2.5,3.5,2.5,3.0
7,2,2,7,6,150.0,1250.0,-3.0,1983.0,3.0,2569.0,15.149999618530273,15.819999694824219,75.0,3.0,3.0,3.0999999046325684,3.4000000953674316,3.0,3.0
5,2,5,5,5,160.0,1000.0,-3.0,1981.0,14.0,1338.0,7.300000190734863,5.599999904632568,3.5,3.0,2.5,2.5,2.5,1.5,0.0
10,1,5,9,8,300.0,1200.0,-3.0,1982.0,3.0,2634.0,7.96999979019165,5.880000114440918,75.0,2.5,3.0,3.0,3.0,3.5,2.0
10,3,5,9,8,300.0,1200.0,-3.0,1982.0,18.0,2574.0,13.550000190734863,9.260000228881836,75.0,3.0,3.0,4.0,4.0,3.5,3.0
5,2,5,5,5,160.0,1000.0,-3.0,1981.0,3.0,1596.0,7.900000095367432,8.600000381469727,2.5,3.0,2.5,4.0,3.5,1.0,0.0
9,1,5,8,7,220.0,1050.0,-2.0,1983.0,8.0,2575.0,6.650000095367432,5.079999923706055,88.0,2.5,2.5,2.5,3.0,3.0,2.0
7,1,2,7,6,150.0,1250.0,-3.0,1983.0,6.0,2571.0,19.350000381469727,17.299999237060547,50.0,2.5,2.0,3.200000047683716,4.0,4.0,2.0
5,1,5,5,5,160.0,1000.0,-3.0,1981.0,19.0,1340.0,5.699999809265137,5.699999809265137,100.0,3.0,2.0,3.0,3.0,3.0,1.0
5,2,5,5,5,160.0,1000.0,-3.0,1981.0,6.0,1785.0,5.5,3.4000000953674316,2.0,1.0,3.0,2.5,3.0,1.0,0.0
11,1,6,10,9,150.0,1300.0,-2.0,1983.0,5.0,2570.0,24.8700008392334,11.65999984741211,40.0,3.299999952316284,3.4000000953674316,3.5,4.099999904632568,3.4000000953674316,3.0
13,2,0,11,10,150.0,900.0,-2.0,1986.0,22.0,3267.0,19.90999984741211,13.630000114440918,,,,,,,0.0
9,3,5,8,7,220.0,1050.0,-2.0,1983.0,23.0,1252.0,10.359999656677246,7.539999961853027,100.0,2.700000047683716,3.0,2.0,2.0,2.0,1.0
4,3,4,4,4,180.0,1080.0,-3.0,1981.0,12.0,1111.0,4.880000114440918,4.110000133514404,88.0,3.5,2.5,2.0,2.0,2.0,2.0
3,1,3,3,3,70.0,1000.0,-2.0,1981.0,17.0,1171.0,15.0,11.300000190734863,88.0,2.299999952316284,1.7000000476837158,3.0,3.0,2.0,1.0
5,2,5,5,5,160.0,1000.0,-3.0,1981.0,13.0,1112.0,7.400000095367432,6.599999904632568,3.0,2.0,3.0,3.0,3.0,1.0,0.0
9,2,5,8,7,220.0,1050.0,-2.0,1983.0,24.0,2750.0,14.5,8.170000076293945,88.0,1.0,3.0,3.0,3.0,3.0,0.0
9,3,5,8,7,220.0,1050.0,-2.0,1983.0,0.0,2562.0,17.6200008392334,9.899999618530273,100.0,3.5,3.0,3.0,3.299999952316284,3.299999952316284,3.0
5,3,5,5,5,160.0,1000.0,-3.0,1981.0,3.0,1596.0,10.399999618530273,9.399999618530273,100.0,4.0,3.0,2.0,3.5,3.0,4.0
5,3,5,5,5,160.0,1000.0,-3.0,1981.0,1.0,2447.0,6.900000095367432,7.300000190734863,88.0,3.5,3.0,3.0,3.5,3.0,3.0
11,1,6,10,9,150.0,1300.0,-2.0,1983.0,0.0,2562.0,29.219999313354492,13.579999923706055,30.0,3.5999999046325684,3.799999952316284,3.5,3.9000000953674316,3.700000047683716,3.0
3,3,3,3,3,70.0,1000.0,-2.0,1981.0,5.0,2459.0,23.700000762939453,13.300000190734863,88.0,5.0,3.0,3.5,3.5,2.5,4.0
5,1,5,5,5,160.0,1000.0,-3.0,1981.0,18.0,2431.0,9.0,9.600000381469727,75.0,4.0,3.0,4.0,3.0,2.5,3.0
13,2,0,11,10,150.0,900.0,-2.0,1986.0,22.0,2460.0,25.850000381469727,11.800000190734863,,,,,,,0.0
5,3,5,5,5,160.0,1000.0,-3.0,1981.0,18.0,1787.0,13.0,9.0,88.0,4.0,3.0,3.5,3.0,3.0,4.0
3,2,3,3,3,70.0,1000.0,-2.0,1981.0,5.0,1337.0,22.200000762939453,14.600000381469727,63.0,5.0,3.0,4.0,4.0,3.200000047683716,4.0
3,3,3,3,3,70.0,1000.0,-2.0,1981.0,14.0,1338.0,18.899999618530273,9.0,13.0,2.0,3.5,3.0,3.5,3.0,0.0
6,3,4,6,4,180.0,1080.0,-3.0,1982.0,19.0,1340.0,7.579999923706055,6.059999942779541,38.0,2.0,2.0,3.0,3.0,3.0,1.0
7,1,2,7,6,150.0,1250.0,-3.0,1983.0,22.0,2560.0,20.239999771118164,14.600000381469727,63.0,3.0,3.5,3.0,3.700000047683716,2.5,3.0
2,1,2,2,2,130.0,1000.0,-3.0,1980.0,7.0,1523.0,12.699999809265137,9.300000190734863,80.0,2.9000000953674316,4.0,3.200000047683716,3.9000000953674316,3.4000000953674316,3.0
3,2,3,3,3,70.0,1000.0,-2.0,1981.0,17.0,1171.0,10.399999618530273,6.400000095367432,75.0,1.7000000476837158,1.5,0.0,0.0,0.0,0.0
4,2,4,4,4,180.0,1080.0,-3.0,1981.0,1.0,1786.0,17.739999771118164,9.989999771118164,100.0,5.0,3.0,3.0,2.5,2.0,4.0
4,2,4,4,4,180.0,1080.0,-3.0,1981.0,18.0,1787.0,11.579999923706055,8.369999885559082,63.0,4.0,3.5,4.0,4.0,3.5,4.0
8,2,4,4,4,180.0,1080.0,-3.0,1983.0,18.0,2550.0,9.149999618530273,8.420000076293945,25.0,3.0,3.5,3.5,4.0,4.0,2.0
5,2,5,5,5,160.0,1000.0,-3.0,1981.0,13.0,1113.0,6.599999904632568,5.400000095367432,3.0,2.0,3.0,3.0,3.5,1.5,0.0
3,1,3,3,3,70.0,1000.0,-2.0,1981.0,18.0,1787.0,18.100000381469727,14.800000190734863,100.0,4.599999904632568,4.0,4.300000190734863,4.300000190734863,4.0,4.0
10,2,5,9,8,300.0,1200.0,-3.0,1982.0,6.0,1788.0,6.059999942779541,4.199999809265137,100.0,1.5,1.5,2.0,2.0,1.0,0.0
10,2,5,9,8,300.0,1200.0,-3.0,1982.0,18.0,2574.0,10.069999694824219,12.739999771118164,100.0,2.5,2.5,5.0,5.0,5.0,3.0
1,1,1,1,1,200.0,1400.0,-2.0,1980.0,6.0,1521.0,33.29999923706055,13.319999694824219,,4.0,2.299999952316284,3.299999952316284,2.0,1.0,3.0
13,1,0,11,10,150.0,900.0,-2.0,1986.0,22.0,2460.0,29.600000381469727,13.520000457763672,,,,,,,0.0
9,3,5,8,7,220.0,1050.0,-2.0,1983.0,22.0,1592.0,19.34000015258789,8.300000190734863,100.0,3.5,3.5,2.5,3.5,2.5,3.0
9,2,5,8,7,220.0,1050.0,-2.0,1983.0,23.0,1252.0,12.520000457763672,9.229999542236328,100.0,3.0,2.799999952316284,2.0,2.799999952316284,2.0,1.0
11,2,6,10,9,150.0,1300.0,-2.0,1983.0,3.0,2635.0,32.5,14.569999694824219,10.0,2.700000047683716,3.0,3.0,4.0,3.0,3.0
10,2,5,9,8,300.0,1200.0,-3.0,1982.0,15.0,1482.0,2.369999885559082,2.7300000190734863,50.0,1.0,3.0,3.0,3.0,3.0,0.0
13,1,0,11,10,150.0,900.0,-2.0,1986.0,25.0,1825.0,19.809999465942383,9.050000190734863,,,,,,,0.0
12,1,4,4,4,180.0,1080.0,-3.0,1981.0,12.0,1111.0,2.8399999141693115,3.4100000858306885,3.0,1.0,2.0,3.0,3.0,3.0,0.0
5,3,5,5,5,160.0,1000.0,-3.0,1981.0,19.0,1340.0,6.199999809265137,5.300000190734863,100.0,2.0,2.0,2.5,2.5,3.0,1.0
4,1,4,4,4,180.0,1080.0,-3.0,1981.0,1.0,2447.0,7.619999885559082,5.389999866485596,100.0,3.0,3.0,3.0,3.5,3.0,3.0
9,1,5,8,7,220.0,1050.0,-2.0,1983.0,24.0,2750.0,12.800000190734863,7.25,50.0,2.299999952316284,4.5,2.5,3.0,3.0,2.0
10,2,5,9,8,300.0,1200.0,-3.0,1982.0,22.0,2560.0,6.349999904632568,4.619999885559082,100.0,3.0,4.0,2.0,3.0,4.0,2.0
10,3,5,9,8,300.0,1200.0,-3.0,1982.0,13.0,2620.0,2.6600000858306885,2.0799999237060547,100.0,2.0,1.5,1.0,2.0,3.0,0.0
4,1,4,4,4,180.0,1080.0,-3.0,1981.0,13.0,1112.0,9.890000343322754,6.679999828338623,100.0,3.5,2.0,3.0,4.0,3.0,4.0
12,1,4,4,4,180.0,1080.0,-3.0,1981.0,6.0,1788.0,13.069999694824219,8.119999885559082,14.0,1.5,1.5,2.0,3.0,3.0,1.0
13,3,0,11,10,150.0,900.0,-2.0,1986.0,0.0,2562.0,29.110000610351562,12.279999732971191,,,,,,,0.0
13,1,0,11,10,150.0,900.0,-2.0,1986.0,22.0,3269.0,24.719999313354492,11.289999961853027,,,,,,,0.0
6,1,4,6,4,180.0,1080.0,-3.0,1982.0,6.0,1785.0,3.5299999713897705,3.299999952316284,75.0,1.7999999523162842,2.0,2.5,3.0,3.0,1.0
4,3,4,4,4,180.0,1080.0,-3.0,1981.0,14.0,1338.0,7.28000020980835,7.449999809265137,63.0,4.0,3.0,3.299999952316284,3.299999952316284,3.0,3.0
0,2,0,0,0,100.0,850.0,-2.0,1980.0,6.0,1521.0,10.220000267028809,8.319999694824219,100.0,3.0,1.7999999523162842,3.0,3.0,3.0,2.0
13,3,0,11,10,150.0,900.0,-2.0,1986.0,7.0,2573.0,20.719999313354492,8.869999885559082,,,,,,,0.0
11,1,6,10,9,150.0,1300.0,-2.0,1983.0,22.0,2560.0,24.940000534057617,14.329999923706055,10.0,3.0,4.0,3.5,4.0,3.0,3.0
9,3,5,8,7,220.0,1050.0,-2.0,1983.0,24.0,2750.0,13.260000228881836,8.9399995803833,100.0,4.0,4.0,3.0,3.5,3.5,3.0
10,3,5,9,8,300.0,1200.0,-3.0,1982.0,3.0,2634.0,16.299999237060547,7.840000152587891,100.0,3.0,3.0,3.0,3.0,3.0,2.0
9,1,5,8,7,220.0,1050.0,-2.0,1983.0,15.0,2548.0,15.979999542236328,6.239999771118164,63.0,3.5,4.0,2.799999952316284,2.799999952316284,2.5,2.0
6,2,4,6,4,180.0,1080.0,-3.0,1982.0,18.0,2550.0,17.600000381469727,14.079999923706055,50.0,5.0,3.5,4.0,4.0,3.5,4.0
10,2,5,9,8,300.0,1200.0,-3.0,1982.0,18.0,2553.0,17.950000762939453,13.65999984741211,100.0,5.0,3.0,4.5,4.5,4.0,4.0
4,3,4,4,4,180.0,1080.0,-3.0,1981.0,13.0,1113.0,4.619999885559082,4.110000133514404,88.0,3.0,2.0,2.5,3.5,3.0,2.0
10,3,5,9,8,300.0,1200.0,-3.0,1982.0,15.0,2426.0,21.93000030517578,9.84000015258789,100.0,4.0,3.0,3.5,3.0,2.0,3.0
13,3,0,11,10,150.0,900.0,-2.0,1986.0,25.0,1257.0,21.270000457763672,9.720000267028809,,,,,,,0.0
7,2,2,7,6,150.0,1250.0,-3.0,1983.0,18.0,2574.0,24.399999618530273,20.329999923706055,75.0,4.5,3.5,3.299999952316284,3.200000047683716,2.799999952316284,3.0
13,3,0,11,10,150.0,900.0,-2.0,1986.0,22.0,3267.0,16.6299991607666,7.590000152587891,,,,,,,0.0
3,3,3,3,3,70.0,1000.0,-2.0,1981.0,13.0,1113.0,9.600000381469727,7.0,100.0,2.5999999046325684,2.0,3.0,3.0,3.0,1.0
6,2,4,6,4,180.0,1080.0,-3.0,1982.0,18.0,2553.0,6.340000152587891,6.449999809265137,50.0,3.0,3.0,4.0,4.0,4.0,2.0
13,3,0,11,10,150.0,900.0,-2.0,1986.0,3.0,1596.0,30.149999618530273,13.729999542236328,,,,,,,0.0
3,3,3,3,3,70.0,1000.0,-2.0,1981.0,15.0,1978.0,26.600000381469727,13.5,75.0,5.0,3.0,2.5,2.0,1.0,3.0
0,2,0,0,0,100.0,850.0,-2.0,1980.0,0.0,1520.0,8.149999618530273,6.71999979019165,70.0,1.5,3.0,3.0,3.0,3.0,1.0
3,2,3,3,3,70.0,1000.0,-2.0,1981.0,11.0,1094.0,7.800000190734863,7.400000095367432,63.0,1.0,1.0,3.0,3.0,3.0,0.0
1,3,1,1,1,200.0,1400.0,-2.0,1980.0,4.0,2088.0,32.9900016784668,12.529999732971191,,5.0,2.5,4.0,3.0,2.0,3.0
13,2,0,11,10,150.0,900.0,-2.0,1986.0,22.0,3266.0,25.729999542236328,11.75,,,,,,,0.0
5,1,5,5,5,160.0,1000.0,-3.0,1981.0,13.0,1113.0,8.600000381469727,9.5,100.0,2.0,1.5,4.0,4.0,4.0,1.0
6,3,4,6,4,180.0,1080.0,-3.0,1982.0,8.0,2575.0,4.840000152587891,4.130000114440918,50.0,2.0,1.5,3.0,3.0,3.0,1.0
2,1,2,2,2,130.0,1000.0,-3.0,1980.0,6.0,1521.0,11.300000190734863,10.0,40.0,2.700000047683716,2.0,3.200000047683716,4.0,3.0,2.0
0,3,0,0,0,100.0,850.0,-2.0,1980.0,1.0,1487.0,21.520000457763672,8.770000457763672,20.0,4.0,3.5,3.0,3.0,1.0,2.0
3,3,3,3,3,70.0,1000.0,-2.0,1981.0,11.0,1094.0,13.5,4.0,13.0,0.5,0.0,1.0,1.0,1.0,0.0
7,3,2,7,6,150.0,1250.0,-3.0,1983.0,3.0,2569.0,15.550000190734863,12.869999885559082,63.0,3.0,3.0,2.5,3.0,2.0,3.0
4,3,4,4,4,180.0,1080.0,-3.0,1981.0,18.0,2431.0,3.3499999046325684,5.159999847412109,100.0,3.0,3.0,4.5,4.0,4.0,3.0
13,1,0,11,10,150.0,900.0,-2.0,1986.0,3.0,2569.0,36.650001525878906,16.690000534057617,,,,,,,0.0
9,2,5,8,7,220.0,1050.0,-2.0,1983.0,15.0,1482.0,21.799999237060547,8.520000457763672,100.0,2.0,3.0,3.0,3.0,3.0,0.0
5,3,5,5,5,160.0,1000.0,-3.0,1981.0,11.0,1094.0,10.5,6.0,25.0,3.0,3.0,2.0,3.0,2.5,1.0
6,1,4,6,4,180.0,1080.0,-3.0,1982.0,1.0,2552.0,1.8200000524520874,2.430000066757202,13.0,1.0,2.5,3.0,3.0,3.0,0.0
5,1,5,5,5,160.0,1000.0,-3.0,1981.0,12.0,1111.0,15.0,8.399999618530273,88.0,3.0,3.0,3.0,3.0,2.0,2.0
4,2,4,4,4,180.0,1080.0,-3.0,1981.0,3.0,1596.0,2.7300000190734863,3.7699999809265137,100.0,2.5,4.0,3.5,4.5,4.0,3.0
5,2,5,5,5,160.0,1000.0,-3.0,1981.0,15.0,1482.0,15.399999618530273,15.800000190734863,4.0,3.0,3.0,3.0,3.0,3.0,0.0
10,3,5,9,8,300.0,1200.0,-3.0,1982.0,3.0,1595.0,16.540000915527344,7.230000019073486,100.0,3.0,2.5,3.0,4.0,2.0,3.0
2,1,2,2,2,130.0,1000.0,-3.0,1980.0,0.0,1520.0,10.100000381469727,8.199999809265137,60.0,3.0,4.0,3.5,3.5,3.200000047683716,2.0
8,2,4,4,4,180.0,1080.0,-3.0,1983.0,6.0,1788.0,16.15999984741211,10.979999542236328,13.0,3.5,2.5,3.0,4.0,3.0,3.0
13,3,0,11,10,150.0,900.0,-2.0,1986.0,26.0,2768.0,26.3700008392334,9.890000343322754,,,,,,,0.0
10,1,5,9,8,300.0,1200.0,-3.0,1982.0,15.0,2426.0,11.850000381469727,7.46999979019165,50.0,3.0,3.0,4.0,3.0,3.0,2.0
0,3,0,0,0,100.0,850.0,-2.0,1980.0,2.0,1362.0,15.220000267028809,6.5,30.0,3.0,4.0,3.0,3.0,3.0,2.0
7,3,2,7,6,150.0,1250.0,-3.0,1983.0,3.0,1596.0,19.040000915527344,14.75,50.0,3.5,4.0,2.5,2.5,2.0,3.0
12,1,4,4,4,180.0,1080.0,-3.0,1981.0,15.0,2426.0,8.300000190734863,5.929999828338623,4.0,2.0,3.5,3.0,3.0,3.0,0.0
5,2,5,5,5,160.0,1000.0,-3.0,1981.0,5.0,2469.0,15.199999809265137,12.300000190734863,5.0,3.0,4.0,3.5,3.0,4.0,0.0
2,3,2,2,2,130.0,1000.0,-3.0,1980.0,1.0,1487.0,37.599998474121094,13.0,10.0,5.0,4.0,2.0,2.0,1.0,3.0
13,2,0,11,10,150.0,900.0,-2.0,1986.0,3.0,3068.0,32.150001525878906,14.640000343322754,,,,,,,0.0
7,1,2,7,6,150.0,1250.0,-3.0,1983.0,18.0,2574.0,15.109999656677246,15.539999961853027,75.0,3.700000047683716,3.0,3.299999952316284,3.5,3.5,3.0
3,3,3,3,3,70.0,1000.0,-2.0,1981.0,15.0,1482.0,20.0,13.199999809265137,75.0,4.5,3.0,4.0,4.0,4.0,4.0
3,3,3,3,3,70.0,1000.0,-2.0,1981.0,5.0,1337.0,24.5,13.5,75.0,5.0,3.0,4.0,4.0,2.5,4.0
3,3,3,3,3,70.0,1000.0,-2.0,1981.0,16.0,1595.0,7.800000190734863,5.300000190734863,50.0,1.0,1.5,4.0,4.0,4.0,0.0
8,1,4,4,4,180.0,1080.0,-3.0,1983.0,5.0,2458.0,8.460000038146973,7.050000190734863,13.0,2.0,3.0,3.0,3.0,3.0,1.0
0,3,0,0,0,100.0,850.0,-2.0,1980.0,7.0,1523.0,17.18000030517578,9.989999771118164,90.0,4.300000190734863,4.5,3.5,4.0,3.299999952316284,3.0
0,1,0,0,0,100.0,850.0,-2.0,1980.0,1.0,1487.0,13.149999618530273,9.649999618530273,90.0,4.5,4.0,3.5,3.5,3.0,4.0
8,2,4,4,4,180.0,1080.0,-3.0,1983.0,15.0,2548.0,23.6299991607666,11.819999694824219,88.0,4.5,4.0,3.0,2.5,2.0,3.0
4,2,4,4,4,180.0,1080.0,-3.0,1981.0,13.0,1112.0,11.430000305175781,7.829999923706055,88.0,3.0,2.0,3.5,4.0,4.0,4.0
4,3,4,4,4,180.0,1080.0,-3.0,1981.0,21.0,1780.0,3.509999990463257,4.679999828338623,25.0,1.5,1.5,2.0,2.0,3.0,1.0
0,1,0,0,0,100.0,850.0,-2.0,1980.0,6.0,1521.0,13.930000305175781,9.770000457763672,80.0,4.0,2.0,3.0,3.0,3.0,3.0
11,2,6,10,9,150.0,1300.0,-2.0,1983.0,22.0,2560.0,35.83000183105469,21.5,10.0,3.299999952316284,3.5,4.0,4.5,3.0,4.0
9,1,5,8,7,220.0,1050.0,-2.0,1983.0,6.0,2571.0,13.670000076293945,5.239999771118164,63.0,2.5,2.0,2.5,3.299999952316284,3.0,3.0
5,1,5,5,5,160.0,1000.0,-3.0,1981.0,14.0,1338.0,8.199999809265137,6.599999904632568,63.0,4.0,4.0,3.0,3.0,3.0,2.0
10,3,5,9,8,300.0,1200.0,-3.0,1982.0,18.0,2553.0,17.719999313354492,11.930000305175781,75.0,4.0,3.0,5.0,4.0,4.0,4.0
4,1,4,4,4,180.0,1080.0,-3.0,1981.0,16.0,1595.0,5.340000152587891,3.049999952316284,75.0,2.700000047683716,1.0,3.0,4.0,4.0,1.0
3,1,3,3,3,70.0,1000.0,-2.0,1981.0,11.0,1094.0,3.4000000953674316,5.5,50.0,1.0,1.0,3.0,3.0,3.0,0.0
4,3,4,4,4,180.0,1080.0,-3.0,1981.0,6.0,1785.0,3.200000047683716,3.559999942779541,88.0,1.5,1.7999999523162842,2.5,3.299999952316284,3.5,1.0
14,1,7,12,11,150.0,1750.0,-2.0,1986.0,25.0,,24.0,10.960000038146973,,,,,,,0.0
7,1,2,7,6,150.0,1250.0,-3.0,1983.0,18.0,2553.0,25.56999969482422,17.43000030517578,50.0,3.700000047683716,3.0,2.700000047683716,3.0,2.0,2.0
10,1,5,9,8,300.0,1200.0,-3.0,1982.0,18.0,2432.0,8.920000076293945,6.139999866485596,75.0,2.5,3.0,4.0,4.0,3.5,2.0
9,1,5,8,7,220.0,1050.0,-2.0,1983.0,22.0,1592.0,23.59000015258789,9.869999885559082,75.0,3.0,4.0,3.0,4.0,3.0,3.0
3,3,3,3,3,70.0,1000.0,-2.0,1981.0,18.0,2431.0,17.600000381469727,12.399999618530273,100.0,3.5,3.299999952316284,3.0,3.0,2.0,3.0
3,2,3,3,3,70.0,1000.0,-2.0,1981.0,16.0,1595.0,6.5,4.400000095367432,63.0,0.5,0.5,4.0,4.5,4.0,0.0
7,2,2,7,6,150.0,1250.0,-3.0,1983.0,1.0,2552.0,31.729999542236328,18.8799991607666,63.0,3.799999952316284,3.200000047683716,3.0,3.0,2.0,3.0
2,2,2,2,2,130.0,1000.0,-3.0,1980.0,4.0,2088.0,19.100000381469727,9.699999809265137,60.0,3.700000047683716,3.0,2.0,2.0,1.5,3.0
9,3,5,8,7,220.0,1050.0,-2.0,1983.0,3.0,2569.0,10.109999656677246,4.789999961853027,100.0,2.700000047683716,3.5,2.799999952316284,4.0,4.0,3.0
12,1,4,4,4,180.0,1080.0,-3.0,1981.0,15.0,2548.0,15.579999923706055,8.0600004196167,27.0,3.0,3.5,3.0,2.5,3.0,2.0
5,2,5,5,5,160.0,1000.0,-3.0,1981.0,1.0,1786.0,15.600000381469727,12.100000381469727,4.0,3.0,3.5,3.0,2.0,3.0,0.0
7,3,2,7,6,150.0,1250.0,-3.0,1983.0,22.0,2560.0,18.59000015258789,8.260000228881836,13.0,2.5,3.5,2.0,2.0,2.0,2.0
1,1,1,1,1,200.0,1400.0,-2.0,1980.0,8.0,1524.0,12.789999961853027,8.819999694824219,,2.5,3.0,3.299999952316284,4.0,4.0,1.0
4,1,4,4,4,180.0,1080.0,-3.0,1981.0,18.0,2431.0,6.139999866485596,5.860000133514404,75.0,4.0,3.0,4.0,4.0,4.0,4.0
4,2,4,4,4,180.0,1080.0,-3.0,1981.0,15.0,1482.0,11.029999732971191,6.25,38.0,3.5,3.5,3.0,2.5,2.0,2.0
9,2,5,8,7,220.0,1050.0,-2.0,1983.0,22.0,1592.0,24.299999237060547,10.489999771118164,50.0,3.5,3.0,3.0,4.0,2.5,3.0
7,2,2,7,6,150.0,1250.0,-3.0,1983.0,6.0,2571.0,19.670000076293945,20.139999389648438,50.0,3.0,2.0,3.299999952316284,3.700000047683716,4.0,3.0
2,1,2,2,2,130.0,1000.0,-3.0,1980.0,8.0,1524.0,5.400000095367432,4.5,20.0,1.0,2.0,3.0,3.0,3.0,0.0
5,1,5,5,5,160.0,1000.0,-3.0,1981.0,13.0,1112.0,13.0,11.100000381469727,100.0,3.0,2.0,3.5,3.0,3.0,2.0
8,1,4,4,4,180.0,1080.0,-3.0,1983.0,18.0,2553.0,9.729999542236328,11.039999961853027,75.0,3.0,3.0,3.5,4.0,3.5,3.0
10,2,5,9,8,300.0,1200.0,-3.0,1982.0,5.0,2570.0,10.15999984741211,7.739999771118164,100.0,3.0,3.0,4.0,4.0,4.0,3.0
8,3,4,4,4,180.0,1080.0,-3.0,1983.0,24.0,2750.0,3.369999885559082,3.680000066757202,50.0,2.0,2.5,3.0,4.0,3.0,1.0
13,1,0,11,10,150.0,900.0,-2.0,1986.0,22.0,3267.0,33.650001525878906,15.359999656677246,,,,,,,0.0
11,2,6,10,9,150.0,1300.0,-2.0,1983.0,23.0,1252.0,27.1299991607666,11.880000114440918,90.0,3.299999952316284,3.700000047683716,2.0999999046325684,2.0999999046325684,2.0,2.0
1,1,1,1,1,200.0,1400.0,-2.0,1980.0,4.0,2088.0,33.40999984741211,8.350000381469727,,4.0,2.799999952316284,2.5,1.5,1.5,2.0
3,1,3,3,3,70.0,1000.0,-2.0,1981.0,18.0,2428.0,22.600000381469727,13.399999618530273,100.0,5.0,3.0,2.299999952316284,2.700000047683716,2.0,4.0
10,3,5,9,8,300.0,1200.0,-3.0,1982.0,8.0,2575.0,9.630000114440918,5.110000133514404,50.0,1.0,0.5,2.0,2.0,2.0,0.0
3,3,3,3,3,70.0,1000.0,-2.0,1981.0,13.0,1112.0,13.100000381469727,10.600000381469727,88.0,2.0,2.0,3.0,3.0,3.0,0.0
6,1,4,6,4,180.0,1080.0,-3.0,1982.0,18.0,2550.0,11.270000457763672,7.139999866485596,75.0,2.5,3.0,3.0,4.0,3.0,2.0
7,2,2,7,6,150.0,1250.0,-3.0,1983.0,0.0,2562.0,18.809999465942383,19.09000015258789,75.0,3.0,3.0,3.5,4.0,3.0,4.0
8,2,4,4,4,180.0,1080.0,-3.0,1983.0,3.0,2569.0,11.229999542236328,10.34000015258789,50.0,3.0,3.5,3.299999952316284,4.0,3.5,3.0
13,3,0,11,10,150.0,900.0,-2.0,1986.0,22.0,3268.0,14.3100004196167,6.53000020980835,,,,,,,0.0
3,2,3,3,3,70.0,1000.0,-2.0,1981.0,14.0,1338.0,13.5,10.0,13.0,3.0,4.0,3.0,4.0,3.299999952316284,1.0
3,2,3,3,3,70.0,1000.0,-2.0,1981.0,12.0,1111.0,16.399999618530273,13.300000190734863,100.0,4.5,3.0,3.299999952316284,3.299999952316284,2.700000047683716,3.0
9,1,5,8,7,220.0,1050.0,-2.0,1983.0,1.0,2552.0,18.8799991607666,9.59000015258789,75.0,3.0,3.0,3.0,3.299999952316284,3.0,3.0
0,3,0,0,0,100.0,850.0,-2.0,1980.0,0.0,1520.0,10.75,5.909999847412109,50.0,2.700000047683716,4.0,3.299999952316284,3.5,3.0,2.0
5,2,5,5,5,160.0,1000.0,-3.0,1981.0,17.0,1171.0,6.599999904632568,5.800000190734863,2.0,3.0,2.5,2.5,3.0,0.5,0.0
13,1,0,11,10,150.0,900.0,-2.0,1986.0,26.0,1609.0,33.9900016784668,12.75,,,,,,,0.0
5,1,5,5,5,160.0,1000.0,-3.0,1981.0,16.0,1595.0,8.0,4.900000095367432,88.0,3.5,1.5,4.0,4.0,4.0,2.0
3,2,3,3,3,70.0,1000.0,-2.0,1981.0,1.0,1786.0,17.0,15.300000190734863,75.0,4.699999809265137,4.0,3.5,4.0,4.0,4.0
6,2,4,6,4,180.0,1080.0,-3.0,1982.0,17.0,1171.0,6.96999979019165,8.949999809265137,75.0,2.0,2.0,3.0,3.0,3.0,1.0
0,3,0,0,0,100.0,850.0,-2.0,1980.0,9.0,1525.0,14.75,7.789999961853027,30.0,4.0,4.0,4.0,2.5,2.0,3.0
4,3,4,4,4,180.0,1080.0,-3.0,1981.0,17.0,1171.0,,,,2.5,2.0,1.0,1.0,1.0,0.0
13,1,0,11,10,150.0,900.0,-2.0,1986.0,22.0,2770.0,20.850000381469727,9.520000457763672,,,,,,,0.0
0,2,0,0,0,100.0,850.0,-2.0,1980.0,5.0,1522.0,13.079999923706055,9.789999961853027,90.0,5.0,4.5,5.0,4.0,4.0,4.0
1,3,1,1,1,200.0,1400.0,-2.0,1980.0,6.0,1521.0,9.989999771118164,7.489999771118164,,2.0,2.0,3.0,4.0,4.0,1.0
10,2,5,9,8,300.0,1200.0,-3.0,1982.0,12.0,1111.0,18.989999771118164,10.729999542236328,75.0,3.0,3.0,3.5,3.0,3.0,3.0
14,1,7,12,11,150.0,1750.0,-2.0,1986.0,3.0,,26.15999984741211,11.890000343322754,,,,,,,0.0
0,1,0,0,0,100.0,850.0,-2.0,1980.0,5.0,1522.0,17.010000228881836,12.279999732971191,70.0,5.0,4.0,5.0,4.0,4.5,4.0
8,3,4,4,4,180.0,1080.0,-3.0,1983.0,0.0,1.0,9.119999885559082,9.670000076293945,50.0,3.0,4.0,3.0,3.0,3.0,2.0
6,1,4,6,4,180.0,1080.0,-3.0,1982.0,3.0,2635.0,7.480000019073486,3.740000009536743,25.0,3.0,3.5,3.0,4.0,3.5,1.0
12,3,4,4,4,180.0,1080.0,-3.0,1981.0,22.0,1592.0,14.220000267028809,11.449999809265137,35.0,3.0,3.0,3.0,4.0,3.0,3.0
8,2,4,4,4,180.0,1080.0,-3.0,1983.0,7.0,2573.0,1.4800000190734863,2.9600000381469727,13.0,1.0,3.0,3.0,3.0,3.0,0.0
13,2,0,11,10,150.0,900.0,-2.0,1986.0,26.0,2768.0,29.90999984741211,11.220000267028809,,,,,,,0.0
3,2,3,3,3,70.0,1000.0,-2.0,1981.0,13.0,1113.0,10.399999618530273,9.399999618530273,88.0,2.0,1.7000000476837158,4.0,4.0,4.0,1.0
11,1,6,10,9,150.0,1300.0,-2.0,1983.0,5.0,1522.0,33.15999984741211,14.75,40.0,3.700000047683716,3.5,3.5999999046325684,3.5999999046325684,2.9000000953674316,3.0
12,1,4,4,4,180.0,1080.0,-3.0,1981.0,6.0,2622.0,16.25,9.770000457763672,85.0,4.0,2.0,2.5,4.0,2.5,4.0
11,1,6,10,9,150.0,1300.0,-2.0,1983.0,3.0,2634.0,40.52000045776367,18.950000762939453,10.0,4.5,4.5,3.0,4.0,2.0,3.0
7,3,2,7,6,150.0,1250.0,-3.0,1983.0,3.0,2634.0,26.280000686645508,20.110000610351562,25.0,3.0999999046325684,3.0,3.0,3.0,2.0,3.0
3,3,3,3,3,70.0,1000.0,-2.0,1981.0,8.0,1524.0,9.0,6.800000190734863,100.0,2.0,1.5,2.0,4.0,3.5,0.0
8,1,4,4,4,180.0,1080.0,-3.0,1983.0,1.0,2552.0,5.78000020980835,7.210000038146973,13.0,1.5,3.0,4.0,4.0,4.0,0.0
3,2,3,3,3,70.0,1000.0,-2.0,1981.0,19.0,1340.0,20.100000381469727,6.900000095367432,88.0,3.0,2.5,1.0,0.5,0.0,1.0
9,3,5,8,7,220.0,1050.0,-2.0,1983.0,8.0,2575.0,15.930000305175781,9.100000381469727,88.0,3.0,3.0,2.0,2.5,2.5,1.0
10,3,5,9,8,300.0,1200.0,-3.0,1982.0,7.0,2573.0,10.779999732971191,6.619999885559082,100.0,2.5,4.0,3.0,3.0,2.0,2.0
8,3,4,4,4,180.0,1080.0,-3.0,1983.0,5.0,2570.0,21.43000030517578,14.100000381469727,38.0,4.0,3.5,3.0,3.5,3.0,3.0
8,3,4,4,4,180.0,1080.0,-3.0,1983.0,6.0,2571.0,8.75,7.269999980926514,38.0,3.5,2.5,3.0,4.0,3.299999952316284,1.0
10,1,5,9,8,300.0,1200.0,-3.0,1982.0,8.0,2575.0,9.84000015258789,5.670000076293945,100.0,1.5,1.5,2.0,2.0,2.0,0.0
13,1,0,11,10,150.0,900.0,-2.0,1986.0,3.0,3068.0,4.139999866485596,1.8899999856948853,,,,,,,0.0
13,2,0,11,10,150.0,900.0,-2.0,1986.0,22.0,3268.0,17.690000534057617,8.079999923706055,,,,,,,0.0
5,3,5,5,5,160.0,1000.0,-3.0,1981.0,13.0,1112.0,4.0,3.200000047683716,63.0,2.0,1.5,3.0,3.0,3.0,1.0
4,2,4,4,4,180.0,1080.0,-3.0,1981.0,17.0,1171.0,2.7899999618530273,2.9000000953674316,75.0,2.0,2.0,2.0,2.0,3.0,1.0
1,3,1,1,1,200.0,1400.0,-2.0,1980.0,7.0,1523.0,39.650001525878906,10.5600004196167,,4.0,4.5,3.0,3.0,1.0,4.0
10,3,5,9,8,300.0,1200.0,-3.0,1982.0,15.0,1482.0,24.15999984741211,10.3100004196167,75.0,4.5,3.0,4.0,3.0,2.0,3.0
5,1,5,5,5,160.0,1000.0,-3.0,1981.0,15.0,1978.0,15.699999809265137,10.0,100.0,4.0,3.0,2.5,2.5,2.5,3.0
7,3,2,7,6,150.0,1250.0,-3.0,1983.0,18.0,2550.0,23.100000381469727,18.59000015258789,63.0,4.0,3.5,3.299999952316284,3.299999952316284,3.0,3.0
10,3,5,9,8,300.0,1200.0,-3.0,1982.0,14.0,2638.0,12.239999771118164,5.829999923706055,25.0,2.0,3.0,3.0,3.0,3.0,1.0
12,3,4,4,4,180.0,1080.0,-3.0,1981.0,3.0,2634.0,11.84000015258789,9.130000114440918,18.0,2.5,3.5,2.5,3.5,3.0,2.0
7,2,2,7,6,150.0,1250.0,-3.0,1983.0,5.0,1522.0,20.799999237060547,15.40999984741211,25.0,3.5,2.799999952316284,3.299999952316284,3.200000047683716,3.5,3.0
7,1,2,7,6,150.0,1250.0,-3.0,1983.0,5.0,1522.0,19.1299991607666,10.65999984741211,38.0,3.5,3.0,2.5,2.5,2.0,3.0
10,2,5,9,8,300.0,1200.0,-3.0,1982.0,19.0,1340.0,1.559999942779541,2.1600000858306885,50.0,1.0,2.0,2.0,2.0,3.0,0.0
4,1,4,4,4,180.0,1080.0,-3.0,1981.0,11.0,1094.0,2.859999895095825,3.200000047683716,25.0,2.0,2.0,2.0,2.0,2.0,0.0
11,3,6,10,9,150.0,1300.0,-2.0,1983.0,23.0,1252.0,26.049999237060547,12.149999618530273,10.0,3.0,3.0,2.5,3.299999952316284,3.0,2.0
3,1,3,3,3,70.0,1000.0,-2.0,1981.0,15.0,1978.0,14.600000381469727,11.100000381469727,100.0,4.0,3.0,3.5,3.5,3.299999952316284,3.0
12,3,4,4,4,180.0,1080.0,-3.0,1981.0,6.0,2571.0,12.720000267028809,10.600000381469727,37.0,3.0,2.0,3.5,4.5,4.300000190734863,4.0
13,3,0,11,10,150.0,900.0,-2.0,1986.0,7.0,3273.0,25.850000381469727,11.0600004196167,,,,,,,0.0
9,1,5,8,7,220.0,1050.0,-2.0,1983.0,4.0,2568.0,16.700000762939453,7.639999866485596,100.0,3.5,2.799999952316284,3.0,3.0,2.0,3.0
4,1,4,4,4,180.0,1080.0,-3.0,1981.0,21.0,1780.0,6.239999771118164,4.849999904632568,25.0,2.5,4.0,3.0,3.0,3.0,1.0
14,1,7,12,11,150.0,1750.0,-2.0,1986.0,26.0,,29.020000457763672,10.869999885559082,,,,,,,0.0
8,2,4,4,4,180.0,1080.0,-3.0,1983.0,0.0,1.0,11.880000114440918,9.8100004196167,63.0,3.0,4.0,2.5,2.5,2.5,2.0
7,3,2,7,6,150.0,1250.0,-3.0,1983.0,7.0,2573.0,27.399999618530273,17.899999618530273,38.0,3.0,3.299999952316284,2.5,3.0,2.0,3.0
4,2,4,4,4,180.0,1080.0,-3.0,1981.0,16.0,1595.0,2.799999952316284,2.9200000762939453,75.0,2.5,1.7999999523162842,3.200000047683716,3.5,3.5,1.0
6,2,4,6,4,180.0,1080.0,-3.0,1982.0,18.0,2574.0,1.1699999570846558,2.3399999141693115,25.0,1.0,3.0,3.0,3.0,3.0,0.0
7,1,2,7,6,150.0,1250.0,-3.0,1983.0,15.0,2548.0,41.040000915527344,16.600000381469727,50.0,3.299999952316284,3.0,2.0,1.5,1.5,3.0
0,1,0,0,0,100.0,850.0,-2.0,1980.0,2.0,1362.0,10.319999694824219,6.5,50.0,2.299999952316284,2.5,3.0,3.5,3.0,1.0
1,2,1,1,1,200.0,1400.0,-2.0,1980.0,4.0,2088.0,31.739999771118164,11.6899995803833,,4.0,2.5,3.0,3.0,2.0,3.0
10,3,5,9,8,300.0,1200.0,-3.0,1982.0,6.0,2571.0,6.409999847412109,3.259999990463257,75.0,2.0,2.0,2.0,2.0,2.0,1.0
10,1,5,9,8,300.0,1200.0,-3.0,1982.0,14.0,2638.0,1.2699999809265137,1.7400000095367432,50.0,1.0,3.0,2.0,3.0,3.0,0.0
5,3,5,5,5,160.0,1000.0,-3.0,1981.0,21.0,1780.0,4.900000095367432,2.799999952316284,63.0,2.0,3.0,3.0,3.5,3.5,1.0
7,2,2,7,6,150.0,1250.0,-3.0,1983.0,3.0,1596.0,21.450000762939453,16.760000228881836,75.0,3.0,3.200000047683716,3.299999952316284,3.5,3.0,3.0
4,3,4,4,4,180.0,1080.0,-3.0,1981.0,7.0,1598.0,6.78000020980835,5.619999885559082,63.0,3.0,4.0,2.5,3.0,2.0,2.0
3,22,3,3,3,70.0,1000.0,-2.0,1981.0,9.0,2435.0,19.600000381469727,12.300000190734863,75.0,3.299999952316284,3.0,3.299999952316284,3.5,3.5,4.0
3,1,3,3,3,70.0,1000.0,-2.0,1981.0,6.0,1785.0,7.199999809265137,6.0,50.0,1.2999999523162842,1.2999999523162842,4.0,4.0,4.0,0.0
10,1,5,9,8,300.0,1200.0,-3.0,1982.0,6.0,1259.0,13.989999771118164,9.09000015258789,100.0,4.0,2.0,2.0,2.0,2.0,2.0
4,2,4,4,4,180.0,1080.0,-3.0,1981.0,6.0,1785.0,4.389999866485596,4.03000020980835,88.0,1.5,1.5,2.0,2.0,3.0,0.0
6,1,4,6,4,180.0,1080.0,-3.0,1982.0,15.0,2548.0,22.229999542236328,12.819999694824219,100.0,5.0,4.0,3.0,3.0,2.0,3.0
13,1,0,11,10,150.0,900.0,-2.0,1986.0,0.0,2562.0,40.439998626708984,17.059999465942383,,,,,,,0.0
6,3,4,6,4,180.0,1080.0,-3.0,1982.0,17.0,2631.0,9.0600004196167,6.96999979019165,25.0,1.2999999523162842,1.0,2.0,2.0,3.0,0.0
10,2,5,9,8,300.0,1200.0,-3.0,1982.0,14.0,2638.0,5.25,3.5,50.0,2.0,3.0,3.0,3.0,4.0,1.0
11,1,6,10,9,150.0,1300.0,-2.0,1983.0,4.0,2568.0,31.6299991607666,13.90999984741211,60.0,3.5999999046325684,2.5999999046325684,3.5999999046325684,3.299999952316284,2.799999952316284,3.0
8,2,4,4,4,180.0,1080.0,-3.0,1983.0,5.0,2570.0,3.809999942779541,4.929999828338623,13.0,2.0,2.5,3.0,4.0,3.0,0.0
4,3,4,4,4,180.0,1080.0,-3.0,1981.0,1.0,1339.0,3.809999942779541,4.730000019073486,100.0,3.0,2.700000047683716,3.0,3.0,3.5,3.0
13,3,0,11,10,150.0,900.0,-2.0,1986.0,26.0,3275.0,17.350000381469727,6.510000228881836,,,,,,,0.0
12,3,4,4,4,180.0,1080.0,-3.0,1981.0,18.0,2574.0,12.40999984741211,9.680000305175781,67.0,4.0,4.0,3.5,4.0,3.0,3.0
4,1,4,4,4,180.0,1080.0,-3.0,1981.0,3.0,1596.0,6.380000114440918,5.070000171661377,88.0,3.0,4.0,3.5,4.0,4.0,4.0
4,2,4,4,4,180.0,1080.0,-3.0,1981.0,5.0,2469.0,9.880000114440918,8.9399995803833,88.0,4.0,3.0,3.5,3.5,3.5,3.0
13,2,0,11,10,150.0,900.0,-2.0,1986.0,0.0,2562.0,33.599998474121094,14.170000076293945,,,,,,,0.0
7,2,2,7,6,150.0,1250.0,-3.0,1983.0,15.0,2548.0,22.600000381469727,12.609999656677246,63.0,3.5,3.0,2.0,2.0,1.5,2.0
6,3,4,6,4,180.0,1080.0,-3.0,1982.0,12.0,1111.0,9.649999618530273,6.239999771118164,25.0,2.799999952316284,3.0,3.0,3.0,2.5,1.0
2,2,2,2,2,130.0,1000.0,-3.0,1980.0,3.0,1596.0,20.399999618530273,10.199999809265137,60.0,4.0,4.0,3.0,3.0,2.5,3.0
10,1,5,9,8,300.0,1200.0,-3.0,1982.0,12.0,1111.0,10.989999771118164,7.199999809265137,100.0,2.0,3.0,3.0,3.0,3.0,2.0
11,2,6,10,9,150.0,1300.0,-2.0,1983.0,0.0,2562.0,33.189998626708984,14.420000076293945,30.0,3.5999999046325684,3.700000047683716,3.200000047683716,3.700000047683716,3.200000047683716,3.0
13,1,0,11,10,150.0,900.0,-2.0,1986.0,7.0,2573.0,23.6200008392334,10.109999656677246,,,,,,,0.0
3,1,3,3,3,70.0,1000.0,-2.0,1981.0,13.0,1113.0,8.800000190734863,11.399999618530273,100.0,2.0,2.0,4.0,4.0,4.0,1.0
0,3,0,0,0,100.0,850.0,-2.0,1980.0,8.0,1524.0,12.390000343322754,5.550000190734863,80.0,3.0,2.5,2.0,2.0,2.0,2.0
11,1,6,10,9,150.0,1300.0,-2.0,1983.0,3.0,2635.0,20.399999618530273,10.199999809265137,10.0,3.299999952316284,4.5,3.299999952316284,4.0,3.5,3.0
6,3,4,6,4,180.0,1080.0,-3.0,1982.0,22.0,1592.0,11.770000457763672,8.079999923706055,75.0,3.0,4.0,3.0,4.0,3.0,4.0
7,3,2,7,6,150.0,1250.0,-3.0,1983.0,18.0,2574.0,22.079999923706055,21.790000915527344,50.0,3.5,3.0,3.299999952316284,3.299999952316284,3.0,3.0
3,3,3,3,3,70.0,1000.0,-2.0,1981.0,20.0,1192.0,12.199999809265137,4.400000095367432,75.0,3.0,2.0,3.0,2.5,2.5,1.0
2,3,2,2,2,130.0,1000.0,-3.0,1980.0,6.0,1521.0,16.200000762939453,10.199999809265137,60.0,4.0,2.299999952316284,3.0,3.299999952316284,3.0,4.0
4,2,4,4,4,180.0,1080.0,-3.0,1981.0,18.0,2428.0,6.480000019073486,6.420000076293945,38.0,4.0,3.5,4.0,4.0,3.5,3.0
8,3,4,4,4,180.0,1080.0,-3.0,1983.0,5.0,1522.0,1.409999966621399,2.819999933242798,13.0,1.0,3.0,3.0,3.0,3.0,0.0
13,1,0,11,10,150.0,900.0,-2.0,1986.0,3.0,3270.0,27.700000762939453,12.619999885559082,,,,,,,0.0
14,1,7,12,11,150.0,1750.0,-2.0,1986.0,7.0,,38.5099983215332,16.459999084472656,,,,,,,0.0
5,2,5,5,5,160.0,1000.0,-3.0,1981.0,1.0,1339.0,15.0,11.600000381469727,4.0,3.0,2.0,2.0,2.0,3.0,0.0
8,1,4,4,4,180.0,1080.0,-3.0,1983.0,3.0,1596.0,7.679999828338623,6.559999942779541,50.0,3.0,3.5,3.5,4.0,4.0,2.0
6,2,4,6,4,180.0,1080.0,-3.0,1982.0,3.0,2635.0,5.860000133514404,4.360000133514404,75.0,3.0,3.0,3.0,4.0,3.0,2.0
10,3,5,9,8,300.0,1200.0,-3.0,1982.0,18.0,2432.0,18.8700008392334,14.239999771118164,75.0,5.0,3.0,5.0,4.0,4.5,4.0
10,1,5,9,8,300.0,1200.0,-3.0,1982.0,13.0,2620.0,7.869999885559082,6.25,100.0,3.5,1.5,2.0,2.0,2.0,1.0
6,2,4,6,4,180.0,1080.0,-3.0,1982.0,8.0,2575.0,6.96999979019165,5.320000171661377,50.0,2.0,3.5,2.0,3.0,3.0,0.0
3,1,3,3,3,70.0,1000.0,-2.0,1981.0,14.0,1338.0,15.800000190734863,10.0,38.0,3.5,3.5,3.299999952316284,3.5,3.0,2.0
5,2,5,5,5,160.0,1000.0,-3.0,1981.0,18.0,1787.0,10.300000190734863,10.0,4.0,3.0,4.0,3.0,3.0,3.0,0.0
5,2,5,5,5,160.0,1000.0,-3.0,1981.0,19.0,1340.0,7.699999809265137,6.099999904632568,2.0,2.0,2.0,2.0,3.0,0.5,0.0
11,2,6,10,9,150.0,1300.0,-2.0,1983.0,1.0,2552.0,15.520000457763672,7.829999923706055,10.0,2.0,4.0,4.0,4.0,4.0,1.0
3,1,3,3,3,70.0,1000.0,-2.0,1981.0,16.0,1595.0,5.199999809265137,4.300000190734863,75.0,0.5,0.5,4.0,4.0,4.0,0.0
12,3,4,4,4,180.0,1080.0,-3.0,1981.0,18.0,2432.0,14.460000038146973,11.729999542236328,60.0,4.5,4.0,3.5,3.5,2.5,4.0
2,1,2,2,2,130.0,1000.0,-3.0,1980.0,10.0,1362.0,4.699999809265137,5.5,20.0,1.0,1.5,2.0,3.0,3.0,0.0
11,1,6,10,9,150.0,1300.0,-2.0,1983.0,3.0,1596.0,20.110000610351562,13.550000190734863,20.0,3.0,4.0,4.0,4.0,4.0,2.0
3,2,3,3,3,70.0,1000.0,-2.0,1981.0,8.0,1524.0,10.300000190734863,7.800000190734863,100.0,2.299999952316284,2.0,3.0,3.0,3.0,1.0
2,2,2,2,2,130.0,1000.0,-3.0,1980.0,8.0,1524.0,11.5,5.800000190734863,40.0,1.5,2.0,2.5,3.5,2.5,0.0
5,1,5,5,5,160.0,1000.0,-3.0,1981.0,5.0,1337.0,19.600000381469727,11.800000190734863,63.0,5.0,3.0,3.5,3.0,2.0,4.0
5,2,5,5,5,160.0,1000.0,-3.0,1981.0,11.0,1094.0,7.300000190734863,6.800000190734863,2.5,3.5,3.5,3.5,3.5,1.5,0.0
0,3,0,0,0,100.0,850.0,-2.0,1980.0,4.0,2088.0,17.149999618530273,8.220000267028809,60.0,5.0,2.700000047683716,3.5,3.0,2.0,3.0
11,2,6,10,9,150.0,1300.0,-2.0,1983.0,8.0,2575.0,13.8100004196167,10.619999885559082,10.0,1.5,3.0,2.0,4.0,3.0,0.0
15,1,2,13,6,100.0,1250.0,-2.0,1983.0,5.0,1522.0,27.360000610351562,11.489999771118164,67.0,4.699999809265137,3.299999952316284,3.4000000953674316,3.4000000953674316,3.0,3.0
3,2,3,3,3,70.0,1000.0,-2.0,1981.0,15.0,1978.0,23.700000762939453,12.600000381469727,88.0,5.0,3.299999952316284,3.0,2.0,2.0,3.0
3,3,3,3,3,70.0,1000.0,-2.0,1981.0,7.0,1598.0,14.0,10.300000190734863,100.0,3.5,4.0,2.0,3.0,2.0,2.0
2,3,2,2,2,130.0,1000.0,-3.0,1980.0,7.0,1523.0,11.5,9.0,20.0,2.700000047683716,3.700000047683716,4.0,4.0,3.0,3.0
3,3,3,3,3,70.0,1000.0,-2.0,1981.0,17.0,1171.0,13.100000381469727,10.100000381469727,100.0,2.0,2.0,2.0,2.0,2.0,1.0
0,1,0,0,0,100.0,850.0,-2.0,1980.0,0.0,1520.0,18.450000762939453,9.960000038146973,40.0,4.0,3.0,3.5,4.0,3.5,3.0
8,2,4,4,4,180.0,1080.0,-3.0,1983.0,4.0,2568.0,11.65999984741211,8.569999694824219,75.0,3.0,2.5,2.5,2.5,2.5,1.0
4,3,4,4,4,180.0,1080.0,-3.0,1981.0,13.0,1112.0,7.829999923706055,6.679999828338623,100.0,3.0,1.7999999523162842,3.5,4.0,4.0,3.0
13,2,0,11,10,150.0,900.0,-2.0,1986.0,26.0,1609.0,21.889999389648438,8.210000038146973,,,,,,,0.0
5,2,5,5,5,160.0,1000.0,-3.0,1981.0,1.0,2447.0,13.899999618530273,11.100000381469727,5.0,3.0,3.0,2.5,2.0,3.0,0.0
11,2,6,10,9,150.0,1300.0,-2.0,1983.0,4.0,2568.0,52.7599983215332,21.0,50.0,4.5,2.700000047683716,3.9000000953674316,3.4000000953674316,2.5999999046325684,4.0
13,2,0,11,10,150.0,900.0,-2.0,1986.0,25.0,1825.0,17.5,7.989999771118164,,,,,,,0.0
6,3,4,6,4,180.0,1080.0,-3.0,1982.0,17.0,1171.0,11.619999885559082,11.619999885559082,2.0,2.0,2.0,4.0,3.0,3.0,1.0
3,1,3,3,3,70.0,1000.0,-2.0,1981.0,7.0,1598.0,15.899999618530273,12.800000190734863,100.0,4.0,4.0,3.299999952316284,4.0,3.0,4.0
11,1,6,10,9,150.0,1300.0,-2.0,1983.0,3.0,2569.0,22.149999618530273,14.569999694824219,20.0,3.0,4.0,3.0,3.4000000953674316,3.0,3.0
2,2,2,2,2,130.0,1000.0,-3.0,1980.0,6.0,1521.0,13.5,7.699999809265137,30.0,3.0,2.0,3.299999952316284,4.0,3.5,3.0
9,1,5,8,7,220.0,1050.0,-2.0,1983.0,3.0,1596.0,16.18000030517578,7.670000076293945,88.0,3.5,3.0,2.5,4.0,3.0,4.0
15,1,2,13,6,100.0,1250.0,-2.0,1983.0,4.0,2568.0,28.209999084472656,9.470000267028809,94.0,4.599999904632568,3.0,2.0,1.7999999523162842,1.2000000476837158,3.0
5,1,5,5,5,160.0,1000.0,-3.0,1981.0,8.0,1524.0,6.5,7.0,50.0,2.5,2.5,3.0,3.0,3.0,1.0
10,2,5,9,8,300.0,1200.0,-3.0,1982.0,3.0,1595.0,15.6899995803833,8.949999809265137,100.0,3.0,3.0,4.0,4.0,3.0,3.0
6,3,4,6,4,180.0,1080.0,-3.0,1982.0,18.0,2553.0,19.1299991607666,13.5,50.0,5.0,4.0,4.0,4.0,3.0,4.0
7,3,2,7,6,150.0,1250.0,-3.0,1983.0,5.0,1522.0,21.700000762939453,17.329999923706055,25.0,3.299999952316284,3.0,3.0,3.0,3.0,3.0
10,1,5,9,8,300.0,1200.0,-3.0,1982.0,15.0,2548.0,7.699999809265137,5.690000057220459,100.0,3.0,3.0,4.0,4.0,4.0,2.0
12,1,4,4,4,180.0,1080.0,-3.0,1981.0,6.0,2571.0,23.549999237060547,14.359999656677246,37.0,4.0,2.0,3.0,3.5,2.0,4.0
9,3,5,8,7,220.0,1050.0,-2.0,1983.0,5.0,2570.0,18.299999237060547,9.0600004196167,50.0,3.5,3.0,2.5,3.0,2.5,2.0
8,2,4,4,4,180.0,1080.0,-3.0,1983.0,3.0,1596.0,7.829999923706055,6.789999961853027,100.0,3.0,3.0,3.5,4.5,3.5,3.0
3,2,3,3,3,70.0,1000.0,-2.0,1981.0,3.0,1596.0,12.600000381469727,8.0,37.0,2.5,3.5,4.0,4.0,4.0,2.0
12,3,4,4,4,180.0,1080.0,-3.0,1981.0,15.0,2548.0,13.039999961853027,9.359999656677246,55.0,4.0,4.0,3.0,2.5,2.0,3.0
5,3,5,5,5,160.0,1000.0,-3.0,1981.0,14.0,1338.0,9.399999618530273,8.5,38.0,3.0,3.0,2.0,1.5,1.0,1.0
8,1,4,4,4,180.0,1080.0,-3.0,1983.0,6.0,2571.0,14.819999694824219,14.229999542236328,50.0,3.0,1.7000000476837158,4.0,4.0,3.5,3.0
8,3,4,4,4,180.0,1080.0,-3.0,1983.0,4.0,2547.0,24.729999542236328,14.1899995803833,88.0,4.5,3.0,3.0,3.0,2.799999952316284,4.0
4,2,4,4,4,180.0,1080.0,-3.0,1981.0,21.0,1780.0,2.5999999046325684,3.640000104904175,38.0,1.0,2.0,2.0,2.0,3.0,0.0
10,2,5,9,8,300.0,1200.0,-3.0,1982.0,1.0,2552.0,17.190000534057617,12.449999809265137,50.0,4.0,4.0,4.0,4.0,4.0,3.0
13,3,0,11,10,150.0,900.0,-2.0,1986.0,22.0,3266.0,20.15999984741211,9.210000038146973,,,,,,,0.0
3,1,3,3,3,70.0,1000.0,-2.0,1981.0,1.0,1339.0,17.299999237060547,13.199999809265137,71.0,3.299999952316284,3.0,3.0,3.0,3.0,2.0
11,2,6,10,9,150.0,1300.0,-2.0,1983.0,3.0,1596.0,42085.0,17.049999237060547,40.0,3.9000000953674316,3.9000000953674316,3.200000047683716,3.299999952316284,2.4000000953674316,4.0
10,2,5,9,8,300.0,1200.0,-3.0,1982.0,22.0,1592.0,4.730000019073486,5.309999942779541,100.0,2.0,3.0,3.0,4.0,4.0,3.0
11,2,6,10,9,150.0,1300.0,-2.0,1983.0,5.0,2570.0,49.880001068115234,14.050000190734863,10.0,4.0,4.5,3.0,4.0,3.0,4.0
11,1,6,10,9,150.0,1300.0,-2.0,1983.0,6.0,2571.0,31.329999923706055,15.670000076293945,30.0,4.099999904632568,2.299999952316284,3.4000000953674316,4.0,3.0999999046325684,3.0
10,1,5,9,8,300.0,1200.0,-3.0,1982.0,3.0,2635.0,8.579999923706055,7.480000019073486,100.0,3.5,3.0,2.5,3.5,3.0,3.0
8,1,4,4,4,180.0,1080.0,-3.0,1983.0,23.0,1252.0,12.960000038146973,11.210000038146973,88.0,4.0,4.0,2.5,2.0,2.0,2.0
11,2,6,10,9,150.0,1300.0,-2.0,1983.0,18.0,2553.0,39.689998626708984,18.25,30.0,3.9000000953674316,3.799999952316284,4.199999809265137,4.099999904632568,3.5999999046325684,4.0
13,1,0,11,10,150.0,900.0,-2.0,1986.0,25.0,1257.0,21.06999969482422,9.619999885559082,,,,,,,0.0
7,1,2,7,6,150.0,1250.0,-3.0,1983.0,7.0,2573.0,21.700000762939453,17.420000076293945,88.0,3.0,3.5,3.0,3.299999952316284,2.299999952316284,3.0
9,2,5,8,7,220.0,1050.0,-2.0,1983.0,3.0,1596.0,10.970000267028809,5.199999809265137,50.0,3.299999952316284,3.0,3.299999952316284,4.0,3.5,3.0
5,2,5,5,5,160.0,1000.0,-3.0,1981.0,18.0,2430.0,13.0,10.399999618530273,4.0,3.0,3.5,2.5,2.0,4.0,0.0
10,2,5,9,8,300.0,1200.0,-3.0,1982.0,18.0,2432.0,12.390000343322754,10.770000457763672,75.0,3.0,3.0,4.0,4.0,4.0,3.0
2,1,2,2,2,130.0,1000.0,-3.0,1980.0,4.0,2088.0,10.300000190734863,9.399999618530273,80.0,3.0,2.5,3.0,3.0,3.0,3.0
4,3,4,4,4,180.0,1080.0,-3.0,1981.0,18.0,2428.0,5.159999847412109,5.860000133514404,75.0,4.0,3.0,4.0,4.0,4.0,4.0
2,3,2,2,2,130.0,1000.0,-3.0,1980.0,8.0,1524.0,7.599999904632568,5.5,20.0,1.0,2.0,2.0,3.0,3.0,0.0
10,1,5,9,8,300.0,1200.0,-3.0,1982.0,17.0,1171.0,10.8100004196167,3.450000047683716,100.0,3.0,2.0,1.0,1.0,1.0,0.0
7,3,2,7,6,150.0,1250.0,-3.0,1983.0,6.0,1788.0,7.400000095367432,13.380000114440918,25.0,1.0,2.0,3.200000047683716,3.0,3.0,0.0
7,2,2,7,6,150.0,1250.0,-3.0,1983.0,18.0,2550.0,24.549999237060547,15.979999542236328,13.0,3.0,2.700000047683716,4.0,3.299999952316284,3.0,2.0
8,3,4,4,4,180.0,1080.0,-3.0,1983.0,23.0,1252.0,5.860000133514404,5.610000133514404,50.0,3.0,4.0,2.5,2.5,3.0,1.0
13,3,0,11,10,150.0,900.0,-2.0,1986.0,22.0,2460.0,24.15999984741211,11.029999732971191,,,,,,,0.0
7,3,2,7,6,150.0,1250.0,-3.0,1983.0,18.0,2553.0,20.34000015258789,18.450000762939453,75.0,3.5,3.0,3.299999952316284,3.299999952316284,3.0,3.0
10,1,5,9,8,300.0,1200.0,-3.0,1982.0,18.0,2550.0,9.84000015258789,8.680000305175781,75.0,2.0,2.0,4.0,4.0,4.0,2.0
8,1,4,4,4,180.0,1080.0,-3.0,1983.0,7.0,2573.0,5.190000057220459,4.440000057220459,13.0,1.5,2.5,3.0,3.0,3.0,0.0
1,2,1,1,1,200.0,1400.0,-2.0,1980.0,1.0,1487.0,26.940000534057617,9.930000305175781,,3.299999952316284,4.0,3.0,3.5,3.0,3.0
13,3,0,11,10,150.0,900.0,-2.0,1986.0,26.0,3274.0,20.56999969482422,7.710000038146973,,,,,,,0.0
11,2,6,10,9,150.0,1300.0,-2.0,1983.0,18.0,2550.0,27.969999313354492,14.649999618530273,10.0,3.0,3.5,3.5,3.0,3.0,3.0
7,2,2,7,6,150.0,1250.0,-3.0,1983.0,23.0,1252.0,15.350000381469727,11.869999885559082,75.0,2.9000000953674316,2.700000047683716,2.5,3.0,2.5,2.0
5,3,5,5,5,160.0,1000.0,-3.0,1981.0,1.0,1339.0,10.100000381469727,9.5,75.0,3.0,3.0,2.0,2.0,2.0,2.0
13,2,0,11,10,150.0,900.0,-2.0,1986.0,22.0,3269.0,25.709999084472656,11.739999771118164,,,,,,,0.0
7,1,2,7,6,150.0,1250.0,-3.0,1983.0,4.0,2568.0,24.889999389648438,16.709999084472656,63.0,3.0,2.5,2.700000047683716,3.0,2.0,2.0
5,2,5,5,5,160.0,1000.0,-3.0,1981.0,18.0,2428.0,10.899999618530273,9.800000190734863,4.0,3.0,2.5,2.0,3.0,4.0,0.0
10,3,5,9,8,300.0,1200.0,-3.0,1982.0,22.0,2560.0,16.040000915527344,8.65999984741211,100.0,3.0,4.0,4.0,4.0,4.0,3.0
0,3,0,0,0,100.0,850.0,-2.0,1980.0,3.0,1596.0,9.729999542236328,8.670000076293945,70.0,2.700000047683716,4.0,3.5,3.5,3.5,3.0
10,2,5,9,8,300.0,1200.0,-3.0,1982.0,7.0,2573.0,7.840000152587891,4.289999961853027,25.0,2.0,4.0,1.0,2.0,3.0,0.0
3,2,3,3,3,70.0,1000.0,-2.0,1981.0,20.0,1192.0,8.899999618530273,5.199999809265137,63.0,2.5,1.7999999523162842,3.0,3.0,3.0,0.0
7,3,2,7,6,150.0,1250.0,-3.0,1983.0,8.0,2575.0,5.179999828338623,4.820000171661377,38.0,1.0,2.0,2.0,2.0,2.0,0.0
0,1,0,0,0,100.0,850.0,-2.0,1980.0,9.0,1525.0,14.75,9.130000114440918,50.0,4.0,4.0,3.299999952316284,3.0,3.0,3.0
11,2,6,10,9,150.0,1300.0,-2.0,1983.0,4.0,2547.0,46.36000061035156,19.09000015258789,40.0,4.300000190734863,2.5999999046325684,3.799999952316284,2.9000000953674316,2.5999999046325684,4.0
9,2,5,8,7,220.0,1050.0,-2.0,1983.0,4.0,2547.0,20.309999465942383,9.270000457763672,100.0,4.0,2.5,2.799999952316284,2.5,2.5,3.0
10,1,5,9,8,300.0,1200.0,-3.0,1982.0,18.0,1352.0,4.980000019073486,4.050000190734863,75.0,2.0,2.5,3.0,3.0,3.0,1.0
6,3,4,6,4,180.0,1080.0,-3.0,1982.0,6.0,2571.0,6.420000076293945,8.239999771118164,25.0,3.0,2.0,4.0,4.0,4.0,2.0
5,3,5,5,5,160.0,1000.0,-3.0,1981.0,9.0,2435.0,6.0,7.0,13.0,3.0,3.0,4.0,4.0,4.0,1.0
10,2,5,9,8,300.0,1200.0,-3.0,1982.0,6.0,1259.0,10.369999885559082,5.599999904632568,100.0,3.0,2.0,2.0,2.0,1.0,1.0
13,2,0,11,10,150.0,900.0,-2.0,1986.0,7.0,3272.0,35.369998931884766,15.140000343322754,,,,,,,0.0
3,2,3,3,3,70.0,1000.0,-2.0,1981.0,7.0,1598.0,15.199999809265137,14.399999618530273,100.0,4.5,4.0,3.0,4.0,3.0,3.0
10,3,5,9,8,300.0,1200.0,-3.0,1982.0,19.0,1340.0,2.630000114440918,2.390000104904175,50.0,1.0,1.5,1.0,2.0,2.0,0.0
6,1,4,6,4,180.0,1080.0,-3.0,1982.0,15.0,1482.0,19.65999984741211,12.210000038146973,100.0,4.5,4.0,4.0,3.0,2.700000047683716,3.0
11,2,6,10,9,150.0,1300.0,-2.0,1983.0,6.0,1788.0,32.86000061035156,13.859999656677246,30.0,2.799999952316284,2.0,3.0999999046325684,3.0999999046325684,2.299999952316284,3.0
10,1,5,9,8,300.0,1200.0,-3.0,1982.0,5.0,2570.0,6.050000190734863,5.440000057220459,100.0,3.0,2.5,3.5,3.5,3.0,2.0
13,1,0,11,10,150.0,900.0,-2.0,1986.0,22.0,3266.0,21.860000610351562,10.0,,,,,,,0.0
10,3,5,9,8,300.0,1200.0,-3.0,1982.0,5.0,2570.0,16.93000030517578,8.100000381469727,75.0,2.5,2.0,2.5,2.5,2.0,2.0
4,2,4,4,4,180.0,1080.0,-3.0,1981.0,19.0,1340.0,5.369999885559082,5.739999771118164,100.0,1.5,1.0,1.5,1.5,2.0,0.0
6,2,4,6,4,180.0,1080.0,-3.0,1982.0,13.0,2621.0,3.0899999141693115,2.630000114440918,75.0,2.5,2.0,3.299999952316284,3.299999952316284,3.299999952316284,1.0
0,2,0,0,0,100.0,850.0,-2.0,1980.0,8.0,1524.0,8.229999542236328,6.5,70.0,2.0,2.0,3.299999952316284,4.0,3.5,1.0
4,1,4,4,4,180.0,1080.0,-3.0,1981.0,12.0,1111.0,4.489999771118164,4.110000133514404,44.0,2.5,3.0,3.0,3.0,3.0,1.0
6,3,4,6,4,180.0,1080.0,-3.0,1982.0,18.0,2574.0,15.260000228881836,14.079999923706055,25.0,3.0,4.0,4.0,4.0,3.0,4.0
8,2,4,4,4,180.0,1080.0,-3.0,1983.0,1.0,2552.0,10.390000343322754,8.65999984741211,38.0,3.0,3.5,3.0,4.0,3.0,2.0
4,2,4,4,4,180.0,1080.0,-3.0,1981.0,13.0,1113.0,3.9800000190734863,3.9800000190734863,75.0,3.0,2.0,3.0,4.0,3.0,2.0
11,1,6,10,9,150.0,1300.0,-2.0,1983.0,18.0,2550.0,20.25,10.65999984741211,30.0,2.700000047683716,3.0,4.0,4.199999809265137,3.700000047683716,3.0
11,1,6,10,9,150.0,1300.0,-2.0,1983.0,8.0,2575.0,19.90999984741211,6.769999980926514,40.0,1.600000023841858,1.7999999523162842,2.299999952316284,2.5,2.299999952316284,1.0
7,1,2,7,6,150.0,1250.0,-3.0,1983.0,8.0,2575.0,6.869999885559082,9.399999618530273,50.0,1.5,3.0,2.0,2.0,2.0,0.0
12,3,4,4,4,180.0,1080.0,-3.0,1981.0,13.0,2621.0,5.980000019073486,4.03000020980835,43.0,2.5,2.0,3.299999952316284,4.0,3.5,2.0
4,1,4,4,4,180.0,1080.0,-3.0,1981.0,9.0,2435.0,14.930000305175781,9.390000343322754,63.0,4.0,3.0,3.0,2.5,2.5,3.0
0,1,0,0,0,100.0,850.0,-2.0,1980.0,7.0,1523.0,19.049999237060547,11.260000228881836,100.0,5.0,4.5,3.5,4.0,2.0,4.0
10,1,5,9,8,300.0,1200.0,-3.0,1982.0,17.0,2631.0,17.829999923706055,6.559999942779541,75.0,4.0,2.0,1.0,1.0,1.0,1.0
5,1,5,5,5,160.0,1000.0,-3.0,1981.0,3.0,1596.0,11.600000381469727,8.899999618530273,100.0,4.0,3.0,4.0,4.0,4.0,4.0
12,1,4,4,4,180.0,1080.0,-3.0,1981.0,18.0,2574.0,11.619999885559082,7.400000095367432,33.0,3.0,3.0,3.5,3.5,3.299999952316284,2.0
6,3,4,6,4,180.0,1080.0,-3.0,1982.0,14.0,2638.0,0.5799999833106995,1.75,25.0,1.5,3.0,3.0,3.0,3.0,0.0
5,3,5,5,5,160.0,1000.0,-3.0,1981.0,15.0,1482.0,7.800000190734863,5.599999904632568,88.0,3.0,3.0,2.0,2.0,2.0,3.0
1,2,1,1,1,200.0,1400.0,-2.0,1980.0,7.0,1523.0,31.719999313354492,9.960000038146973,,4.5,4.0,3.5,3.5,3.0,4.0
5,1,5,5,5,160.0,1000.0,-3.0,1981.0,15.0,1482.0,15.899999618530273,8.800000190734863,75.0,4.0,3.0,3.0,2.0,2.5,3.0
12,3,4,4,4,180.0,1080.0,-3.0,1981.0,3.0,1596.0,17.270000457763672,9.010000228881836,48.0,3.5,3.0,3.299999952316284,4.0,3.0,4.0
11,1,6,10,9,150.0,1300.0,-2.0,1983.0,23.0,1252.0,26.59000015258789,10.800000190734863,40.0,3.5999999046325684,3.799999952316284,2.5999999046325684,2.5999999046325684,2.5,3.0
3,3,3,3,3,70.0,1000.0,-2.0,1981.0,18.0,2482.0,16.399999618530273,12.100000381469727,88.0,4.800000190734863,3.0,3.299999952316284,3.5,2.0,4.0
3,2,3,3,3,70.0,1000.0,-2.0,1981.0,1.0,1339.0,33.79999923706055,16.0,50.0,5.0,3.0,2.0,2.0,0.5,3.0
10,3,5,9,8,300.0,1200.0,-3.0,1982.0,6.0,1785.0,3.0299999713897705,1.75,75.0,1.0,2.0,2.0,2.0,2.0,0.0
6,1,4,6,4,180.0,1080.0,-3.0,1982.0,7.0,2573.0,15.020000457763672,8.039999961853027,75.0,3.0,4.0,3.0,3.200000047683716,2.5,2.0
4,2,4,4,4,180.0,1080.0,-3.0,1981.0,1.0,1339.0,12.489999771118164,10.119999885559082,63.0,4.5,3.0,3.5,3.5,3.5,4.0
4,1,4,4,4,180.0,1080.0,-3.0,1981.0,17.0,1171.0,6.159999847412109,4.300000190734863,40.0,3.0,2.0,1.0,1.0,1.0,1.0
8,2,4,4,4,180.0,1080.0,-3.0,1983.0,24.0,2750.0,1.3799999952316284,1.5299999713897705,13.0,1.0,1.0,3.0,3.0,3.0,0.0
6,2,4,6,4,180.0,1080.0,-3.0,1982.0,3.0,2634.0,10.970000267028809,9.970000267028809,75.0,3.5,3.0,3.200000047683716,4.0,3.0,3.0
4,3,4,4,4,180.0,1080.0,-3.0,1981.0,8.0,1524.0,4.489999771118164,4.489999771118164,88.0,2.299999952316284,2.0,2.5,4.0,3.0,1.0
6,1,4,6,4,180.0,1080.0,-3.0,1982.0,3.0,2634.0,6.599999904632568,8.100000381469727,50.0,2.799999952316284,4.0,3.0,4.0,3.5,2.0
12,3,4,4,4,180.0,1080.0,-3.0,1981.0,22.0,2560.0,9.15999984741211,7.230000019073486,17.0,3.0,4.0,3.0,4.0,4.0,2.0
11,2,6,10,9,150.0,1300.0,-2.0,1983.0,15.0,2548.0,49.34000015258789,16.850000381469727,10.0,5.0,4.5,3.5,3.5,3.0,4.0
4,1,4,4,4,180.0,1080.0,-3.0,1981.0,1.0,1786.0,6.050000190734863,5.389999866485596,88.0,4.0,4.0,3.5,3.5,3.5,3.0
5,2,5,5,5,160.0,1000.0,-3.0,1981.0,5.0,1337.0,17.100000381469727,12.100000381469727,5.0,3.0,3.5,3.0,3.0,4.0,0.0
1,1,1,1,1,200.0,1400.0,-2.0,1980.0,7.0,1523.0,33.130001068115234,12.329999923706055,,4.0,4.0,3.5,4.0,2.700000047683716,3.0
2,1,2,2,2,130.0,1000.0,-3.0,1980.0,3.0,1596.0,17.0,12.600000381469727,50.0,4.300000190734863,4.0,3.200000047683716,4.0,3.5,3.0
3,1,3,3,3,70.0,1000.0,-2.0,1981.0,3.0,1596.0,15.300000190734863,10.800000190734863,75.0,3.0,3.0,3.0,4.0,3.5,4.0
1,1,1,1,1,200.0,1400.0,-2.0,1980.0,1.0,1487.0,27.979999542236328,8.640000343322754,,2.299999952316284,4.0,2.0,2.0,2.0,1.0
0,2,0,0,0,100.0,850.0,-2.0,1980.0,3.0,1596.0,13.130000114440918,6.079999923706055,80.0,3.5,4.0,4.0,3.5,3.5,4.0
3,2,3,3,3,70.0,1000.0,-2.0,1981.0,6.0,1785.0,9.800000190734863,7.5,75.0,1.7000000476837158,1.2999999523162842,3.299999952316284,4.0,3.5,1.0
11,2,6,10,9,150.0,1300.0,-2.0,1983.0,7.0,2573.0,8.720000267028809,10.170000076293945,10.0,1.5,4.0,4.0,4.0,4.0,0.0
7,1,2,7,6,150.0,1250.0,-3.0,1983.0,3.0,1596.0,15.020000457763672,9.920000076293945,100.0,3.5,4.0,2.700000047683716,4.0,2.5,3.0
13,1,0,11,10,150.0,900.0,-2.0,1986.0,26.0,3275.0,15.25,5.71999979019165,,,,,,,0.0
3,2,3,3,3,70.0,1000.0,-2.0,1981.0,18.0,2482.0,17.0,14.100000381469727,88.0,4.5,3.0,3.700000047683716,3.700000047683716,3.700000047683716,4.0
7,2,2,7,6,150.0,1250.0,-3.0,1983.0,8.0,2575.0,3.619999885559082,6.03000020980835,25.0,1.0,3.0,2.5,2.5,3.0,0.0
3,2,3,3,3,70.0,1000.0,-2.0,1981.0,15.0,1482.0,23.0,11.0,13.0,3.0,3.5,2.0,1.0,1.0,2.0
3,3,3,3,3,70.0,1000.0,-2.0,1981.0,9.0,2435.0,20.299999237060547,13.600000381469727,63.0,4.0,2.700000047683716,3.0,2.5,2.0,3.0
4,2,4,4,4,180.0,1080.0,-3.0,1981.0,15.0,1978.0,4.039999961853027,4.659999847412109,50.0,2.5,3.0,3.5,3.5,3.5,2.0
10,3,5,9,8,300.0,1200.0,-3.0,1982.0,17.0,1171.0,8.399999618530273,3.9100000858306885,100.0,3.0,2.0,1.0,2.0,1.0,0.0
1,3,1,1,1,200.0,1400.0,-2.0,1980.0,1.0,1487.0,3.072000026702881,9.930000305175781,,3.0,4.0,2.0,2.0,1.0,3.0
4,2,4,4,4,180.0,1080.0,-3.0,1981.0,7.0,1598.0,7.940000057220459,7.769999980926514,100.0,3.5,4.0,2.5,4.0,3.299999952316284,4.0
4,3,4,4,4,180.0,1080.0,-3.0,1981.0,19.0,1340.0,6.110000133514404,5.739999771118164,100.0,2.5,1.5,1.5,1.0,1.0,1.0
9,2,5,8,7,220.0,1050.0,-2.0,1983.0,15.0,2548.0,13.699999809265137,5.349999904632568,88.0,4.0,3.0,2.0,3.0,1.5,3.0
10,3,5,9,8,300.0,1200.0,-3.0,1982.0,1.0,2552.0,16.829999923706055,10.3100004196167,75.0,4.0,3.0,4.0,4.0,3.0,4.0
9,3,5,8,7,220.0,1050.0,-2.0,1983.0,18.0,2553.0,11.550000190734863,6.559999942779541,100.0,3.0,2.700000047683716,3.299999952316284,4.0,4.0,3.0
3,2,3,3,3,70.0,1000.0,-2.0,1981.0,18.0,2431.0,26.0,14.0,88.0,5.0,3.5,3.5,4.0,3.299999952316284,4.0
10,2,5,9,8,300.0,1200.0,-3.0,1982.0,6.0,1785.0,2.559999942779541,2.9100000858306885,75.0,1.0,1.0,2.0,2.0,3.0,0.0
11,2,6,10,9,150.0,1300.0,-2.0,1983.0,3.0,2634.0,39.790000915527344,17.489999771118164,10.0,4.0,4.0,3.299999952316284,2.5,1.5,2.0
14,1,7,12,11,150.0,1750.0,-2.0,1986.0,22.0,,27.68000030517578,12.640000343322754,,,,,,,0.0
4,2,4,4,4,180.0,1080.0,-3.0,1981.0,1.0,2447.0,9.989999771118164,6.829999923706055,88.0,4.0,3.0,3.5,3.0,2.5,3.0
10,3,5,9,8,300.0,1200.0,-3.0,1982.0,18.0,2550.0,14.59000015258789,8.680000305175781,100.0,3.0,2.0,4.0,3.0,3.0,2.0
5,1,5,5,5,160.0,1000.0,-3.0,1981.0,18.0,2430.0,14.0,13.0,63.0,5.0,3.0,3.0,2.0,2.5,3.0
4,2,4,4,4,180.0,1080.0,-3.0,1981.0,18.0,2431.0,6.28000020980835,6.699999809265137,100.0,4.0,3.0,4.0,4.0,3.5,3.0
1,2,1,1,1,200.0,1400.0,-2.0,1980.0,5.0,1522.0,39.720001220703125,13.819999694824219,,5.0,4.0,3.299999952316284,3.0,2.0,4.0
9,1,5,8,7,220.0,1050.0,-2.0,1983.0,15.0,1482.0,22.6200008392334,8.829999923706055,88.0,2.0,3.0,3.0,3.0,3.0,1.0
13,2,0,11,10,150.0,900.0,-2.0,1986.0,3.0,1596.0,32.880001068115234,14.979999542236328,,,,,,,0.0
9,3,5,8,7,220.0,1050.0,-2.0,1983.0,6.0,2571.0,14.529999732971191,5.570000171661377,100.0,3.0,2.0,3.0,4.0,3.5,2.0
12,3,4,4,4,180.0,1080.0,-3.0,1981.0,18.0,2431.0,10.25,10.020000457763672,36.0,3.0,3.0,4.0,4.5,3.5,2.0
5,3,5,5,5,160.0,1000.0,-3.0,1981.0,13.0,1113.0,3.299999952316284,2.700000047683716,100.0,1.5,1.0,2.0,3.0,3.0,0.0
5,3,5,5,5,160.0,1000.0,-3.0,1981.0,18.0,2430.0,9.699999809265137,7.099999904632568,100.0,4.0,3.0,2.0,2.5,2.5,4.0
10,1,5,9,8,300.0,1200.0,-3.0,1982.0,22.0,2560.0,11.65999984741211,7.269999980926514,100.0,3.0,3.0,2.0,3.0,2.0,2.0
9,2,5,8,7,220.0,1050.0,-2.0,1983.0,8.0,2575.0,13.3100004196167,8.75,75.0,2.799999952316284,3.0,2.5,3.0,2.5,1.0
4,1,4,4,4,180.0,1080.0,-3.0,1981.0,7.0,1598.0,10.75,9.260000228881836,88.0,4.0,4.0,4.0,4.0,4.0,4.0
4,2,4,4,4,180.0,1080.0,-3.0,1981.0,11.0,1094.0,1.0299999713897705,2.1700000762939453,13.0,2.0,2.0,2.0,2.0,2.0,0.0
3,3,3,3,3,70.0,1000.0,-2.0,1981.0,18.0,1787.0,21.799999237060547,13.800000190734863,100.0,5.0,3.0,3.0,3.0,2.0,4.0
10,3,5,9,8,300.0,1200.0,-3.0,1982.0,3.0,2635.0,13.729999542236328,8.579999923706055,75.0,3.0,3.0,3.0,3.0,3.0,2.0
5,3,5,5,5,160.0,1000.0,-3.0,1981.0,6.0,1785.0,4.300000190734863,3.200000047683716,100.0,1.5,1.0,2.5,3.5,3.0,0.0
11,1,6,10,9,150.0,1300.0,-2.0,1983.0,22.0,1592.0,43.290000915527344,17.200000762939453,20.0,4.5,4.5,3.700000047683716,4.0,3.0,4.0
4,3,4,4,4,180.0,1080.0,-3.0,1981.0,5.0,2469.0,7.679999828338623,8.0,88.0,4.5,3.0,4.0,4.0,4.0,4.0
10,2,5,9,8,300.0,1200.0,-3.0,1982.0,3.0,2635.0,17.399999618530273,10.65999984741211,75.0,3.0,2.0,4.0,4.0,3.0,3.0
5,3,5,5,5,160.0,1000.0,-3.0,1981.0,18.0,2428.0,12.300000190734863,8.199999809265137,75.0,4.0,3.0,3.0,2.0,2.0,4.0
3,1,3,3,3,70.0,1000.0,-2.0,1981.0,12.0,1111.0,17.600000381469727,12.600000381469727,71.0,3.5,3.0,3.299999952316284,2.5,2.0,3.0
13,3,0,11,10,150.0,900.0,-2.0,1986.0,7.0,3272.0,33.68000030517578,14.40999984741211,,,,,,,0.0
5,3,5,5,5,160.0,1000.0,-3.0,1981.0,1.0,1786.0,11.899999618530273,9.600000381469727,88.0,4.0,3.0,2.5,2.5,2.5,3.0
4,3,4,4,4,180.0,1080.0,-3.0,1981.0,3.0,1596.0,7.03000020980835,5.989999771118164,88.0,3.5,2.700000047683716,3.5,4.0,4.0,4.0
5,2,5,5,5,160.0,1000.0,-3.0,1981.0,15.0,1978.0,19.600000381469727,10.300000190734863,3.0,3.0,2.5,2.5,2.0,2.0,0.0
7,2,2,7,6,150.0,1250.0,-3.0,1983.0,5.0,2458.0,18.8799991607666,10.529999732971191,63.0,3.5,3.0,2.0,2.0,1.5,2.0
11,1,6,10,9,150.0,1300.0,-2.0,1983.0,7.0,2573.0,32.970001220703125,14.239999771118164,40.0,3.200000047683716,4.0,3.0999999046325684,3.299999952316284,3.0,3.0
5,2,5,5,5,160.0,1000.0,-3.0,1981.0,18.0,2431.0,10.600000381469727,10.199999809265137,4.0,3.0,3.5,2.5,3.0,3.0,0.0
3,1,3,3,3,70.0,1000.0,-2.0,1981.0,18.0,2431.0,26.100000381469727,16.0,38.0,5.0,3.0,4.0,4.0,2.700000047683716,4.0
3,1,3,3,3,70.0,1000.0,-2.0,1981.0,13.0,1112.0,14.0,10.0,100.0,2.5,1.5,3.0,4.0,4.0,1.0
7,1,2,7,6,150.0,1250.0,-3.0,1983.0,22.0,1592.0,24.239999771118164,17.899999618530273,38.0,3.5,3.5,3.0,3.299999952316284,2.5,3.0
10,3,5,9,8,300.0,1200.0,-3.0,1982.0,6.0,1788.0,2.680000066757202,2.3299999237060547,75.0,1.0,1.5,2.0,2.0,2.0,0.0
11,3,6,10,9,150.0,1300.0,-2.0,1983.0,4.0,2547.0,42.95000076293945,13.90999984741211,50.0,4.199999809265137,2.799999952316284,2.0,2.5,1.7000000476837158,3.0
13,3,0,11,10,150.0,900.0,-2.0,1986.0,25.0,1825.0,19.6299991607666,8.970000267028809,,,,,,,0.0
9,3,5,8,7,220.0,1050.0,-2.0,1983.0,15.0,1482.0,22.3799991607666,8.739999771118164,100.0,3.700000047683716,3.0,3.200000047683716,3.299999952316284,2.5999999046325684,3.0
13,1,0,11,10,150.0,900.0,-2.0,1986.0,26.0,3274.0,26.8700008392334,10.079999923706055,,,,,,,0.0
5,1,5,5,5,160.0,1000.0,-3.0,1981.0,7.0,1598.0,10.800000190734863,10.0,75.0,3.0,4.0,3.0,4.0,3.0,3.0
4,1,4,4,4,180.0,1080.0,-3.0,1981.0,19.0,1340.0,5.929999828338623,6.480000019073486,100.0,1.7999999523162842,1.7999999523162842,2.0,2.0,3.0,1.0
13,2,0,11,10,150.0,900.0,-2.0,1986.0,22.0,2770.0,11.25,5.139999866485596,,,,,,,0.0
4,3,4,4,4,180.0,1080.0,-3.0,1981.0,1.0,1786.0,13.670000076293945,8.8100004196167,100.0,4.800000190734863,3.0,3.5,3.5,3.0,4.0
7,2,2,7,6,150.0,1250.0,-3.0,1983.0,18.0,2553.0,23.530000686645508,21.059999465942383,50.0,4.5,3.5,3.299999952316284,3.200000047683716,2.799999952316284,3.0
9,1,5,8,7,220.0,1050.0,-2.0,1983.0,4.0,2547.0,21.25,9.619999885559082,100.0,3.5,2.5,3.0,3.0,2.0,3.0
7,3,2,7,6,150.0,1250.0,-3.0,1983.0,22.0,1592.0,18.399999618530273,14.180000305175781,50.0,3.5,3.200000047683716,2.0,2.5,1.5,3.0
7,2,2,7,6,150.0,1250.0,-3.0,1983.0,6.0,1788.0,16.989999771118164,16.520000457763672,25.0,3.0,2.700000047683716,3.200000047683716,3.700000047683716,3.200000047683716,2.0
8,1,4,4,4,180.0,1080.0,-3.0,1983.0,24.0,2750.0,9.1899995803833,7.809999942779541,50.0,2.799999952316284,3.0,3.0,4.0,3.0,0.0
8,3,4,4,4,180.0,1080.0,-3.0,1983.0,4.0,2568.0,9.130000114440918,7.019999980926514,13.0,2.799999952316284,2.5,3.0,3.0,2.5,1.0
10,1,5,9,8,300.0,1200.0,-3.0,1982.0,3.0,2569.0,12.5,6.619999885559082,100.0,3.0,3.0,3.0,3.0,3.0,3.0
5,3,5,5,5,160.0,1000.0,-3.0,1981.0,5.0,1337.0,10.5,7.5,63.0,3.5,2.5,2.5,2.0,2.5,3.0
3,2,3,3,3,70.0,1000.0,-2.0,1981.0,18.0,1787.0,19.600000381469727,16.600000381469727,100.0,5.0,3.0,4.0,4.0,3.0,4.0
3,1,3,3,3,70.0,1000.0,-2.0,1981.0,15.0,1482.0,15.5,10.5,50.0,3.0,3.299999952316284,3.299999952316284,3.0,3.0,4.0
0,1,0,0,0,100.0,850.0,-2.0,1980.0,8.0,1524.0,7.619999885559082,6.590000152587891,80.0,2.5,2.5,3.299999952316284,3.5,3.5,2.0
7,3,2,7,6,150.0,1250.0,-3.0,1983.0,1.0,2552.0,15.050000190734863,9.050000190734863,25.0,4.0,4.0,2.0,1.5,1.0,2.0
4,1,4,4,4,180.0,1080.0,-3.0,1981.0,6.0,1785.0,3.9100000858306885,3.9100000858306885,63.0,2.5,1.5,3.0,4.0,3.0,2.0
5,1,5,5,5,160.0,1000.0,-3.0,1981.0,1.0,1786.0,18.899999618530273,11.800000190734863,75.0,5.0,3.0,2.5,2.5,2.0,2.0
8,3,4,4,4,180.0,1080.0,-3.0,1983.0,1.0,2552.0,1.590000033378601,2.890000104904175,38.0,2.5,3.0,3.0,3.0,3.0,1.0
1,2,1,1,1,200.0,1400.0,-2.0,1980.0,8.0,1524.0,23.360000610351562,10.329999923706055,,3.299999952316284,3.0,3.0,4.0,4.0,3.0
2,2,2,2,2,130.0,1000.0,-3.0,1980.0,1.0,1487.0,17.799999237060547,10.0,10.0,4.0,4.0,3.5,4.0,2.0,3.0
11,2,6,10,9,150.0,1300.0,-2.0,1983.0,5.0,1522.0,52.2599983215332,15.449999809265137,10.0,5.0,4.5,2.5,2.0,2.5,3.0
5,1,5,5,5,160.0,1000.0,-3.0,1981.0,11.0,1094.0,12.0,10.300000190734863,38.0,2.799999952316284,3.200000047683716,2.799999952316284,3.200000047683716,3.0,1.0
12,3,4,4,4,180.0,1080.0,-3.0,1981.0,12.0,1111.0,6.920000076293945,4.539999961853027,48.0,3.0,3.0,2.5,2.0,2.0,2.0
10,3,5,9,8,300.0,1200.0,-3.0,1982.0,12.0,1111.0,11.899999618530273,7.199999809265137,100.0,3.0,2.0,3.0,3.0,3.0,2.0
10,1,5,9,8,300.0,1200.0,-3.0,1982.0,13.0,2621.0,7.639999866485596,6.71999979019165,100.0,3.5,2.0,2.0,2.0,2.0,1.0
4,1,4,4,4,180.0,1080.0,-3.0,1981.0,18.0,2428.0,3.630000114440918,5.019999980926514,63.0,4.0,3.5,4.0,4.0,3.5,3.0
7,3,2,7,6,150.0,1250.0,-3.0,1983.0,6.0,2571.0,22.030000686645508,19.34000015258789,50.0,4.0,2.5,3.299999952316284,3.299999952316284,3.0,4.0
6,2,4,6,4,180.0,1080.0,-3.0,1982.0,12.0,1111.0,12.260000228881836,6.809999942779541,71.0,4.199999809265137,3.0,3.0,2.0,2.0,2.0
7,2,2,7,6,150.0,1250.0,-3.0,1983.0,5.0,2570.0,22.979999542236328,19.899999618530273,50.0,4.0,2.700000047683716,3.5,3.299999952316284,3.5,4.0
9,2,5,8,7,220.0,1050.0,-2.0,1983.0,1.0,2552.0,14.890000343322754,7.559999942779541,50.0,4.0,4.0,2.0,3.0,2.0,3.0
6,1,4,6,4,180.0,1080.0,-3.0,1982.0,17.0,2631.0,6.96999979019165,5.230000019073486,25.0,2.0,3.0,2.5,2.0,3.0,0.0
11,3,6,10,9,150.0,1300.0,-2.0,1983.0,15.0,2548.0,26.510000228881836,7.659999847412109,10.0,2.5,3.0,3.0,3.0,3.0,2.0
12,3,4,4,4,180.0,1080.0,-3.0,1981.0,0.0,2562.0,8.829999923706055,8.600000381469727,63.0,3.0,3.5,3.5,3.5,3.0,2.0
3,3,3,3,3,70.0,1000.0,-2.0,1981.0,1.0,1786.0,17.799999237060547,12.199999809265137,63.0,4.699999809265137,3.0999999046325684,3.0,3.0,3.0,3.0
5,3,5,5,5,160.0,1000.0,-3.0,1981.0,15.0,1978.0,11.0,8.100000381469727,100.0,4.0,3.0,2.0,2.0,2.0,4.0
10,3,5,9,8,300.0,1200.0,-3.0,1982.0,18.0,1352.0,17.950000762939453,13.09000015258789,75.0,4.0,3.0,4.0,3.5,3.0,3.0
3,1,3,3,3,70.0,1000.0,-2.0,1981.0,18.0,2482.0,17.0,14.100000381469727,88.0,4.5,3.0,3.700000047683716,3.700000047683716,3.700000047683716,4.0
10,2,5,9,8,300.0,1200.0,-3.0,1982.0,18.0,2550.0,5.440000057220459,4.050000190734863,50.0,1.0,2.0,3.0,3.0,3.0,0.0
7,2,2,7,6,150.0,1250.0,-3.0,1983.0,7.0,2573.0,23.290000915527344,17.739999771118164,75.0,3.0,3.0,3.0,3.5,2.5,4.0
8,2,4,4,4,180.0,1080.0,-3.0,1983.0,8.0,2575.0,6.699999809265137,6.829999923706055,75.0,2.700000047683716,2.700000047683716,3.0,3.5,3.5,1.0
13,1,0,11,10,150.0,900.0,-2.0,1986.0,3.0,1596.0,25.84000015258789,11.760000228881836,,,,,,,0.0
5,2,5,5,5,160.0,1000.0,-3.0,1981.0,9.0,2435.0,15.0,13.0,2.5,3.0,4.0,4.0,4.0,2.0,0.0
1,3,1,1,1,200.0,1400.0,-2.0,1980.0,3.0,1596.0,24.420000076293945,7.849999904632568,,3.0,3.5,3.299999952316284,3.299999952316284,3.299999952316284,3.0
11,1,6,10,9,150.0,1300.0,-2.0,1983.0,4.0,2547.0,37.4900016784668,17.450000762939453,40.0,4.5,2.5999999046325684,3.5999999046325684,2.9000000953674316,2.299999952316284,3.0
3,1,3,3,3,70.0,1000.0,-2.0,1981.0,5.0,2459.0,19.0,16.0,88.0,4.300000190734863,3.0,4.800000190734863,4.0,4.0,4.0
11,3,6,10,9,150.0,1300.0,-2.0,1983.0,5.0,2570.0,35.400001525878906,14.050000190734863,10.0,3.0,3.0,3.299999952316284,3.5,3.0,4.0
11,2,6,10,9,150.0,1300.0,-2.0,1983.0,22.0,1592.0,34.11000061035156,16.479999542236328,20.0,3.5,3.799999952316284,3.200000047683716,3.9000000953674316,2.5,3.0
7,1,2,7,6,150.0,1250.0,-3.0,1983.0,3.0,2569.0,17.829999923706055,11.800000190734863,50.0,3.0,3.0,3.0,4.0,2.5,3.0
12,1,4,4,4,180.0,1080.0,-3.0,1981.0,8.0,2575.0,9.479999542236328,6.159999847412109,50.0,2.0,1.7999999523162842,2.5,3.0,2.5,1.0
10,2,5,9,8,300.0,1200.0,-3.0,1982.0,18.0,1352.0,11.930000305175781,11.0,100.0,3.5,3.0,4.0,4.0,3.5,3.0
5,1,5,5,5,160.0,1000.0,-3.0,1981.0,18.0,2428.0,11.199999809265137,12.199999809265137,75.0,5.0,3.0,4.0,3.5,3.5,3.0
12,1,4,4,4,180.0,1080.0,-3.0,1981.0,18.0,2431.0,17.079999923706055,10.25,7.0,2.5,3.0,3.0,3.5,3.0,1.0
6,2,4,6,4,180.0,1080.0,-3.0,1982.0,22.0,1592.0,7.5,8.079999923706055,25.0,2.0,3.0,3.0,4.0,4.0,2.0
4,1,4,4,4,180.0,1080.0,-3.0,1981.0,1.0,1339.0,3.2799999713897705,4.070000171661377,75.0,2.0,3.0,3.0,3.0,3.0,1.0
9,3,5,8,7,220.0,1050.0,-2.0,1983.0,5.0,1522.0,17.84000015258789,8.829999923706055,88.0,3.5,3.0,3.0,3.0,2.700000047683716,3.0
8,3,4,4,4,180.0,1080.0,-3.0,1983.0,8.0,2575.0,2.630000114440918,4.599999904632568,38.0,2.0,1.5,3.0,3.0,3.0,0.0
5,1,5,5,5,160.0,1000.0,-3.0,1981.0,1.0,1339.0,13.699999809265137,9.899999618530273,88.0,4.0,3.0,2.5,2.5,2.5,2.0
8,2,4,4,4,180.0,1080.0,-3.0,1983.0,6.0,2571.0,8.829999923706055,7.909999847412109,63.0,3.5,2.5,3.5,4.0,4.0,3.0
1,3,1,1,1,200.0,1400.0,-2.0,1980.0,0.0,1520.0,13.989999771118164,5.590000152587891,,2.0,4.0,3.0,4.0,3.0,1.0
3,1,3,3,3,70.0,1000.0,-2.0,1981.0,1.0,1786.0,13.300000190734863,10.800000190734863,75.0,4.0,3.799999952316284,4.0,4.0,4.0,4.0
5,2,5,5,5,160.0,1000.0,-3.0,1981.0,8.0,1524.0,6.800000190734863,5.599999904632568,2.0,2.0,2.0,3.0,3.0,0.0,0.0
3,1,3,3,3,70.0,1000.0,-2.0,1981.0,1.0,2447.0,19.799999237060547,10.699999809265137,75.0,4.5,3.0,3.0,3.0,2.5,3.0
9,2,5,8,7,220.0,1050.0,-2.0,1983.0,3.0,2569.0,20.860000610351562,9.890000343322754,25.0,1.5,3.0,3.0,3.0,3.0,0.0
9,2,5,8,7,220.0,1050.0,-2.0,1983.0,18.0,2553.0,11.279999732971191,6.409999847412109,50.0,4.0,3.5,3.5,3.5,3.0,3.0
6,2,4,6,4,180.0,1080.0,-3.0,1982.0,3.0,1596.0,5.730000019073486,4.980000019073486,75.0,2.700000047683716,3.0,3.0,4.0,3.0,1.0
13,3,0,11,10,150.0,900.0,-2.0,1986.0,26.0,1609.0,26.190000534057617,9.819999694824219,,,,,,,0.0
10,2,5,9,8,300.0,1200.0,-3.0,1982.0,15.0,2548.0,10.079999923706055,6.519999980926514,50.0,3.0,3.0,4.0,4.0,4.0,2.0
4,3,4,4,4,180.0,1080.0,-3.0,1981.0,15.0,1978.0,16.540000915527344,9.930000305175781,100.0,5.0,3.299999952316284,3.299999952316284,2.5,2.0,4.0
5,1,5,5,5,160.0,1000.0,-3.0,1981.0,5.0,2469.0,13.399999618530273,12.300000190734863,88.0,4.0,3.0,3.5,3.0,2.5,4.0
1,2,1,1,1,200.0,1400.0,-2.0,1980.0,6.0,1521.0,31.3799991607666,13.319999694824219,,4.300000190734863,2.700000047683716,4.0,3.5,3.299999952316284,4.0
6,1,4,6,4,180.0,1080.0,-3.0,1982.0,13.0,2620.0,2.2899999618530273,3.200000047683716,50.0,1.0,1.0,3.0,3.0,3.0,0.0
10,3,5,9,8,300.0,1200.0,-3.0,1982.0,6.0,1259.0,11.65999984741211,6.179999828338623,75.0,3.0,2.0,3.0,3.0,3.0,2.0
6,2,4,6,4,180.0,1080.0,-3.0,1982.0,22.0,2560.0,4.389999866485596,5.190000057220459,50.0,2.5,3.5,3.0,4.5,4.0,2.0
7,1,2,7,6,150.0,1250.0,-3.0,1983.0,5.0,2570.0,17.59000015258789,12.199999809265137,50.0,3.0,2.700000047683716,3.0,3.5,2.700000047683716,2.0
12,1,4,4,4,180.0,1080.0,-3.0,1981.0,3.0,2634.0,5.429999828338623,4.440000057220459,9.0,1.0,2.0,2.0,3.0,3.0,0.0
8,3,4,4,4,180.0,1080.0,-3.0,1983.0,0.0,2562.0,9.9399995803833,7.460000038146973,50.0,3.0,4.0,3.0,4.0,3.0,2.0
7,2,2,7,6,150.0,1250.0,-3.0,1983.0,22.0,2560.0,17.350000381469727,16.110000610351562,38.0,3.0,3.0,2.5,3.5,2.5,3.0
9,1,5,8,7,220.0,1050.0,-2.0,1983.0,22.0,2560.0,20.719999313354492,8.670000076293945,100.0,3.5,3.5,2.5,4.0,4.0,4.0
11,2,6,10,9,150.0,1300.0,-2.0,1983.0,6.0,2571.0,39.790000915527344,18.020000457763672,40.0,4.300000190734863,2.5,3.4000000953674316,3.799999952316284,3.0999999046325684,4.0
5,1,5,5,5,160.0,1000.0,-3.0,1981.0,18.0,1787.0,14.399999618530273,12.899999618530273,88.0,5.0,3.0,3.0,3.0,2.5,3.0
9,2,5,8,7,220.0,1050.0,-2.0,1983.0,0.0,2562.0,17.6200008392334,9.899999618530273,88.0,3.299999952316284,3.299999952316284,3.0,3.5,3.299999952316284,3.0
8,1,4,4,4,180.0,1080.0,-3.0,1983.0,0.0,1.0,6.769999980926514,7.190000057220459,75.0,3.0,3.0,2.700000047683716,3.0,3.0,2.0
7,1,2,7,6,150.0,1250.0,-3.0,1983.0,18.0,2550.0,7.840000152587891,3.3399999141693115,38.0,2.0,2.299999952316284,1.5,2.0,2.0,1.0
12,3,4,4,4,180.0,1080.0,-3.0,1981.0,8.0,2575.0,7.940000057220459,6.159999847412109,51.0,2.5,2.0,2.5,4.5,4.0,2.0
9,1,5,8,7,220.0,1050.0,-2.0,1983.0,23.0,1252.0,14.130000114440918,8.850000381469727,100.0,3.0,2.5,1.5,2.0,2.0,1.0
4,3,4,4,4,180.0,1080.0,-3.0,1981.0,15.0,1482.0,10.539999961853027,7.840000152587891,88.0,4.0,3.299999952316284,3.299999952316284,3.5,3.5,3.0
7,2,2,7,6,150.0,1250.0,-3.0,1983.0,4.0,2568.0,20.459999084472656,19.260000228881836,50.0,3.0,2.200000047683716,3.299999952316284,3.299999952316284,3.0,3.0
8,1,4,4,4,180.0,1080.0,-3.0,1983.0,8.0,2575.0,13.539999961853027,8.8100004196167,88.0,2.700000047683716,2.0,2.5,3.0,3.0,2.0
13,2,0,11,10,150.0,900.0,-2.0,1986.0,26.0,3275.0,28.190000534057617,10.569999694824219,,,,,,,0.0
7,3,2,7,6,150.0,1250.0,-3.0,1983.0,4.0,2568.0,47.72999954223633,18.549999237060547,13.0,3.5,2.700000047683716,2.0,2.0,2.0,3.0
11,3,6,10,9,150.0,1300.0,-2.0,1983.0,3.0,1596.0,33.810001373291016,10.930000305175781,10.0,3.299999952316284,4.0,3.299999952316284,4.0,2.700000047683716,3.0
11,1,6,10,9,150.0,1300.0,-2.0,1983.0,1.0,2552.0,33.88999938964844,14.239999771118164,20.0,3.0999999046325684,3.5,3.200000047683716,3.799999952316284,2.5,3.0
7,3,2,7,6,150.0,1250.0,-3.0,1983.0,4.0,2547.0,25.399999618530273,18.75,13.0,3.700000047683716,2.700000047683716,2.0,2.5,2.299999952316284,2.0
8,3,4,4,4,180.0,1080.0,-3.0,1983.0,15.0,2548.0,16.25,13.289999961853027,13.0,3.0,4.0,4.0,3.5,3.0,2.0
8,3,4,4,4,180.0,1080.0,-3.0,1983.0,5.0,2458.0,2.109999895095825,3.0999999046325684,38.0,1.2999999523162842,3.0,3.0,3.0,3.0,0.0
2,1,2,2,2,130.0,1000.0,-3.0,1980.0,5.0,1522.0,21.600000381469727,12.0,40.0,4.0,3.700000047683716,3.5,3.5,3.0,3.0
12,3,4,4,4,180.0,1080.0,-3.0,1981.0,6.0,2622.0,11.069999694824219,8.949999809265137,70.0,3.0,2.0,2.5,4.0,3.0,3.0
13,2,0,11,10,150.0,900.0,-2.0,1986.0,3.0,3271.0,23.459999084472656,10.680000305175781,,,,,,,0.0
10,3,5,9,8,300.0,1200.0,-3.0,1982.0,17.0,2631.0,5.75,4.260000228881836,75.0,2.0,3.0,2.0,2.0,2.0,0.0
1,2,1,1,1,200.0,1400.0,-2.0,1980.0,10.0,1362.0,11.880000114440918,8.229999542236328,,2.0,4.0,4.0,4.0,4.0,1.0
5,2,5,5,5,160.0,1000.0,-3.0,1981.0,16.0,1595.0,3.0999999046325684,2.9000000953674316,2.0,1.5,3.0,3.0,3.5,1.0,0.0
4,1,4,4,4,180.0,1080.0,-3.0,1981.0,8.0,1524.0,3.2100000381469727,3.7200000286102295,50.0,1.5,2.0,2.0,4.0,4.0,1.0
13,1,0,11,10,150.0,900.0,-2.0,1986.0,7.0,3273.0,10.100000381469727,4.320000171661377,,,,,,,0.0
15,1,2,13,6,100.0,1250.0,-2.0,1983.0,18.0,,22.34000015258789,8.84000015258789,25.0,3.799999952316284,3.5,3.0,3.5,3.0,2.0
15,1,2,13,6,100.0,1250.0,-2.0,1983.0,1.0,2552.0,33.349998474121094,10.609999656677246,33.0,4.5,4.0,2.799999952316284,3.0,1.5,3.0
8,3,4,4,4,180.0,1080.0,-3.0,1983.0,22.0,1592.0,15.729999542236328,10.670000076293945,75.0,3.0,4.0,3.0,4.0,3.0,4.0
14,1,7,12,11,150.0,1750.0,-2.0,1986.0,0.0,,30.93000030517578,13.050000190734863,,,,,,,0.0
11,3,6,10,9,150.0,1300.0,-2.0,1983.0,1.0,2552.0,14.239999771118164,7.119999885559082,10.0,2.0,3.0,3.0,4.0,4.0,1.0
6,1,4,6,4,180.0,1080.0,-3.0,1982.0,8.0,2575.0,2.7200000286102295,3.430000066757202,50.0,1.0,1.0,2.0,2.0,3.0,0.0
9,2,5,8,7,220.0,1050.0,-2.0,1983.0,5.0,2570.0,19.010000228881836,9.40999984741211,75.0,3.5,3.0,3.5,3.5,3.5,3.0
12,3,4,4,4,180.0,1080.0,-3.0,1981.0,18.0,2550.0,15.369999885559082,10.819999694824219,13.0,3.0,2.700000047683716,3.5,3.5,3.0,2.0
10,1,5,9,8,300.0,1200.0,-3.0,1982.0,6.0,2571.0,16.790000915527344,13.170000076293945,100.0,4.0,2.0,3.0,3.0,2.5,3.0
0,1,0,0,0,100.0,850.0,-2.0,1980.0,3.0,1596.0,14.800000190734863,9.479999542236328,70.0,3.700000047683716,3.0,3.299999952316284,4.0,3.5,3.0
0,3,0,0,0,100.0,850.0,-2.0,1980.0,5.0,1522.0,16.1299991607666,9.949999809265137,50.0,4.300000190734863,4.5,3.299999952316284,3.5,3.0,3.0
4,3,4,4,4,180.0,1080.0,-3.0,1981.0,16.0,1595.0,2.2899999618530273,2.6700000762939453,75.0,2.5,1.5,3.0,4.0,4.0,1.0
10,1,5,9,8,300.0,1200.0,-3.0,1982.0,6.0,1785.0,8.649999618530273,5.949999809265137,100.0,1.5,1.0,3.0,3.0,3.0,0.0
13,3,0,11,10,150.0,900.0,-2.0,1986.0,3.0,3270.0,29.290000915527344,13.329999923706055,,,,,,,0.0
7,3,2,7,6,150.0,1250.0,-3.0,1983.0,0.0,2562.0,14.869999885559082,15.5600004196167,38.0,3.5,3.5,3.299999952316284,3.299999952316284,3.0,3.0
5,1,5,5,5,160.0,1000.0,-3.0,1981.0,21.0,1780.0,8.800000190734863,5.300000190734863,63.0,3.0,3.0,3.0,4.0,4.0,2.0
12,1,4,4,4,180.0,1080.0,-3.0,1981.0,18.0,2553.0,14.6899995803833,9.680000305175781,21.0,3.0,3.0,3.299999952316284,3.5,3.299999952316284,2.0
11,3,6,10,9,150.0,1300.0,-2.0,1983.0,5.0,1522.0,42.43000030517578,13.350000381469727,40.0,4.0,3.4000000953674316,3.0,3.5,2.0999999046325684,4.0
11,3,6,10,9,150.0,1300.0,-2.0,1983.0,6.0,2571.0,41.869998931884766,15.25,30.0,4.199999809265137,2.799999952316284,2.5999999046325684,3.299999952316284,2.200000047683716,3.0
13,1,0,11,10,150.0,900.0,-2.0,1986.0,3.0,3271.0,18.729999542236328,8.529999732971191,,,,,,,0.0
13,3,0,11,10,150.0,900.0,-2.0,1986.0,3.0,3271.0,12.199999809265137,5.559999942779541,,,,,,,0.0
11,3,6,10,9,150.0,1300.0,-2.0,1983.0,6.0,1788.0,17.329999923706055,8.319999694824219,40.0,1.899999976158142,2.0999999046325684,2.5,3.0,2.799999952316284,1.0
8,1,4,4,4,180.0,1080.0,-3.0,1983.0,3.0,2569.0,16.690000534057617,11.670000076293945,75.0,3.0,3.799999952316284,3.4000000953674316,4.0,3.5,2.0
