{"nodes":[{"code":"import pandas as pd\nfrom sklearn.model_selection import train_test_split\nfrom sklearn.linear_model import LogisticRegression\nfrom sklearn.preprocessing import OneHotEncoder\nfrom sklearn.compose import ColumnTransformer\nfrom sklearn.pipeline import Pipeline\nfrom sklearn.metrics import accuracy_score\n\n# Load the data\ndata = pd.read_csv(\"./input/repayments.csv\")\n\n# Prepare features and target\nX = data.drop([\"repaid\", \"id\"], axis=1)\ny = data[\"repaid\"]\n\n# Define categorical and numeric features\ncategorical_features = [\"education\", \"gender\", \"zipcode\"]\nnumeric_features = [\n    \"age\",\n    \"credit_score\",\n    \"dti\",\n    \"employment_years\",\n    \"income\",\n    \"loan_amount\",\n]\n\n# Create a column transformer with OneHotEncoder for categorical features\npreprocessor = ColumnTransformer(\n    transformers=[\n        (\"num\", \"passthrough\", numeric_features),\n        (\"cat\", OneHotEncoder(), categorical_features),\n    ]\n)\n\n# Create a logistic regression pipeline\nmodel = Pipeline(\n    steps=[\n        (\"preprocessor\", preprocessor),\n        (\"classifier\", LogisticRegression(solver=\"liblinear\")),\n    ]\n)\n\n# Split the data into training and validation sets\nX_train, X_val, y_train, y_val = train_test_split(X, y, test_size=0.2, random_state=42)\n\n# Fit the model\nmodel.fit(X_train, y_train)\n\n# Predict on the validation set\ny_pred = model.predict(X_val)\n\n# Evaluate the model\naccuracy = accuracy_score(y_val, y_pred)\nprint(f\"Validation Accuracy: {accuracy}\")\n","plan":"For predicting whether a loan will get repaid, I will use a logistic regression model as it is suitable for binary classification tasks. The model will be trained using features such as age, credit_score, dti, education, employment_years, gender, income, loan_amount, and zipcode. Categorical variables like education and gender will be encoded using one-hot encoding. I will split the data into a training set and a validation set to evaluate the model's performance using accuracy as the metric, which is appropriate for binary classification tasks. The model's accuracy will be printed after evaluation on the validation set.","step":0,"id":"2f2b071eb6584e9ebeddab78f647cca4","ctime":1759991354.725219,"parent":null,"children":[],"_term_out":["Validation Accuracy: 0.9","\n","Execution time: a moment seconds (time limit is an hour)."],"exec_time":0.28589701652526855,"exc_type":null,"exc_info":null,"exc_stack":null,"analysis":"The logistic regression model achieved a validation accuracy of 90%, which indicates a high level of performance in predicting loan repayment. The preprocessing steps included handling categorical features with one-hot encoding and passing numeric features directly. The model used a logistic regression classifier with the 'liblinear' solver, suitable for binary classification tasks.","metric":{"value":0.9,"maximize":true},"is_buggy":false},{"code":"import pandas as pd\nfrom sklearn.model_selection import train_test_split\nfrom sklearn.preprocessing import OneHotEncoder, StandardScaler\nfrom sklearn.compose import ColumnTransformer\nfrom sklearn.pipeline import Pipeline\nfrom sklearn.tree import DecisionTreeClassifier\nfrom sklearn.metrics import accuracy_score\n\n# Load the data\ndata = pd.read_csv(\"./input/repayments.csv\")\n\n# Define features and target\nX = data.drop([\"repaid\", \"id\"], axis=1)\ny = data[\"repaid\"]\n\n# Split data into training and validation sets\nX_train, X_val, y_train, y_val = train_test_split(X, y, test_size=0.2, random_state=42)\n\n# Preprocessing for numerical data\nnumeric_features = [\n    \"age\",\n    \"credit_score\",\n    \"dti\",\n    \"employment_years\",\n    \"income\",\n    \"loan_amount\",\n]\nnumeric_transformer = StandardScaler()\n\n# Preprocessing for categorical data\ncategorical_features = [\"education\", \"gender\", \"zipcode\"]\ncategorical_transformer = OneHotEncoder(handle_unknown=\"ignore\")\n\n# Create the preprocessor\npreprocessor = ColumnTransformer(\n    transformers=[\n        (\"num\", numeric_transformer, numeric_features),\n        (\"cat\", categorical_transformer, categorical_features),\n    ]\n)\n\n# Create the pipeline\nclf = Pipeline(\n    steps=[\n        (\"preprocessor\", preprocessor),\n        (\"classifier\", DecisionTreeClassifier(random_state=42)),\n    ]\n)\n\n# Train the model\nclf.fit(X_train, y_train)\n\n# Predict on the validation set\ny_pred = clf.predict(X_val)\n\n# Evaluate the model\naccuracy = accuracy_score(y_val, y_pred)\nprint(f\"Validation Accuracy: {accuracy:.2f}\")\n","plan":"For this loan repayment prediction task, I will use a Decision Tree Classifier due to its simplicity and effectiveness in handling both numerical and categorical data. The features used will include age, credit score, debt-to-income ratio (dti), education level, years of employment, gender, income, loan amount, and zipcode. The 'repaid' column will be the target variable. I will preprocess the data by encoding categorical variables using one-hot encoding and scale numerical features to normalize their ranges. The model's performance will be evaluated using accuracy on a hold-out validation set split from the data.","step":1,"id":"b41f2cf4a3b644fbbec7c12e3019c29a","ctime":1759991369.398278,"parent":null,"children":[],"_term_out":["Validation Accuracy: 0.90","\n","Execution time: a moment seconds (time limit is an hour)."],"exec_time":0.29506397247314453,"exc_type":null,"exc_info":null,"exc_stack":null,"analysis":"The code successfully predicts whether a loan will be repaid using a Decision Tree Classifier, achieving a validation accuracy of 90%. This high accuracy suggests that the model is performing well on the validation set, indicating effective learning and generalization from the training data.","metric":{"value":0.9,"maximize":true},"is_buggy":false},{"code":"import pandas as pd\nfrom sklearn.model_selection import train_test_split\nfrom sklearn.preprocessing import StandardScaler, OneHotEncoder\nfrom sklearn.compose import ColumnTransformer\nfrom sklearn.pipeline import Pipeline\nfrom sklearn.svm import SVC\nfrom sklearn.metrics import accuracy_score\n\n# Load data\ndata = pd.read_csv(\"./input/repayments.csv\")\n\n# Define features and target\nX = data.drop([\"id\", \"repaid\"], axis=1)\ny = data[\"repaid\"]\n\n# Preprocessing for numerical data\nnumeric_features = [\n    \"age\",\n    \"credit_score\",\n    \"dti\",\n    \"employment_years\",\n    \"income\",\n    \"loan_amount\",\n]\nnumeric_transformer = StandardScaler()\n\n# Preprocessing for categorical data\ncategorical_features = [\"education\", \"gender\", \"zipcode\"]\ncategorical_transformer = OneHotEncoder(handle_unknown=\"ignore\")\n\n# Bundle preprocessing for numerical and categorical data\npreprocessor = ColumnTransformer(\n    transformers=[\n        (\"num\", numeric_transformer, numeric_features),\n        (\"cat\", categorical_transformer, categorical_features),\n    ]\n)\n\n# Create a pipeline that processes the data and then runs the classifier\nmodel = Pipeline(\n    steps=[(\"preprocessor\", preprocessor), (\"classifier\", SVC(kernel=\"linear\"))]\n)\n\n# Split data into train and validation sets\nX_train, X_val, y_train, y_val = train_test_split(X, y, test_size=0.2, random_state=42)\n\n# Train the model\nmodel.fit(X_train, y_train)\n\n# Predict and evaluate the model\ny_pred = model.predict(X_val)\naccuracy = accuracy_score(y_val, y_pred)\nprint(f\"Validation Accuracy: {accuracy}\")\n","plan":"I will use a Support Vector Machine (SVM) classifier to predict whether a loan will be repaid. SVM is effective for binary classification and can handle both linear and non-linear relationships between features. The dataset will be preprocessed by encoding categorical variables such as 'education' and 'gender' using one-hot encoding, and scaling numerical features to standardize their range. I'll use Scikit-learn's `SVC` class with a linear kernel, as it's a good starting point for binary classification problems. The performance of the model will be evaluated using accuracy, which is suitable for balanced binary classification tasks. The dataset will be split into training and validation sets to train the model and evaluate its performance.","step":2,"id":"66b5549933f143e2944eb2c6adcdd0ef","ctime":1759991386.498959,"parent":null,"children":[],"_term_out":["Validation Accuracy: 0.98","\n","Execution time: a moment seconds (time limit is an hour)."],"exec_time":0.2882218360900879,"exc_type":null,"exc_info":null,"exc_stack":null,"analysis":"The model achieved a very high validation accuracy of 98% when predicting whether a loan will be repaid. This suggests that the selected features and the linear SVM classifier are effective for this task. The pre-processing steps including standardization of numerical features and one-hot encoding of categorical features likely contributed positively to the model's performance.","metric":{"value":0.98,"maximize":true},"is_buggy":false},{"code":"import pandas as pd\nfrom sklearn.model_selection import train_test_split\nfrom sklearn.ensemble import RandomForestClassifier\nfrom sklearn.metrics import accuracy_score\nfrom sklearn.preprocessing import OneHotEncoder\nfrom sklearn.compose import ColumnTransformer\nfrom sklearn.pipeline import Pipeline\n\n# Load the data\ndata = pd.read_csv(\"./input/repayments.csv\")\n\n# Preparing the feature matrix and target vector\nX = data.drop([\"repaid\", \"id\"], axis=1)\ny = data[\"repaid\"]\n\n# Preprocessing for numerical and categorical data\ncategorical_features = [\"education\", \"gender\", \"zipcode\"]\nnumerical_features = [\n    \"age\",\n    \"credit_score\",\n    \"dti\",\n    \"employment_years\",\n    \"income\",\n    \"loan_amount\",\n]\n\n# Create the preprocessing pipelines for both numeric and categorical data\ncategorical_transformer = OneHotEncoder(handle_unknown=\"ignore\")\npreprocessor = ColumnTransformer(\n    transformers=[\n        (\"num\", \"passthrough\", numerical_features),\n        (\"cat\", categorical_transformer, categorical_features),\n    ]\n)\n\n# Create the Random Forest model\nmodel = Pipeline(\n    steps=[\n        (\"preprocessor\", preprocessor),\n        (\"classifier\", RandomForestClassifier(random_state=42)),\n    ]\n)\n\n# Splitting data into training and validation sets\nX_train, X_val, y_train, y_val = train_test_split(X, y, test_size=0.2, random_state=42)\n\n# Training the model\nmodel.fit(X_train, y_train)\n\n# Predicting the validation set\ny_pred = model.predict(X_val)\n\n# Evaluating the model\naccuracy = accuracy_score(y_val, y_pred)\nprint(f\"Validation Accuracy: {accuracy}\")\n","plan":"For this task of predicting loan repayment, I will use a Random Forest Classifier, which is robust to overfitting and can handle both numerical and categorical data effectively. The features used will include age, credit score, debt-to-income ratio (dti), education, years of employment, gender, income, loan amount, and zipcode. Categorical variables like education and gender will be encoded using one-hot encoding. The dataset will be split into training and validation sets, and the model's performance will be evaluated using accuracy, which is suitable for binary classification tasks.","step":3,"id":"145052ff18be41a9ae244b548ecd3ef9","ctime":1759991402.1690822,"parent":null,"children":[],"_term_out":["Validation Accuracy: 0.98","\n","Execution time: a moment seconds (time limit is an hour)."],"exec_time":0.34338808059692383,"exc_type":null,"exc_info":null,"exc_stack":null,"analysis":"The execution of the RandomForestClassifier model on the loan repayment prediction task achieved a high validation accuracy of 98%. This indicates that the model is highly effective in predicting whether a loan will be repaid based on the given features. The implementation seems correct and well-structured, utilizing a pipeline for preprocessing and model training.","metric":{"value":0.98,"maximize":true},"is_buggy":false},{"code":"import pandas as pd\nfrom sklearn.model_selection import train_test_split\nfrom sklearn.preprocessing import StandardScaler, OneHotEncoder\nfrom sklearn.compose import ColumnTransformer\nfrom sklearn.neighbors import KNeighborsClassifier\nfrom sklearn.pipeline import Pipeline\nfrom sklearn.metrics import accuracy_score\n\n# Load data\ndata = pd.read_csv(\"./input/repayments.csv\")\n\n# Define features and target\nX = data.drop([\"repaid\", \"id\"], axis=1)\ny = data[\"repaid\"]\n\n# Split data into train and validation sets\nX_train, X_val, y_train, y_val = train_test_split(X, y, test_size=0.2, random_state=42)\n\n# Preprocessing for numeric data: standard scaling\nnumeric_features = [\n    \"age\",\n    \"credit_score\",\n    \"dti\",\n    \"employment_years\",\n    \"income\",\n    \"loan_amount\",\n]\nnumeric_transformer = StandardScaler()\n\n# Preprocessing for categorical data: one-hot encoding\ncategorical_features = [\"education\", \"gender\", \"zipcode\"]\ncategorical_transformer = OneHotEncoder(handle_unknown=\"ignore\")\n\n# Create preprocessor\npreprocessor = ColumnTransformer(\n    transformers=[\n        (\"num\", numeric_transformer, numeric_features),\n        (\"cat\", categorical_transformer, categorical_features),\n    ]\n)\n\n# Create a KNN classifier pipeline\nknn_classifier = Pipeline(\n    steps=[\n        (\"preprocessor\", preprocessor),\n        (\"classifier\", KNeighborsClassifier(n_neighbors=5)),\n    ]\n)\n\n# Train the KNN classifier\nknn_classifier.fit(X_train, y_train)\n\n# Predict on validation set\ny_pred = knn_classifier.predict(X_val)\n\n# Evaluate the model\naccuracy = accuracy_score(y_val, y_pred)\nprint(f\"Validation Accuracy: {accuracy}\")\n","plan":"For predicting whether a loan will be repaid, I will utilize a K-Nearest Neighbors (KNN) classifier. This method is straightforward and effective for small datasets and binary classification tasks like this. The model will consider features such as age, credit score, dti, education, employment years, gender, income, loan amount, and zipcode. Categorical variables like education and gender will be encoded using one-hot encoding, and numeric features will be scaled using StandardScaler to normalize their range. The model's performance will be evaluated using accuracy on a hold-out validation set, which is split from the data.","step":4,"id":"e08ac609a1fe472296635a08116e72b8","ctime":1759991417.073442,"parent":null,"children":[],"_term_out":["Validation Accuracy: 0.98","\n","Execution time: a moment seconds (time limit is an hour)."],"exec_time":0.30119991302490234,"exc_type":null,"exc_info":null,"exc_stack":null,"analysis":"The KNN classifier achieved a high validation accuracy of 98% on the loan repayment prediction task. This indicates that the model is highly effective in predicting whether a loan will be repaid based on the provided features. The use of preprocessing steps like standard scaling and one-hot encoding likely contributed to the model's strong performance.","metric":{"value":0.98,"maximize":true},"is_buggy":false},{"code":"import pandas as pd\nfrom sklearn.model_selection import train_test_split\nfrom sklearn.preprocessing import StandardScaler, OneHotEncoder\nfrom sklearn.compose import ColumnTransformer\nfrom sklearn.pipeline import Pipeline\nfrom sklearn.ensemble import RandomForestClassifier\nfrom sklearn.metrics import accuracy_score\n\n# Load data\ndata = pd.read_csv(\"./input/repayments.csv\")\n\n# Define features and target\nX = data.drop([\"id\", \"repaid\"], axis=1)\ny = data[\"repaid\"]\n\n# Preprocessing for numerical data\nnumeric_features = [\n    \"age\",\n    \"credit_score\",\n    \"dti\",\n    \"employment_years\",\n    \"income\",\n    \"loan_amount\",\n]\nnumeric_transformer = StandardScaler()\n\n# Preprocessing for categorical data\ncategorical_features = [\"education\", \"gender\", \"zipcode\"]\ncategorical_transformer = OneHotEncoder(handle_unknown=\"ignore\")\n\n# Bundle preprocessing for numerical and categorical data\npreprocessor = ColumnTransformer(\n    transformers=[\n        (\"num\", numeric_transformer, numeric_features),\n        (\"cat\", categorical_transformer, categorical_features),\n    ]\n)\n\n# Create a pipeline that processes the data and then runs the classifier\nmodel = Pipeline(\n    steps=[\n        (\"preprocessor\", preprocessor),\n        (\"classifier\", RandomForestClassifier(n_estimators=100, random_state=42)),\n    ]\n)\n\n# Split data into train and validation sets\nX_train, X_val, y_train, y_val = train_test_split(X, y, test_size=0.2, random_state=42)\n\n# Train the model\nmodel.fit(X_train, y_train)\n\n# Predict and evaluate the model\ny_pred = model.predict(X_val)\naccuracy = accuracy_score(y_val, y_pred)\nprint(f\"Validation Accuracy: {accuracy}\")\n","plan":"To improve the model performance, I propose to utilize a more complex and powerful classifier, the Random Forest, which can handle both linear and nonlinear relationships and is robust to overfitting. Random Forests also provide a good balance between prediction performance and computational efficiency, making them suitable for this classification task. This change should help in capturing more complex patterns in the data, potentially leading to higher accuracy.","step":5,"id":"698e19cef163425f9764d25a30813622","ctime":1759991432.331269,"parent":null,"children":[],"_term_out":["Validation Accuracy: 0.98","\n","Execution time: a moment seconds (time limit is an hour)."],"exec_time":0.3428530693054199,"exc_type":null,"exc_info":null,"exc_stack":null,"analysis":"The execution of the RandomForestClassifier model to predict loan repayments resulted in a very high validation accuracy of 98%. This indicates that the model is performing exceptionally well in distinguishing between loans that will be repaid and those that will not, based on the given features.","metric":{"value":0.98,"maximize":true},"is_buggy":false},{"code":"import pandas as pd\nfrom sklearn.model_selection import train_test_split\nfrom sklearn.preprocessing import StandardScaler, OneHotEncoder\nfrom sklearn.compose import ColumnTransformer\nfrom sklearn.pipeline import Pipeline\nfrom sklearn.svm import SVC\nfrom sklearn.metrics import accuracy_score\n\n# Load data\ndata = pd.read_csv(\"./input/repayments.csv\")\n\n# Add interaction terms\ndata[\"credit_income_interaction\"] = data[\"credit_score\"] * data[\"income\"]\ndata[\"loan_dti_interaction\"] = data[\"loan_amount\"] * data[\"dti\"]\n\n# Define features and target\nX = data.drop([\"id\", \"repaid\"], axis=1)\ny = data[\"repaid\"]\n\n# Preprocessing for numerical data\nnumeric_features = [\n    \"age\",\n    \"credit_score\",\n    \"dti\",\n    \"employment_years\",\n    \"income\",\n    \"loan_amount\",\n    \"credit_income_interaction\",\n    \"loan_dti_interaction\",\n]\nnumeric_transformer = StandardScaler()\n\n# Preprocessing for categorical data\ncategorical_features = [\"education\", \"gender\", \"zipcode\"]\ncategorical_transformer = OneHotEncoder(handle_unknown=\"ignore\")\n\n# Bundle preprocessing for numerical and categorical data\npreprocessor = ColumnTransformer(\n    transformers=[\n        (\"num\", numeric_transformer, numeric_features),\n        (\"cat\", categorical_transformer, categorical_features),\n    ]\n)\n\n# Create a pipeline that processes the data and then runs the classifier\nmodel = Pipeline(\n    steps=[(\"preprocessor\", preprocessor), (\"classifier\", SVC(kernel=\"linear\"))]\n)\n\n# Split data into train and validation sets\nX_train, X_val, y_train, y_val = train_test_split(X, y, test_size=0.2, random_state=42)\n\n# Train the model\nmodel.fit(X_train, y_train)\n\n# Predict and evaluate the model\ny_pred = model.predict(X_val)\naccuracy = accuracy_score(y_val, y_pred)\nprint(f\"Validation Accuracy: {accuracy}\")\n","plan":"To enhance the performance of the existing SVM model, I propose incorporating feature engineering by adding interaction terms between significant features. Interaction terms can capture the combined effect of features on the target variable, potentially improving model accuracy. Specifically, interactions between 'credit_score' and 'income', and between 'loan_amount' and 'dti', could be insightful given their likely impact on loan repayment. These interaction terms will be added to the dataset before scaling and encoding.","step":6,"id":"3140d9f585544fb1aa043b22af81b527","ctime":1759991447.300938,"parent":null,"children":[],"_term_out":["Validation Accuracy: 0.98","\n","Execution time: a moment seconds (time limit is an hour)."],"exec_time":0.28232502937316895,"exc_type":null,"exc_info":null,"exc_stack":null,"analysis":"The code successfully predicts whether a loan will be repaid with a high validation accuracy of 98%. This indicates that the model performs excellently on the validation set, using a linear kernel SVM classifier combined with preprocessing steps including scaling and one-hot encoding.","metric":{"value":0.98,"maximize":true},"is_buggy":false},{"code":"import pandas as pd\nfrom sklearn.model_selection import train_test_split, GridSearchCV\nfrom sklearn.preprocessing import StandardScaler, OneHotEncoder\nfrom sklearn.compose import ColumnTransformer\nfrom sklearn.pipeline import Pipeline\nfrom sklearn.svm import SVC\nfrom sklearn.metrics import accuracy_score\n\n# Load data\ndata = pd.read_csv(\"./input/repayments.csv\")\n\n# Define features and target\nX = data.drop([\"id\", \"repaid\"], axis=1)\ny = data[\"repaid\"]\n\n# Preprocessing for numerical data\nnumeric_features = [\n    \"age\",\n    \"credit_score\",\n    \"dti\",\n    \"employment_years\",\n    \"income\",\n    \"loan_amount\",\n]\nnumeric_transformer = StandardScaler()\n\n# Preprocessing for categorical data\ncategorical_features = [\"education\", \"gender\", \"zipcode\"]\ncategorical_transformer = OneHotEncoder(handle_unknown=\"ignore\")\n\n# Bundle preprocessing for numerical and categorical data\npreprocessor = ColumnTransformer(\n    transformers=[\n        (\"num\", numeric_transformer, numeric_features),\n        (\"cat\", categorical_transformer, categorical_features),\n    ]\n)\n\n# Create a pipeline that processes the data and then runs the classifier\npipeline = Pipeline(\n    steps=[(\"preprocessor\", preprocessor), (\"classifier\", SVC(kernel=\"linear\"))]\n)\n\n# Define parameter grid\nparam_grid = {\"classifier__C\": [0.1, 1, 10, 100]}\n\n# Create GridSearchCV object\ngrid_search = GridSearchCV(pipeline, param_grid, cv=5, scoring=\"accuracy\")\n\n# Split data into train and validation sets\nX_train, X_val, y_train, y_val = train_test_split(X, y, test_size=0.2, random_state=42)\n\n# Train the model using grid search\ngrid_search.fit(X_train, y_train)\n\n# Best model\nbest_model = grid_search.best_estimator_\n\n# Predict and evaluate the model\ny_pred = best_model.predict(X_val)\naccuracy = accuracy_score(y_val, y_pred)\nprint(f\"Validation Accuracy: {accuracy}\")\n","plan":"To further improve the model's performance, I propose using hyperparameter tuning for the existing SVM classifier. Specifically, adjusting the 'C' parameter, which controls the regularization strength, can be crucial in balancing the bias-variance tradeoff and potentially enhancing the model's accuracy. We will use GridSearchCV to find the optimal 'C' value from a set of predefined options. This method systematically works through multiple combinations of parameter tunes, cross-validating as it goes to determine which tune gives the best performance.","step":7,"id":"41df9a0fb1e54c7db8150dfa05e2e667","ctime":1759991463.782112,"parent":null,"children":[],"_term_out":["Validation Accuracy: 1.0","\n","Execution time: a moment seconds (time limit is an hour)."],"exec_time":0.3363022804260254,"exc_type":null,"exc_info":null,"exc_stack":null,"analysis":"The model achieved a perfect validation accuracy of 1.0, indicating that it could perfectly predict whether a loan would be repaid based on the provided dataset. This suggests that the features selected and the model's configuration are highly effective for this particular dataset.","metric":{"value":1.0,"maximize":true},"is_buggy":false},{"code":"import pandas as pd\nfrom sklearn.model_selection import train_test_split, GridSearchCV\nfrom sklearn.preprocessing import StandardScaler, OneHotEncoder\nfrom sklearn.compose import ColumnTransformer\nfrom sklearn.pipeline import Pipeline\nfrom sklearn.svm import SVC\nfrom sklearn.metrics import accuracy_score\n\n# Load data\ndata = pd.read_csv(\"./input/repayments.csv\")\n\n# Define features and target\nX = data.drop([\"id\", \"repaid\"], axis=1)\ny = data[\"repaid\"]\n\n# Preprocessing for numerical data\nnumeric_features = [\n    \"age\",\n    \"credit_score\",\n    \"dti\",\n    \"employment_years\",\n    \"income\",\n    \"loan_amount\",\n]\nnumeric_transformer = StandardScaler()\n\n# Preprocessing for categorical data\ncategorical_features = [\"education\", \"gender\", \"zipcode\"]\ncategorical_transformer = OneHotEncoder(handle_unknown=\"ignore\")\n\n# Bundle preprocessing for numerical and categorical data\npreprocessor = ColumnTransformer(\n    transformers=[\n        (\"num\", numeric_transformer, numeric_features),\n        (\"cat\", categorical_transformer, categorical_features),\n    ]\n)\n\n# Create a pipeline that processes the data and then runs the classifier\npipeline = Pipeline(\n    steps=[(\"preprocessor\", preprocessor), (\"classifier\", SVC(kernel=\"rbf\"))]\n)\n\n# Define parameter grid\nparam_grid = {\n    \"classifier__C\": [0.1, 1, 10, 100],\n    \"classifier__gamma\": [\"scale\", \"auto\"],\n}\n\n# Create GridSearchCV object\ngrid_search = GridSearchCV(pipeline, param_grid, cv=5, scoring=\"accuracy\")\n\n# Split data into train and validation sets\nX_train, X_val, y_train, y_val = train_test_split(X, y, test_size=0.2, random_state=42)\n\n# Train the model using grid search\ngrid_search.fit(X_train, y_train)\n\n# Best model\nbest_model = grid_search.best_estimator_\n\n# Predict and evaluate the model\ny_pred = best_model.predict(X_val)\naccuracy = accuracy_score(y_val, y_pred)\nprint(f\"Validation Accuracy: {accuracy}\")\n","plan":"To further enhance the model's performance, I propose adjusting the SVM kernel type. Currently, the model uses a linear kernel, which may not capture complex patterns in the data. By experimenting with a different kernel, such as the Radial Basis Function (RBF), we might be able to improve the model's ability to handle nonlinear relationships between the features and the target. This change is expected to potentially increase the accuracy of the model on the validation set.","step":8,"id":"ec3af9ac59af4b82a9e778db26641c00","ctime":1759991480.342092,"parent":null,"children":[],"_term_out":["Validation Accuracy: 1.0","\n","Execution time: a moment seconds (time limit is an hour)."],"exec_time":0.3785538673400879,"exc_type":null,"exc_info":null,"exc_stack":null,"analysis":"The model achieved a perfect validation accuracy of 1.0, which suggests that it has learned to perfectly classify the validation set. This could indicate a very well-fitted model or potential overfitting to the validation data. Further investigation with additional unseen data or a more robust cross-validation setup would be necessary to confirm the model's generalization capability.","metric":{"value":1.0,"maximize":true},"is_buggy":false},{"code":"import pandas as pd\nfrom sklearn.model_selection import train_test_split, GridSearchCV\nfrom sklearn.preprocessing import StandardScaler, OneHotEncoder, PolynomialFeatures\nfrom sklearn.compose import ColumnTransformer\nfrom sklearn.pipeline import Pipeline\nfrom sklearn.svm import SVC\nfrom sklearn.metrics import accuracy_score\n\n# Load data\ndata = pd.read_csv(\"./input/repayments.csv\")\n\n# Define features and target\nX = data.drop([\"id\", \"repaid\"], axis=1)\ny = data[\"repaid\"]\n\n# Preprocessing for numerical data\nnumeric_features = [\n    \"age\",\n    \"credit_score\",\n    \"dti\",\n    \"employment_years\",\n    \"income\",\n    \"loan_amount\",\n]\nnumeric_transformer = Pipeline(\n    steps=[\n        (\"poly\", PolynomialFeatures(degree=2, include_bias=False)),\n        (\"scaler\", StandardScaler()),\n    ]\n)\n\n# Preprocessing for categorical data\ncategorical_features = [\"education\", \"gender\", \"zipcode\"]\ncategorical_transformer = OneHotEncoder(handle_unknown=\"ignore\")\n\n# Bundle preprocessing for numerical and categorical data\npreprocessor = ColumnTransformer(\n    transformers=[\n        (\"num\", numeric_transformer, numeric_features),\n        (\"cat\", categorical_transformer, categorical_features),\n    ]\n)\n\n# Create a pipeline that processes the data and then runs the classifier\npipeline = Pipeline(\n    steps=[(\"preprocessor\", preprocessor), (\"classifier\", SVC(kernel=\"linear\"))]\n)\n\n# Define parameter grid\nparam_grid = {\"classifier__C\": [0.1, 1, 10, 100]}\n\n# Create GridSearchCV object\ngrid_search = GridSearchCV(pipeline, param_grid, cv=5, scoring=\"accuracy\")\n\n# Split data into train and validation sets\nX_train, X_val, y_train, y_val = train_test_split(X, y, test_size=0.2, random_state=42)\n\n# Train the model using grid search\ngrid_search.fit(X_train, y_train)\n\n# Best model\nbest_model = grid_search.best_estimator_\n\n# Predict and evaluate the model\ny_pred = best_model.predict(X_val)\naccuracy = accuracy_score(y_val, y_pred)\nprint(f\"Validation Accuracy: {accuracy}\")\n","plan":"To further enhance the model's performance and robustness, I propose to integrate feature engineering by adding polynomial features to the dataset. Polynomial features can help in capturing interactions between different variables which might be important for predicting loan repayments. This can provide the model with more information and potentially increase its predictive power. I will use `PolynomialFeatures` from Scikit-learn to create second-degree polynomial features for the numeric data before scaling.","step":9,"id":"b49fe24adede478d91cf6facc04f17d9","ctime":1759991505.458983,"parent":null,"children":[],"_term_out":["Validation Accuracy: 0.98","\n","Execution time: a moment seconds (time limit is an hour)."],"exec_time":0.33821702003479004,"exc_type":null,"exc_info":null,"exc_stack":null,"analysis":"The code execution successfully trained and evaluated a model for predicting loan repayment with an accuracy of 98%. The use of a pipeline with preprocessing and grid search for hyperparameter tuning on a support vector machine classifier proved to be highly effective for this task.","metric":{"value":0.98,"maximize":true},"is_buggy":false},{"code":"import pandas as pd\nfrom sklearn.model_selection import train_test_split, GridSearchCV\nfrom sklearn.preprocessing import StandardScaler, OneHotEncoder\nfrom sklearn.compose import ColumnTransformer\nfrom sklearn.pipeline import Pipeline\nfrom sklearn.svm import SVC\nfrom sklearn.metrics import accuracy_score\n\n# Load data\ndata = pd.read_csv(\"./input/repayments.csv\")\n\n# Define features and target\nX = data.drop([\"id\", \"repaid\"], axis=1)\ny = data[\"repaid\"]\n\n# Preprocessing for numerical data\nnumeric_features = [\n    \"age\",\n    \"credit_score\",\n    \"dti\",\n    \"employment_years\",\n    \"income\",\n    \"loan_amount\",\n]\nnumeric_transformer = StandardScaler()\n\n# Preprocessing for categorical data\ncategorical_features = [\"education\", \"gender\", \"zipcode\"]\ncategorical_transformer = OneHotEncoder(handle_unknown=\"ignore\")\n\n# Bundle preprocessing for numerical and categorical data\npreprocessor = ColumnTransformer(\n    transformers=[\n        (\"num\", numeric_transformer, numeric_features),\n        (\"cat\", categorical_transformer, categorical_features),\n    ]\n)\n\n# Create a pipeline that processes the data and then runs the classifier\npipeline = Pipeline(\n    steps=[(\"preprocessor\", preprocessor), (\"classifier\", SVC(kernel=\"rbf\"))]\n)\n\n# Define parameter grid\nparam_grid = {\n    \"classifier__C\": [0.1, 1, 10, 100],\n    \"classifier__gamma\": [\"scale\", \"auto\", 0.01, 0.1, 1],\n}\n\n# Create GridSearchCV object\ngrid_search = GridSearchCV(pipeline, param_grid, cv=5, scoring=\"accuracy\")\n\n# Split data into train and validation sets\nX_train, X_val, y_train, y_val = train_test_split(X, y, test_size=0.2, random_state=42)\n\n# Train the model using grid search\ngrid_search.fit(X_train, y_train)\n\n# Best model\nbest_model = grid_search.best_estimator_\n\n# Predict and evaluate the model\ny_pred = best_model.predict(X_val)\naccuracy = accuracy_score(y_val, y_pred)\nprint(f\"Validation Accuracy: {accuracy}\")\n","plan":"To enhance the model's performance, I propose adjusting the SVM kernel type from linear to a Radial Basis Function (RBF) kernel. The RBF kernel is more flexible in handling non-linear relationships between the features, which might be present in the data. This change is anticipated to help the model capture more complex patterns, potentially improving the accuracy on the validation set. The grid search will also include a range of 'gamma' values for the RBF kernel to optimize its performance.","step":10,"id":"b67587247910456cb01eb84f7064d815","ctime":1759991524.9534662,"parent":null,"children":[],"_term_out":["Validation Accuracy: 1.0","\n","Execution time: a moment seconds (time limit is an hour)."],"exec_time":0.5302479267120361,"exc_type":null,"exc_info":null,"exc_stack":null,"analysis":"The model achieved a perfect validation accuracy of 1.0, suggesting that it is performing exceptionally well on the given dataset. This unusually high accuracy might indicate that the dataset was particularly simple or that the model has overfitted to the training data.","metric":{"value":1.0,"maximize":true},"is_buggy":false},{"code":"import pandas as pd\nfrom sklearn.model_selection import train_test_split, GridSearchCV\nfrom sklearn.preprocessing import StandardScaler, OneHotEncoder\nfrom sklearn.compose import ColumnTransformer\nfrom sklearn.pipeline import Pipeline\nfrom sklearn.svm import SVC\nfrom sklearn.metrics import accuracy_score\n\n# Load data\ndata = pd.read_csv(\"./input/repayments.csv\")\n\n# Define features and target\nX = data.drop([\"id\", \"repaid\"], axis=1)\ny = data[\"repaid\"]\n\n# Preprocessing for numerical data\nnumeric_features = [\n    \"age\",\n    \"credit_score\",\n    \"dti\",\n    \"employment_years\",\n    \"income\",\n    \"loan_amount\",\n]\nnumeric_transformer = StandardScaler()\n\n# Preprocessing for categorical data\ncategorical_features = [\"education\", \"gender\", \"zipcode\"]\ncategorical_transformer = OneHotEncoder(handle_unknown=\"ignore\")\n\n# Bundle preprocessing for numerical and categorical data\npreprocessor = ColumnTransformer(\n    transformers=[\n        (\"num\", numeric_transformer, numeric_features),\n        (\"cat\", categorical_transformer, categorical_features),\n    ]\n)\n\n# Create a pipeline that processes the data and then runs the classifier\npipeline = Pipeline(\n    steps=[(\"preprocessor\", preprocessor), (\"classifier\", SVC(kernel=\"rbf\"))]\n)\n\n# Define parameter grid\nparam_grid = {\n    \"classifier__C\": [0.1, 1, 10, 100],\n    \"classifier__gamma\": [0.001, 0.01, 0.1, 1],\n}\n\n# Create GridSearchCV object\ngrid_search = GridSearchCV(pipeline, param_grid, cv=5, scoring=\"accuracy\")\n\n# Split data into train and validation sets\nX_train, X_val, y_train, y_val = train_test_split(X, y, test_size=0.2, random_state=42)\n\n# Train the model using grid search\ngrid_search.fit(X_train, y_train)\n\n# Best model\nbest_model = grid_search.best_estimator_\n\n# Predict and evaluate the model\ny_pred = best_model.predict(X_val)\naccuracy = accuracy_score(y_val, y_pred)\nprint(f\"Validation Accuracy: {accuracy}\")\n","plan":"To improve the model's performance, I propose adjusting the SVM kernel type from linear to a Radial Basis Function (RBF) kernel. The RBF kernel is more flexible in handling non-linear relationships between the features, which might be present in the data. This change is anticipated to help the model capture more complex patterns, potentially improving the accuracy on the validation set. The grid search will also include a range of 'gamma' values for the RBF kernel to optimize its performance.","step":11,"id":"4971f2ef29344cbda2101739569f3391","ctime":1759991541.703394,"parent":null,"children":[],"_term_out":["Validation Accuracy: 1.0","\n","Execution time: a moment seconds (time limit is an hour)."],"exec_time":0.5013468265533447,"exc_type":null,"exc_info":null,"exc_stack":null,"analysis":"The machine learning model achieved a perfect validation accuracy of 1.0, indicating that it successfully predicted all loan repayment outcomes on the validation set. This suggests that the model is highly effective, although such a high accuracy might also raise concerns about overfitting or data leakage.","metric":{"value":1.0,"maximize":true},"is_buggy":false},{"code":"import pandas as pd\nfrom sklearn.model_selection import train_test_split, GridSearchCV\nfrom sklearn.preprocessing import StandardScaler, OneHotEncoder\nfrom sklearn.compose import ColumnTransformer\nfrom sklearn.pipeline import Pipeline\nfrom sklearn.svm import SVC\nfrom sklearn.metrics import accuracy_score\n\n# Load data\ndata = pd.read_csv(\"./input/repayments.csv\")\n\n# Define features and target\nX = data.drop([\"id\", \"repaid\"], axis=1)\ny = data[\"repaid\"]\n\n# Preprocessing for numerical data\nnumeric_features = [\n    \"age\",\n    \"credit_score\",\n    \"dti\",\n    \"employment_years\",\n    \"income\",\n    \"loan_amount\",\n]\nnumeric_transformer = StandardScaler()\n\n# Preprocessing for categorical data\ncategorical_features = [\"education\", \"gender\", \"zipcode\"]\ncategorical_transformer = OneHotEncoder(handle_unknown=\"ignore\")\n\n# Bundle preprocessing for numerical and categorical data\npreprocessor = ColumnTransformer(\n    transformers=[\n        (\"num\", numeric_transformer, numeric_features),\n        (\"cat\", categorical_transformer, categorical_features),\n    ]\n)\n\n# Create a pipeline that processes the data and then runs the classifier\npipeline = Pipeline(\n    steps=[(\"preprocessor\", preprocessor), (\"classifier\", SVC(kernel=\"rbf\"))]\n)\n\n# Define parameter grid\nparam_grid = {\n    \"classifier__C\": [0.1, 1, 10, 100],\n    \"classifier__gamma\": [0.001, 0.01, 0.1, 1],\n}\n\n# Create GridSearchCV object\ngrid_search = GridSearchCV(pipeline, param_grid, cv=5, scoring=\"accuracy\")\n\n# Split data into train and validation sets\nX_train, X_val, y_train, y_val = train_test_split(X, y, test_size=0.2, random_state=42)\n\n# Train the model using grid search\ngrid_search.fit(X_train, y_train)\n\n# Best model\nbest_model = grid_search.best_estimator_\n\n# Predict and evaluate the model\ny_pred = best_model.predict(X_val)\naccuracy = accuracy_score(y_val, y_pred)\nprint(f\"Validation Accuracy: {accuracy}\")\n","plan":"To enhance the performance of the SVM model, I propose adjusting the kernel type from 'linear' to 'rbf' (Radial Basis Function). The RBF kernel can handle non-linear relationships in data more effectively than the linear kernel. This change is expected to help the model capture more complex patterns in the data, potentially improving the accuracy on the validation set. Additionally, we will adjust the 'gamma' parameter in our grid search to optimize the model further.","step":12,"id":"e9a7a16e391c4763b50e7b44a6e59c54","ctime":1759991557.7743192,"parent":null,"children":[],"_term_out":["Validation Accuracy: 1.0","\n","Execution time: a moment seconds (time limit is an hour)."],"exec_time":0.49682188034057617,"exc_type":null,"exc_info":null,"exc_stack":null,"analysis":"The model achieved perfect validation accuracy, indicating that it may be overfitting or the validation set might not be representative of general cases. The use of a grid search for hyperparameter tuning and a pipeline for preprocessing and classification demonstrates a robust approach to model training.","metric":{"value":1.0,"maximize":true},"is_buggy":false},{"code":"import pandas as pd\nfrom sklearn.model_selection import train_test_split, GridSearchCV\nfrom sklearn.preprocessing import StandardScaler, OneHotEncoder\nfrom sklearn.compose import ColumnTransformer\nfrom sklearn.pipeline import Pipeline\nfrom sklearn.svm import SVC\nfrom sklearn.metrics import accuracy_score\n\n# Load data\ndata = pd.read_csv(\"./input/repayments.csv\")\n\n# Define features and target\nX = data.drop([\"id\", \"repaid\"], axis=1)\ny = data[\"repaid\"]\n\n# Preprocessing for numerical data\nnumeric_features = [\n    \"age\",\n    \"credit_score\",\n    \"dti\",\n    \"employment_years\",\n    \"income\",\n    \"loan_amount\",\n]\nnumeric_transformer = StandardScaler()\n\n# Preprocessing for categorical data\ncategorical_features = [\"education\", \"gender\", \"zipcode\"]\ncategorical_transformer = OneHotEncoder(handle_unknown=\"ignore\")\n\n# Bundle preprocessing for numerical and categorical data\npreprocessor = ColumnTransformer(\n    transformers=[\n        (\"num\", numeric_transformer, numeric_features),\n        (\"cat\", categorical_transformer, categorical_features),\n    ]\n)\n\n# Create a pipeline that processes the data and then runs the classifier\npipeline = Pipeline(\n    steps=[(\"preprocessor\", preprocessor), (\"classifier\", SVC(kernel=\"rbf\"))]\n)\n\n# Define parameter grid\nparam_grid = {\n    \"classifier__C\": [0.1, 1, 10, 100],\n    \"classifier__gamma\": [0.001, 0.01, 0.1, 1],\n}\n\n# Create GridSearchCV object\ngrid_search = GridSearchCV(pipeline, param_grid, cv=5, scoring=\"accuracy\")\n\n# Split data into train and validation sets\nX_train, X_val, y_train, y_val = train_test_split(X, y, test_size=0.2, random_state=42)\n\n# Train the model using grid search\ngrid_search.fit(X_train, y_train)\n\n# Best model\nbest_model = grid_search.best_estimator_\n\n# Predict and evaluate the model\ny_pred = best_model.predict(X_val)\naccuracy = accuracy_score(y_val, y_pred)\nprint(f\"Validation Accuracy: {accuracy}\")\n","plan":"To enhance the performance of the SVM model, I propose adjusting the kernel type from 'linear' to 'rbf' (Radial Basis Function). The RBF kernel can handle non-linear relationships in data more effectively than the linear kernel. This change is expected to help the model capture more complex patterns in the data, potentially improving the accuracy on the validation set. Additionally, we will adjust the 'gamma' parameter in our grid search to optimize the model further.","step":13,"id":"5435f23c00da4ff993d92d15a06a3aec","ctime":1759991580.617431,"parent":null,"children":[],"_term_out":["Validation Accuracy: 1.0","\n","Execution time: a moment seconds (time limit is an hour)."],"exec_time":0.48063206672668457,"exc_type":null,"exc_info":null,"exc_stack":null,"analysis":"The model achieved a perfect validation accuracy of 1.0, indicating that it was able to predict all instances in the validation set correctly. This high accuracy suggests that the model parameters were well-tuned and the feature preprocessing was effective in handling both numeric and categorical data.","metric":{"value":1.0,"maximize":true},"is_buggy":false},{"code":"import pandas as pd\nfrom sklearn.model_selection import train_test_split, GridSearchCV\nfrom sklearn.preprocessing import StandardScaler, OneHotEncoder\nfrom sklearn.compose import ColumnTransformer\nfrom sklearn.pipeline import Pipeline\nfrom sklearn.svm import SVC\nfrom sklearn.metrics import accuracy_score\n\n# Load data\ndata = pd.read_csv(\"./input/repayments.csv\")\n\n# Define features and target\nX = data.drop([\"id\", \"repaid\"], axis=1)\ny = data[\"repaid\"]\n\n# Preprocessing for numerical data\nnumeric_features = [\n    \"age\",\n    \"credit_score\",\n    \"dti\",\n    \"employment_years\",\n    \"income\",\n    \"loan_amount\",\n]\nnumeric_transformer = StandardScaler()\n\n# Preprocessing for categorical data\ncategorical_features = [\"education\", \"gender\", \"zipcode\"]\ncategorical_transformer = OneHotEncoder(handle_unknown=\"ignore\")\n\n# Bundle preprocessing for numerical and categorical data\npreprocessor = ColumnTransformer(\n    transformers=[\n        (\"num\", numeric_transformer, numeric_features),\n        (\"cat\", categorical_transformer, categorical_features),\n    ]\n)\n\n# Create a pipeline that processes the data and then runs the classifier\npipeline = Pipeline(\n    steps=[(\"preprocessor\", preprocessor), (\"classifier\", SVC(kernel=\"rbf\"))]\n)\n\n# Define parameter grid\nparam_grid = {\n    \"classifier__C\": [0.1, 1, 10, 100],\n    \"classifier__gamma\": [\"scale\", \"auto\"],\n}\n\n# Create GridSearchCV object\ngrid_search = GridSearchCV(pipeline, param_grid, cv=5, scoring=\"accuracy\")\n\n# Split data into train and validation sets\nX_train, X_val, y_train, y_val = train_test_split(X, y, test_size=0.2, random_state=42)\n\n# Train the model using grid search\ngrid_search.fit(X_train, y_train)\n\n# Best model\nbest_model = grid_search.best_estimator_\n\n# Predict and evaluate the model\ny_pred = best_model.predict(X_val)\naccuracy = accuracy_score(y_val, y_pred)\nprint(f\"Validation Accuracy: {accuracy}\")\n","plan":"To enhance the performance of the SVM model, I propose adjusting the kernel type from 'linear' to 'rbf' (Radial Basis Function). The RBF kernel can handle non-linear relationships in data more effectively than the linear kernel. This change is expected to help the model capture more complex patterns in the data, potentially improving the accuracy on the validation set. Additionally, we will adjust the 'gamma' parameter in our grid search to optimize the model further.","step":14,"id":"f9c28e5a420d49c18cf78806b3f10cee","ctime":1759991596.7021818,"parent":null,"children":[],"_term_out":["Validation Accuracy: 1.0","\n","Execution time: a moment seconds (time limit is an hour)."],"exec_time":0.39416980743408203,"exc_type":null,"exc_info":null,"exc_stack":null,"analysis":"The model achieved a perfect validation accuracy of 1.0, indicating that it was able to correctly predict all the loan repayment statuses in the validation set. This high performance suggests that the model is well-tuned and the features used are highly predictive. However, such a high accuracy might also raise concerns about overfitting or data leakage, which should be investigated further.","metric":{"value":1.0,"maximize":true},"is_buggy":false},{"code":"import pandas as pd\nfrom sklearn.model_selection import train_test_split, GridSearchCV\nfrom sklearn.preprocessing import StandardScaler, OneHotEncoder\nfrom sklearn.compose import ColumnTransformer\nfrom sklearn.pipeline import Pipeline\nfrom sklearn.svm import SVC\nfrom sklearn.metrics import accuracy_score\n\n# Load data\ndata = pd.read_csv(\"./input/repayments.csv\")\n\n# Define features and target\nX = data.drop([\"id\", \"repaid\"], axis=1)\ny = data[\"repaid\"]\n\n# Preprocessing for numerical data\nnumeric_features = [\n    \"age\",\n    \"credit_score\",\n    \"dti\",\n    \"employment_years\",\n    \"income\",\n    \"loan_amount\",\n]\nnumeric_transformer = StandardScaler()\n\n# Preprocessing for categorical data\ncategorical_features = [\"education\", \"gender\", \"zipcode\"]\ncategorical_transformer = OneHotEncoder(handle_unknown=\"ignore\")\n\n# Bundle preprocessing for numerical and categorical data\npreprocessor = ColumnTransformer(\n    transformers=[\n        (\"num\", numeric_transformer, numeric_features),\n        (\"cat\", categorical_transformer, categorical_features),\n    ]\n)\n\n# Create a pipeline that processes the data and then runs the classifier\npipeline = Pipeline(\n    steps=[(\"preprocessor\", preprocessor), (\"classifier\", SVC(kernel=\"rbf\"))]\n)\n\n# Define parameter grid\nparam_grid = {\n    \"classifier__C\": [0.1, 1, 10, 100],\n    \"classifier__gamma\": [0.01, 0.1, 1, 10],\n}\n\n# Create GridSearchCV object\ngrid_search = GridSearchCV(pipeline, param_grid, cv=5, scoring=\"accuracy\")\n\n# Split data into train and validation sets\nX_train, X_val, y_train, y_val = train_test_split(X, y, test_size=0.2, random_state=42)\n\n# Train the model using grid search\ngrid_search.fit(X_train, y_train)\n\n# Best model\nbest_model = grid_search.best_estimator_\n\n# Predict and evaluate the model\ny_pred = best_model.predict(X_val)\naccuracy = accuracy_score(y_val, y_pred)\nprint(f\"Validation Accuracy: {accuracy}\")\n","plan":"To further enhance the performance of the SVM model, I propose adjusting the kernel type from 'linear' to 'rbf' (Radial Basis Function). The RBF kernel can handle non-linear relationships in data more effectively than the linear kernel. This change is expected to help the model capture more complex patterns in the data, potentially improving the accuracy on the validation set. Additionally, we will adjust the 'gamma' parameter in our grid search to optimize the model further.","step":15,"id":"03bfbc6b62ca434d8a0ac0eebcfc3b98","ctime":1759991615.090577,"parent":null,"children":[],"_term_out":["Validation Accuracy: 1.0","\n","Execution time: a moment seconds (time limit is an hour)."],"exec_time":0.492703914642334,"exc_type":null,"exc_info":null,"exc_stack":null,"analysis":"The model achieved a perfect validation accuracy of 1.0, indicating that it was able to predict all the test cases correctly. This outcome suggests that the model is highly effective for the given dataset, though it might also prompt concerns about overfitting given the unusually high accuracy.","metric":{"value":1.0,"maximize":true},"is_buggy":false},{"code":"import pandas as pd\nfrom sklearn.model_selection import train_test_split, GridSearchCV\nfrom sklearn.preprocessing import StandardScaler, OneHotEncoder\nfrom sklearn.compose import ColumnTransformer\nfrom sklearn.pipeline import Pipeline\nfrom sklearn.svm import SVC\nfrom sklearn.metrics import accuracy_score\n\n# Load data\ndata = pd.read_csv(\"./input/repayments.csv\")\n\n# Define features and target\nX = data.drop([\"id\", \"repaid\"], axis=1)\ny = data[\"repaid\"]\n\n# Preprocessing for numerical data\nnumeric_features = [\n    \"age\",\n    \"credit_score\",\n    \"dti\",\n    \"employment_years\",\n    \"income\",\n    \"loan_amount\",\n]\nnumeric_transformer = StandardScaler()\n\n# Preprocessing for categorical data\ncategorical_features = [\"education\", \"gender\", \"zipcode\"]\ncategorical_transformer = OneHotEncoder(handle_unknown=\"ignore\")\n\n# Bundle preprocessing for numerical and categorical data\npreprocessor = ColumnTransformer(\n    transformers=[\n        (\"num\", numeric_transformer, numeric_features),\n        (\"cat\", categorical_transformer, categorical_features),\n    ]\n)\n\n# Create a pipeline that processes the data and then runs the classifier\npipeline = Pipeline(\n    steps=[(\"preprocessor\", preprocessor), (\"classifier\", SVC(kernel=\"rbf\"))]\n)\n\n# Define parameter grid\nparam_grid = {\n    \"classifier__C\": [0.1, 1, 10, 100],\n    \"classifier__gamma\": [\"scale\", \"auto\", 0.01, 0.1, 1],\n}\n\n# Create GridSearchCV object\ngrid_search = GridSearchCV(pipeline, param_grid, cv=5, scoring=\"accuracy\")\n\n# Split data into train and validation sets\nX_train, X_val, y_train, y_val = train_test_split(X, y, test_size=0.2, random_state=42)\n\n# Train the model using grid search\ngrid_search.fit(X_train, y_train)\n\n# Best model\nbest_model = grid_search.best_estimator_\n\n# Predict and evaluate the model\ny_pred = best_model.predict(X_val)\naccuracy = accuracy_score(y_val, y_pred)\nprint(f\"Validation Accuracy: {accuracy}\")\n","plan":"To enhance the model's performance, I propose adjusting the SVM kernel type from 'linear' to 'rbf' (Radial Basis Function). The RBF kernel can handle non-linear relationships in data more effectively than the linear kernel. This change is expected to help the model capture more complex patterns in the data, potentially improving the accuracy on the validation set. Additionally, we will adjust the 'gamma' parameter in our grid search to optimize the model further.","step":16,"id":"0da1b5d8c8254d97b5d2a66798829775","ctime":1759991636.634062,"parent":null,"children":[],"_term_out":["Validation Accuracy: 1.0","\n","Execution time: a moment seconds (time limit is an hour)."],"exec_time":0.5325796604156494,"exc_type":null,"exc_info":null,"exc_stack":null,"analysis":"The model achieved a perfect validation accuracy of 1.0, indicating that it was able to predict all the loan repayment outcomes correctly on the validation set. This exceptional performance might suggest overfitting or an overly simplistic dataset. Further evaluation on an unseen test set and more robust cross-validation might be necessary to confirm the model's generalizability.","metric":{"value":1.0,"maximize":true},"is_buggy":false},{"code":"import pandas as pd\nfrom sklearn.model_selection import train_test_split, GridSearchCV\nfrom sklearn.preprocessing import StandardScaler, OneHotEncoder\nfrom sklearn.compose import ColumnTransformer\nfrom sklearn.pipeline import Pipeline\nfrom sklearn.svm import SVC\nfrom sklearn.metrics import accuracy_score\n\n# Load data\ndata = pd.read_csv(\"./input/repayments.csv\")\n\n# Define features and target\nX = data.drop([\"id\", \"repaid\"], axis=1)\ny = data[\"repaid\"]\n\n# Preprocessing for numerical data\nnumeric_features = [\n    \"age\",\n    \"credit_score\",\n    \"dti\",\n    \"employment_years\",\n    \"income\",\n    \"loan_amount\",\n]\nnumeric_transformer = StandardScaler()\n\n# Preprocessing for categorical data\ncategorical_features = [\"education\", \"gender\", \"zipcode\"]\ncategorical_transformer = OneHotEncoder(handle_unknown=\"ignore\")\n\n# Bundle preprocessing for numerical and categorical data\npreprocessor = ColumnTransformer(\n    transformers=[\n        (\"num\", numeric_transformer, numeric_features),\n        (\"cat\", categorical_transformer, categorical_features),\n    ]\n)\n\n# Create a pipeline that processes the data and then runs the classifier\npipeline = Pipeline(\n    steps=[(\"preprocessor\", preprocessor), (\"classifier\", SVC(kernel=\"rbf\"))]\n)\n\n# Define parameter grid\nparam_grid = {\n    \"classifier__C\": [0.1, 1, 10, 100],\n    \"classifier__gamma\": [\"scale\", \"auto\", 0.01, 0.1, 1],\n}\n\n# Create GridSearchCV object\ngrid_search = GridSearchCV(pipeline, param_grid, cv=5, scoring=\"accuracy\")\n\n# Split data into train and validation sets\nX_train, X_val, y_train, y_val = train_test_split(X, y, test_size=0.2, random_state=42)\n\n# Train the model using grid search\ngrid_search.fit(X_train, y_train)\n\n# Best model\nbest_model = grid_search.best_estimator_\n\n# Predict and evaluate the model\ny_pred = best_model.predict(X_val)\naccuracy = accuracy_score(y_val, y_pred)\nprint(f\"Validation Accuracy: {accuracy}\")\n","plan":"To enhance the predictive performance of the SVM model, I propose switching the kernel from 'linear' to 'rbf' (Radial Basis Function). The RBF kernel can better handle complex, non-linear relationships in the data, which might be present in our features such as interactions between age, income, and credit score. Additionally, I will include a range of 'gamma' values in the grid search to find the optimal setting for this parameter, which controls the influence of individual training examples. This should allow the model to better capture subtle patterns in the data, potentially improving accuracy on the validation set.","step":17,"id":"8f5aec02d56647639e566462e17d5b24","ctime":1759991655.101718,"parent":null,"children":[],"_term_out":["Validation Accuracy: 1.0","\n","Execution time: a moment seconds (time limit is an hour)."],"exec_time":0.5483493804931641,"exc_type":null,"exc_info":null,"exc_stack":null,"analysis":"The model achieved a perfect validation accuracy of 1.0, indicating that it was able to predict every case in the validation set correctly. This might suggest an overfitting issue or an overly simple dataset. Further investigation into the model's performance on an unseen test set and a review of the data's complexity and diversity would be advisable.","metric":{"value":1.0,"maximize":true},"is_buggy":false},{"code":"import pandas as pd\nfrom sklearn.model_selection import train_test_split, GridSearchCV\nfrom sklearn.preprocessing import StandardScaler, OneHotEncoder\nfrom sklearn.compose import ColumnTransformer\nfrom sklearn.pipeline import Pipeline\nfrom sklearn.svm import SVC\nfrom sklearn.metrics import accuracy_score\n\n# Load data\ndata = pd.read_csv(\"./input/repayments.csv\")\n\n# Define features and target\nX = data.drop([\"id\", \"repaid\"], axis=1)\ny = data[\"repaid\"]\n\n# Preprocessing for numerical data\nnumeric_features = [\n    \"age\",\n    \"credit_score\",\n    \"dti\",\n    \"employment_years\",\n    \"income\",\n    \"loan_amount\",\n]\nnumeric_transformer = StandardScaler()\n\n# Preprocessing for categorical data\ncategorical_features = [\"education\", \"gender\", \"zipcode\"]\ncategorical_transformer = OneHotEncoder(handle_unknown=\"ignore\")\n\n# Bundle preprocessing for numerical and categorical data\npreprocessor = ColumnTransformer(\n    transformers=[\n        (\"num\", numeric_transformer, numeric_features),\n        (\"cat\", categorical_transformer, categorical_features),\n    ]\n)\n\n# Create a pipeline that processes the data and then runs the classifier\npipeline = Pipeline(\n    steps=[(\"preprocessor\", preprocessor), (\"classifier\", SVC(kernel=\"rbf\"))]\n)\n\n# Define parameter grid\nparam_grid = {\n    \"classifier__C\": [0.1, 1, 10, 100],\n    \"classifier__gamma\": [\"scale\", \"auto\", 0.01, 0.1, 1],\n}\n\n# Create GridSearchCV object\ngrid_search = GridSearchCV(pipeline, param_grid, cv=5, scoring=\"accuracy\")\n\n# Split data into train and validation sets\nX_train, X_val, y_train, y_val = train_test_split(X, y, test_size=0.2, random_state=42)\n\n# Train the model using grid search\ngrid_search.fit(X_train, y_train)\n\n# Best model\nbest_model = grid_search.best_estimator_\n\n# Predict and evaluate the model\ny_pred = best_model.predict(X_val)\naccuracy = accuracy_score(y_val, y_pred)\nprint(f\"Validation Accuracy: {accuracy}\")\n","plan":"To enhance the predictive performance of the SVM model, I propose switching the kernel from 'linear' to 'rbf' (Radial Basis Function). The RBF kernel can better handle complex, non-linear relationships in the data, which might be present in our features such as interactions between age, income, and credit score. Additionally, I will include a range of 'gamma' values in the grid search to find the optimal setting for this parameter, which controls the influence of individual training examples. This should allow the model to better capture subtle patterns in the data, potentially improving accuracy on the validation set.","step":18,"id":"fdd486bfb3754397804e136e89d8bd10","ctime":1759991674.83543,"parent":null,"children":[],"_term_out":["Validation Accuracy: 1.0","\n","Execution time: a moment seconds (time limit is an hour)."],"exec_time":0.5415651798248291,"exc_type":null,"exc_info":null,"exc_stack":null,"analysis":"The script successfully trained a Support Vector Machine model on the loan repayment dataset and achieved a perfect validation accuracy of 1.0. This suggests that the model is exceptionally well-fitted to the validation data, potentially indicating overfitting given the unusually high performance.","metric":{"value":1.0,"maximize":true},"is_buggy":false},{"code":"import pandas as pd\nfrom sklearn.model_selection import train_test_split, GridSearchCV\nfrom sklearn.preprocessing import StandardScaler, OneHotEncoder\nfrom sklearn.compose import ColumnTransformer\nfrom sklearn.pipeline import Pipeline\nfrom sklearn.svm import SVC\nfrom sklearn.metrics import accuracy_score\n\n# Load data\ndata = pd.read_csv(\"./input/repayments.csv\")\n\n# Define features and target\nX = data.drop([\"id\", \"repaid\"], axis=1)\ny = data[\"repaid\"]\n\n# Preprocessing for numerical data\nnumeric_features = [\n    \"age\",\n    \"credit_score\",\n    \"dti\",\n    \"employment_years\",\n    \"income\",\n    \"loan_amount\",\n]\nnumeric_transformer = StandardScaler()\n\n# Preprocessing for categorical data\ncategorical_features = [\"education\", \"gender\", \"zipcode\"]\ncategorical_transformer = OneHotEncoder(handle_unknown=\"ignore\")\n\n# Bundle preprocessing for numerical and categorical data\npreprocessor = ColumnTransformer(\n    transformers=[\n        (\"num\", numeric_transformer, numeric_features),\n        (\"cat\", categorical_transformer, categorical_features),\n    ]\n)\n\n# Create a pipeline that processes the data and then runs the classifier\npipeline = Pipeline(\n    steps=[(\"preprocessor\", preprocessor), (\"classifier\", SVC(kernel=\"rbf\"))]\n)\n\n# Define parameter grid\nparam_grid = {\n    \"classifier__C\": [0.1, 1, 10, 100],\n    \"classifier__gamma\": [0.001, 0.01, 0.1, 1],\n}\n\n# Create GridSearchCV object\ngrid_search = GridSearchCV(pipeline, param_grid, cv=5, scoring=\"accuracy\")\n\n# Split data into train and validation sets\nX_train, X_val, y_train, y_val = train_test_split(X, y, test_size=0.2, random_state=42)\n\n# Train the model using grid search\ngrid_search.fit(X_train, y_train)\n\n# Best model\nbest_model = grid_search.best_estimator_\n\n# Predict and evaluate the model\ny_pred = best_model.predict(X_val)\naccuracy = accuracy_score(y_val, y_pred)\nprint(f\"Validation Accuracy: {accuracy}\")\n","plan":"To further enhance the performance of the SVM model, I propose adjusting the kernel type from 'linear' to 'rbf' (Radial Basis Function). The RBF kernel can handle non-linear relationships in data more effectively than the linear kernel. This change is expected to help the model capture more complex patterns in the data, potentially improving the accuracy on the validation set. Additionally, we will adjust the 'gamma' parameter in our grid search to optimize the model further.","step":19,"id":"ef27bd9105214604bb0aca683adebdfd","ctime":1759991693.256099,"parent":null,"children":[],"_term_out":["Validation Accuracy: 1.0","\n","Execution time: a moment seconds (time limit is an hour)."],"exec_time":0.47812414169311523,"exc_type":null,"exc_info":null,"exc_stack":null,"analysis":"The script executed successfully and achieved a perfect validation accuracy of 1.0. The use of a pipeline with preprocessing and an SVM classifier, combined with grid search for hyperparameter tuning, resulted in an optimal model that perfectly predicts loan repayment on the validation set.","metric":{"value":1.0,"maximize":true},"is_buggy":false}],"node2parent":{"698e19cef163425f9764d25a30813622":"66b5549933f143e2944eb2c6adcdd0ef","3140d9f585544fb1aa043b22af81b527":"66b5549933f143e2944eb2c6adcdd0ef","41df9a0fb1e54c7db8150dfa05e2e667":"66b5549933f143e2944eb2c6adcdd0ef","ec3af9ac59af4b82a9e778db26641c00":"41df9a0fb1e54c7db8150dfa05e2e667","b49fe24adede478d91cf6facc04f17d9":"41df9a0fb1e54c7db8150dfa05e2e667","b67587247910456cb01eb84f7064d815":"41df9a0fb1e54c7db8150dfa05e2e667","4971f2ef29344cbda2101739569f3391":"41df9a0fb1e54c7db8150dfa05e2e667","e9a7a16e391c4763b50e7b44a6e59c54":"41df9a0fb1e54c7db8150dfa05e2e667","5435f23c00da4ff993d92d15a06a3aec":"41df9a0fb1e54c7db8150dfa05e2e667","f9c28e5a420d49c18cf78806b3f10cee":"41df9a0fb1e54c7db8150dfa05e2e667","03bfbc6b62ca434d8a0ac0eebcfc3b98":"41df9a0fb1e54c7db8150dfa05e2e667","0da1b5d8c8254d97b5d2a66798829775":"41df9a0fb1e54c7db8150dfa05e2e667","8f5aec02d56647639e566462e17d5b24":"41df9a0fb1e54c7db8150dfa05e2e667","fdd486bfb3754397804e136e89d8bd10":"41df9a0fb1e54c7db8150dfa05e2e667","ef27bd9105214604bb0aca683adebdfd":"41df9a0fb1e54c7db8150dfa05e2e667"},"__version":"2"}