Airline,Flight,AirportFrom,AirportTo,DayOfWeek,Time,Length,Delay
3,1011,14,3,3.0,530.0,250.0,1.0
14,3751,65,10,5.0,1125.0,215.0,1.0
15,991,85,7,3.0,1183.0,112.0,0.0
4,1976,22,25,3.0,1199.0,155.0,0.0
3,792,14,13,2.0,975.0,174.0,1.0
1,2362,71,6,2.0,965.0,145.0,0.0
5,1051,82,73,4.0,490.0,97.0,0.0
1,1132,71,76,5.0,870.0,135.0,1.0
0,797,53,15,2.0,455.0,365.0,0.0
1,1855,83,60,2.0,510.0,170.0,0.0
2,132,3,8,1.0,55.0,215.0,0.0
9,6327,108,27,3.0,420.0,101.0,0.0
9,6688,131,27,6.0,410.0,111.0,0.0
14,3608,54,19,0.0,1000.0,120.0,0.0
12,1037,11,23,5.0,830.0,37.0,0.0
4,1535,54,21,5.0,1150.0,323.0,0.0
0,1770,108,35,6.0,860.0,120.0,0.0
15,667,54,108,0.0,615.0,143.0,1.0
3,408,102,39,4.0,470.0,206.0,0.0
4,159,83,5,1.0,435.0,127.0,0.0
5,31,82,13,1.0,750.0,168.0,0.0
11,5893,65,241,3.0,883.0,100.0,1.0
17,40,30,13,4.0,595.0,140.0,0.0
11,2358,41,3,2.0,675.0,114.0,0.0
8,3771,85,9,3.0,1020.0,130.0,1.0
1,2079,65,45,4.0,510.0,260.0,0.0
2,313,2,2,3.0,1050.0,120.0,0.0
4,1289,129,7,3.0,1058.0,120.0,1.0
14,4511,83,35,3.0,835.0,65.0,0.0
7,4473,5,83,2.0,910.0,100.0,1.0
4,320,127,7,1.0,702.0,265.0,0.0
8,4372,25,201,6.0,550.0,80.0,0.0
1,2162,71,77,2.0,835.0,150.0,1.0
2,114,3,2,1.0,150.0,200.0,0.0
2,478,21,15,3.0,1185.0,155.0,1.0
8,4314,130,92,3.0,425.0,111.0,0.0
0,2191,83,40,1.0,1260.0,74.0,1.0
13,321,129,6,3.0,890.0,134.0,0.0
17,2527,30,82,2.0,390.0,70.0,1.0
14,2815,71,134,2.0,1075.0,130.0,0.0
17,1641,107,83,4.0,520.0,65.0,0.0
17,580,138,60,3.0,590.0,70.0,0.0
13,695,83,6,4.0,1204.0,165.0,0.0
10,5172,130,118,6.0,1185.0,160.0,1.0
15,281,15,7,2.0,415.0,165.0,0.0
13,243,6,33,5.0,515.0,123.0,0.0
13,837,71,18,6.0,390.0,241.0,0.0
14,4430,131,40,6.0,815.0,55.0,0.0
0,974,108,4,4.0,460.0,167.0,0.0
11,3076,54,39,5.0,390.0,124.0,1.0
3,349,2,39,6.0,390.0,320.0,1.0
2,885,55,16,4.0,1060.0,370.0,0.0
7,6839,243,24,5.0,870.0,45.0,0.0
12,2771,0,102,4.0,1258.0,138.0,0.0
8,4360,226,4,2.0,400.0,82.0,1.0
7,6337,6,172,2.0,683.0,58.0,1.0
5,286,230,33,0.0,1065.0,67.0,1.0
17,2410,137,25,5.0,870.0,120.0,1.0
1,1353,82,1,6.0,1020.0,255.0,0.0
7,4518,5,24,3.0,765.0,85.0,1.0
17,211,205,21,0.0,650.0,95.0,1.0
3,1701,14,37,6.0,410.0,168.0,0.0
14,2971,19,1,0.0,745.0,195.0,1.0
4,2522,25,24,4.0,1320.0,124.0,1.0
4,1611,54,160,4.0,1373.0,75.0,0.0
14,2709,71,165,4.0,895.0,110.0,1.0
17,1486,84,12,1.0,1005.0,150.0,1.0
17,181,58,61,1.0,525.0,60.0,0.0
15,262,88,30,2.0,700.0,125.0,0.0
12,2665,136,0,3.0,930.0,86.0,0.0
1,1413,71,33,1.0,465.0,175.0,0.0
17,1424,21,43,3.0,700.0,205.0,1.0
5,589,146,37,4.0,1120.0,179.0,0.0
13,17,65,8,3.0,592.0,277.0,1.0
17,674,162,78,4.0,530.0,65.0,0.0
7,6697,242,24,2.0,1032.0,73.0,1.0
4,1970,28,7,5.0,600.0,89.0,1.0
4,1329,130,19,5.0,840.0,180.0,1.0
16,564,205,24,1.0,908.0,135.0,1.0
13,529,129,6,6.0,1177.0,133.0,0.0
14,4650,83,7,5.0,360.0,150.0,0.0
4,2312,5,34,4.0,1319.0,309.0,1.0
17,3676,55,137,2.0,1000.0,60.0,1.0
14,3702,65,24,4.0,735.0,160.0,0.0
7,6618,167,18,2.0,1034.0,61.0,0.0
17,1614,233,64,0.0,480.0,65.0,0.0
7,6534,6,261,1.0,686.0,100.0,0.0
7,6240,2,45,1.0,557.0,86.0,1.0
10,5258,54,150,2.0,930.0,143.0,1.0
0,1402,132,0,2.0,1155.0,113.0,0.0
17,616,125,12,0.0,1210.0,75.0,1.0
7,6442,4,15,4.0,669.0,70.0,0.0
8,3687,135,26,1.0,740.0,91.0,0.0
7,6263,2,135,1.0,618.0,61.0,0.0
9,6396,128,42,3.0,420.0,121.0,0.0
4,2279,83,37,4.0,895.0,198.0,0.0
14,4595,83,42,2.0,700.0,105.0,1.0
14,3331,71,147,2.0,505.0,145.0,0.0
4,201,54,13,3.0,480.0,86.0,1.0
7,6597,2,54,6.0,831.0,59.0,1.0
0,955,64,0,0.0,1025.0,99.0,0.0
13,4,193,6,6.0,1034.0,476.0,1.0
14,2786,150,1,6.0,415.0,110.0,0.0
4,2497,54,77,4.0,730.0,106.0,0.0
5,11,82,37,3.0,1285.0,185.0,1.0
4,1981,25,26,4.0,390.0,125.0,0.0
1,472,5,1,2.0,1050.0,150.0,0.0
9,6259,136,6,3.0,980.0,87.0,0.0
17,137,39,61,1.0,395.0,50.0,1.0
3,391,183,3,2.0,875.0,171.0,0.0
17,596,4,62,1.0,1175.0,155.0,1.0
14,3287,57,1,2.0,825.0,90.0,0.0
8,4327,131,76,2.0,585.0,120.0,1.0
4,2397,136,19,4.0,560.0,167.0,0.0
13,681,83,6,3.0,781.0,153.0,0.0
10,5535,48,7,3.0,648.0,66.0,0.0
4,1808,6,4,3.0,1135.0,120.0,0.0
11,2395,159,3,4.0,570.0,80.0,1.0
17,556,21,88,2.0,400.0,80.0,1.0
17,119,135,48,6.0,435.0,60.0,0.0
4,2417,130,33,5.0,950.0,282.0,1.0
4,238,183,7,3.0,830.0,120.0,1.0
15,958,72,41,3.0,1107.0,148.0,0.0
15,464,54,41,3.0,809.0,99.0,0.0
13,158,55,18,6.0,1117.0,107.0,0.0
4,2143,14,7,3.0,500.0,158.0,0.0
1,731,83,1,3.0,615.0,255.0,0.0
1,982,183,40,2.0,1100.0,145.0,0.0
9,6564,93,27,4.0,1045.0,140.0,0.0
8,3684,82,121,6.0,540.0,109.0,1.0
17,3082,103,13,5.0,815.0,160.0,0.0
0,1670,72,0,6.0,785.0,118.0,0.0
7,6255,233,18,2.0,535.0,82.0,0.0
1,1286,71,95,4.0,1095.0,160.0,0.0
7,4621,6,10,1.0,779.0,96.0,1.0
2,492,21,45,3.0,1210.0,158.0,1.0
8,4257,15,42,0.0,735.0,135.0,0.0
4,1551,171,7,2.0,634.0,80.0,0.0
13,720,2,24,1.0,867.0,152.0,1.0
0,1232,88,59,3.0,1275.0,70.0,1.0
0,982,108,4,6.0,880.0,170.0,1.0
8,3654,45,4,4.0,950.0,110.0,1.0
17,601,1,66,3.0,825.0,80.0,1.0
13,815,18,24,2.0,1168.0,107.0,0.0
1,460,102,1,2.0,440.0,75.0,0.0
14,4436,44,40,4.0,390.0,105.0,0.0
7,6719,6,220,4.0,847.0,126.0,1.0
14,3081,205,15,1.0,380.0,45.0,0.0
0,586,0,33,1.0,795.0,71.0,0.0
8,3811,136,44,2.0,1240.0,58.0,0.0
4,1885,54,86,3.0,665.0,103.0,1.0
7,4647,212,10,1.0,785.0,85.0,0.0
17,1498,233,64,0.0,1090.0,65.0,0.0
4,1214,28,7,1.0,1200.0,92.0,0.0
2,730,21,3,0.0,680.0,250.0,0.0
10,5608,206,7,0.0,757.0,86.0,0.0
15,906,54,149,6.0,1270.0,89.0,0.0
13,888,2,15,2.0,665.0,95.0,0.0
6,375,11,23,1.0,1130.0,37.0,0.0
11,2564,14,4,3.0,925.0,187.0,1.0
14,2814,190,1,0.0,850.0,140.0,0.0
12,2930,0,83,5.0,795.0,73.0,0.0
11,2044,102,0,0.0,1055.0,136.0,1.0
10,4968,54,188,6.0,1315.0,75.0,1.0
16,108,6,4,2.0,1195.0,110.0,1.0
14,3931,18,6,6.0,410.0,100.0,0.0
9,6485,82,35,3.0,730.0,79.0,0.0
1,1093,14,1,1.0,450.0,250.0,0.0
8,4029,136,111,3.0,1230.0,73.0,0.0
17,1147,202,8,1.0,480.0,110.0,1.0
4,2031,54,66,3.0,1191.0,254.0,1.0
13,531,65,15,1.0,617.0,284.0,0.0
11,2358,41,3,4.0,640.0,112.0,0.0
8,3753,16,26,4.0,655.0,117.0,0.0
4,2470,54,0,4.0,740.0,69.0,0.0
12,2824,172,12,4.0,745.0,106.0,0.0
13,786,25,6,0.0,664.0,81.0,0.0
15,587,30,100,1.0,1280.0,105.0,1.0
4,1434,54,78,2.0,1365.0,79.0,1.0
13,483,93,6,4.0,1054.0,161.0,0.0
11,2861,102,66,1.0,1255.0,159.0,0.0
14,3337,89,1,2.0,685.0,75.0,1.0
11,2904,106,51,1.0,360.0,58.0,0.0
1,877,88,1,5.0,500.0,210.0,0.0
10,5466,54,191,5.0,1245.0,62.0,0.0
11,2753,14,65,6.0,1160.0,200.0,1.0
7,6598,2,21,3.0,432.0,43.0,1.0
11,2256,188,39,4.0,705.0,109.0,0.0
4,1959,82,13,3.0,495.0,188.0,0.0
4,2899,25,12,2.0,1040.0,210.0,0.0
0,415,0,18,0.0,1270.0,129.0,1.0
12,2860,249,12,4.0,976.0,64.0,0.0
10,4939,140,7,0.0,604.0,68.0,1.0
16,115,25,24,4.0,1160.0,126.0,1.0
17,2084,22,82,5.0,1100.0,155.0,1.0
5,9,82,37,5.0,940.0,199.0,1.0
14,4230,45,6,1.0,615.0,110.0,1.0
0,77,15,12,3.0,980.0,353.0,0.0
14,2740,97,1,5.0,1010.0,85.0,1.0
13,550,2,45,5.0,639.0,96.0,0.0
1,1480,15,6,0.0,645.0,170.0,0.0
15,902,54,149,2.0,525.0,93.0,0.0
10,5611,109,7,4.0,375.0,85.0,1.0
6,5,4,11,3.0,1045.0,405.0,1.0
3,1803,1,39,6.0,1325.0,298.0,1.0
3,1606,205,3,2.0,590.0,185.0,1.0
14,3956,160,6,0.0,515.0,65.0,0.0
0,1740,101,22,3.0,1098.0,92.0,0.0
0,1444,38,0,3.0,645.0,83.0,0.0
3,1727,30,3,5.0,345.0,190.0,0.0
10,5281,54,144,4.0,1220.0,98.0,0.0
6,104,225,11,6.0,394.0,30.0,1.0
3,346,102,6,0.0,525.0,155.0,1.0
17,1955,137,5,3.0,935.0,70.0,1.0
10,5414,88,35,2.0,415.0,93.0,0.0
17,2007,75,49,0.0,425.0,80.0,1.0
5,1410,73,13,3.0,925.0,142.0,1.0
3,470,14,38,3.0,445.0,228.0,0.0
17,324,0,45,3.0,900.0,70.0,1.0
6,304,225,11,1.0,600.0,30.0,1.0
11,2790,102,156,1.0,960.0,93.0,0.0
10,5334,139,7,2.0,660.0,58.0,1.0
0,1275,88,13,6.0,910.0,141.0,1.0
12,2870,248,12,4.0,770.0,54.0,1.0
17,2176,0,33,6.0,1185.0,65.0,1.0
13,450,228,24,0.0,678.0,139.0,0.0
7,6459,6,1,1.0,974.0,111.0,0.0
1,1259,71,24,3.0,755.0,125.0,1.0
3,1661,0,3,1.0,860.0,154.0,1.0
4,1316,6,7,6.0,712.0,168.0,1.0
11,2541,64,0,0.0,460.0,89.0,1.0
7,6815,264,18,3.0,862.0,85.0,1.0
1,1509,38,1,3.0,921.0,175.0,0.0
7,6226,141,6,2.0,637.0,105.0,1.0
14,4495,15,25,1.0,475.0,80.0,1.0
13,885,4,18,4.0,437.0,106.0,0.0
11,2221,14,26,2.0,720.0,177.0,0.0
14,4514,82,40,1.0,785.0,85.0,0.0
17,1339,0,21,5.0,835.0,125.0,1.0
13,121,65,3,1.0,925.0,170.0,1.0
10,5264,54,188,3.0,775.0,72.0,0.0
7,6239,65,81,5.0,1020.0,52.0,0.0
7,6568,205,15,4.0,378.0,52.0,0.0
4,371,54,3,5.0,445.0,140.0,1.0
15,597,134,7,5.0,1076.0,139.0,0.0
4,2138,54,40,6.0,860.0,96.0,0.0
10,5212,46,26,0.0,685.0,93.0,0.0
15,149,130,7,5.0,1170.0,124.0,1.0
3,1502,14,15,6.0,1115.0,384.0,1.0
1,181,82,15,4.0,1005.0,395.0,0.0
17,283,137,76,2.0,405.0,165.0,1.0
13,478,22,18,4.0,369.0,376.0,0.0
17,1003,72,76,0.0,825.0,60.0,1.0
4,1669,54,13,4.0,1140.0,95.0,0.0
17,1872,38,92,5.0,765.0,90.0,1.0
10,4952,125,7,6.0,819.0,176.0,1.0
4,2151,171,10,0.0,1114.0,206.0,0.0
12,2876,0,55,1.0,970.0,73.0,0.0
7,6669,189,15,1.0,1217.0,50.0,0.0
9,6455,54,143,2.0,500.0,65.0,0.0
9,6452,130,20,0.0,620.0,103.0,0.0
9,6295,136,84,3.0,675.0,53.0,1.0
7,4808,1,18,1.0,1090.0,84.0,1.0
11,3075,80,51,6.0,850.0,113.0,0.0
1,1396,71,92,4.0,1070.0,160.0,1.0
4,1584,228,9,4.0,820.0,315.0,1.0
17,1047,87,48,2.0,990.0,135.0,1.0
9,6522,136,59,2.0,930.0,119.0,0.0
17,141,30,42,5.0,695.0,65.0,1.0
17,1156,228,48,1.0,595.0,235.0,1.0
13,663,6,33,6.0,1300.0,122.0,0.0
2,600,21,33,6.0,360.0,142.0,1.0
17,1021,137,49,2.0,410.0,85.0,0.0
9,6494,82,92,4.0,500.0,95.0,0.0
7,4812,5,255,3.0,670.0,85.0,0.0
4,2455,54,86,6.0,655.0,104.0,1.0
17,2018,103,15,0.0,955.0,225.0,1.0
4,1017,54,30,2.0,1005.0,120.0,0.0
14,2886,76,1,3.0,1105.0,80.0,0.0
1,1174,202,6,3.0,830.0,255.0,1.0
17,698,1,61,6.0,1050.0,180.0,1.0
11,2408,14,68,3.0,516.0,119.0,1.0
17,429,1,24,1.0,765.0,135.0,0.0
17,2630,22,48,2.0,1090.0,175.0,0.0
11,2144,134,51,1.0,1135.0,67.0,1.0
4,1887,50,7,0.0,1055.0,194.0,0.0
7,4718,17,4,2.0,1018.0,71.0,1.0
10,7097,129,9,3.0,750.0,80.0,1.0
7,6815,243,24,1.0,898.0,45.0,1.0
13,405,83,24,3.0,603.0,280.0,1.0
0,1248,108,25,5.0,785.0,108.0,0.0
1,1502,65,76,5.0,675.0,155.0,0.0
17,145,83,48,3.0,1105.0,160.0,1.0
15,79,54,37,3.0,1330.0,114.0,0.0
17,912,72,13,0.0,1100.0,60.0,0.0
8,3725,63,5,0.0,335.0,75.0,1.0
17,1129,107,50,1.0,495.0,60.0,0.0
2,129,21,32,3.0,1150.0,235.0,1.0
9,6442,130,95,5.0,1180.0,104.0,1.0
11,2250,64,82,1.0,680.0,90.0,1.0
1,1290,267,19,6.0,1050.0,185.0,0.0
3,685,55,39,4.0,1285.0,289.0,0.0
4,2822,0,5,0.0,740.0,231.0,0.0
13,166,1,35,1.0,1349.0,336.0,0.0
7,6568,205,15,2.0,378.0,52.0,0.0
13,664,2,6,3.0,361.0,256.0,0.0
4,2679,129,7,4.0,1132.0,123.0,1.0
17,134,205,24,4.0,395.0,140.0,0.0
0,1107,108,1,6.0,1210.0,174.0,1.0
10,5556,57,7,2.0,960.0,92.0,1.0
5,453,15,37,5.0,574.0,204.0,0.0
2,731,102,2,1.0,1105.0,285.0,0.0
5,690,88,35,6.0,1200.0,82.0,1.0
4,2627,130,86,5.0,825.0,159.0,0.0
15,1401,22,127,2.0,884.0,156.0,0.0
10,7118,129,119,1.0,753.0,74.0,0.0
17,802,0,4,3.0,1120.0,185.0,1.0
1,1822,71,124,4.0,875.0,130.0,0.0
4,2261,131,5,3.0,975.0,115.0,0.0
5,194,4,9,4.0,840.0,293.0,1.0
7,4873,124,10,1.0,1140.0,96.0,0.0
17,3421,87,41,0.0,465.0,55.0,0.0
14,3202,36,1,5.0,1120.0,190.0,0.0
12,1026,225,11,6.0,726.0,29.0,0.0
13,71,6,25,2.0,826.0,215.0,0.0
6,308,11,16,0.0,1132.0,43.0,1.0
1,1057,71,54,6.0,1135.0,220.0,1.0
0,647,130,12,1.0,460.0,277.0,0.0
0,654,0,63,3.0,685.0,86.0,1.0
15,786,83,149,3.0,1181.0,82.0,1.0
17,1812,53,35,0.0,745.0,80.0,1.0
17,1585,137,68,3.0,390.0,70.0,0.0
6,328,11,14,1.0,716.0,37.0,0.0
14,3773,6,6,6.0,1085.0,135.0,0.0
9,6451,136,4,6.0,430.0,133.0,1.0
13,403,6,63,2.0,696.0,157.0,0.0
10,5151,140,7,1.0,870.0,76.0,0.0
11,2944,102,26,5.0,965.0,89.0,1.0
17,211,126,45,3.0,565.0,120.0,1.0
3,1563,132,3,6.0,375.0,153.0,1.0
14,4525,83,98,1.0,890.0,220.0,0.0
17,116,202,63,4.0,1145.0,75.0,1.0
4,2987,22,10,0.0,1060.0,303.0,0.0
17,1030,202,33,1.0,450.0,85.0,1.0
7,6449,65,10,6.0,1065.0,210.0,0.0
1,1309,30,1,0.0,620.0,220.0,0.0
13,548,6,46,3.0,1152.0,145.0,0.0
14,3030,172,15,6.0,1025.0,65.0,1.0
4,1041,54,8,4.0,1130.0,331.0,1.0
17,293,133,2,2.0,1115.0,125.0,1.0
17,1024,205,33,1.0,795.0,70.0,1.0
7,4582,25,56,4.0,860.0,191.0,1.0
13,10,2,9,1.0,645.0,344.0,1.0
1,1502,65,76,0.0,675.0,155.0,0.0
0,988,65,0,0.0,1095.0,113.0,1.0
17,1949,23,90,0.0,480.0,85.0,1.0
1,2537,65,33,2.0,1290.0,235.0,0.0
0,44,0,40,4.0,587.0,252.0,0.0
17,1065,4,169,0.0,995.0,285.0,1.0
5,1416,2,36,6.0,570.0,82.0,0.0
7,4637,4,15,4.0,975.0,73.0,1.0
17,474,30,92,0.0,690.0,50.0,1.0
0,551,55,12,3.0,690.0,148.0,0.0
13,431,2,33,6.0,507.0,94.0,0.0
0,1110,0,6,2.0,45.0,194.0,0.0
4,2588,132,25,6.0,420.0,165.0,0.0
17,327,202,87,4.0,460.0,60.0,0.0
4,1876,22,25,0.0,895.0,154.0,1.0
10,7138,184,20,1.0,1145.0,110.0,1.0
12,7285,87,6,4.0,835.0,141.0,0.0
11,5908,186,6,4.0,614.0,96.0,1.0
3,1714,102,21,6.0,560.0,249.0,0.0
4,1838,54,40,5.0,1040.0,106.0,0.0
14,3960,65,127,4.0,1285.0,100.0,0.0
4,2772,171,4,4.0,1120.0,129.0,0.0
1,808,71,3,6.0,725.0,65.0,0.0
11,2830,102,78,2.0,1192.0,75.0,0.0
10,5520,54,159,5.0,1242.0,57.0,1.0
17,1753,72,13,4.0,760.0,60.0,1.0
7,6990,6,234,5.0,985.0,78.0,1.0
7,6489,2,133,6.0,485.0,55.0,1.0
4,1487,25,10,4.0,1315.0,172.0,1.0
0,436,126,12,4.0,510.0,100.0,0.0
13,917,129,2,3.0,1030.0,358.0,0.0
7,4650,5,1,1.0,1016.0,160.0,0.0
1,461,93,19,0.0,880.0,195.0,1.0
7,4717,5,21,0.0,1020.0,109.0,1.0
0,2038,88,35,4.0,930.0,88.0,0.0
15,842,22,7,6.0,770.0,92.0,0.0
7,4668,5,24,0.0,395.0,90.0,1.0
0,152,0,60,3.0,1185.0,171.0,0.0
6,256,11,14,3.0,610.0,37.0,1.0
11,2547,25,39,1.0,1040.0,162.0,1.0
14,4225,185,6,2.0,800.0,65.0,0.0
17,1303,72,48,5.0,1060.0,200.0,1.0
7,6411,167,15,2.0,869.0,61.0,0.0
17,760,80,48,2.0,390.0,165.0,0.0
4,1655,54,15,0.0,575.0,305.0,0.0
12,2671,108,26,4.0,1052.0,110.0,0.0
0,1776,72,0,0.0,1005.0,117.0,0.0
13,689,83,6,1.0,1025.0,166.0,1.0
17,2772,197,56,4.0,545.0,65.0,0.0
15,1121,72,70,1.0,758.0,166.0,0.0
15,237,54,95,6.0,1330.0,92.0,0.0
2,64,274,196,6.0,928.0,26.0,0.0
0,281,0,64,1.0,875.0,114.0,0.0
3,1115,14,6,2.0,480.0,165.0,0.0
7,6942,178,8,2.0,856.0,37.0,0.0
17,673,44,43,2.0,1005.0,105.0,1.0
4,2902,183,5,1.0,808.0,192.0,1.0
0,175,4,12,4.0,990.0,72.0,0.0
8,3932,130,99,3.0,835.0,116.0,0.0
17,1333,4,46,2.0,1140.0,55.0,1.0
0,35,54,12,6.0,1065.0,264.0,0.0
14,4269,65,68,2.0,745.0,75.0,0.0
4,1385,15,25,3.0,750.0,79.0,0.0
0,738,85,22,2.0,1065.0,76.0,0.0
6,110,225,11,0.0,439.0,30.0,0.0
7,6355,170,15,0.0,1034.0,46.0,0.0
17,1814,133,15,3.0,500.0,75.0,1.0
4,1809,25,24,4.0,690.0,129.0,1.0
4,182,21,9,4.0,800.0,325.0,0.0
12,2656,73,0,4.0,535.0,151.0,0.0
16,265,228,24,5.0,405.0,145.0,0.0
4,1510,130,35,6.0,1060.0,119.0,0.0
9,6443,130,9,5.0,670.0,115.0,1.0
5,425,15,77,0.0,1120.0,194.0,1.0
15,765,86,7,1.0,1007.0,107.0,0.0
17,2437,30,169,1.0,465.0,70.0,0.0
14,4084,65,163,3.0,860.0,110.0,1.0
10,7103,65,116,3.0,1265.0,109.0,1.0
14,2834,71,233,1.0,1160.0,85.0,1.0
17,1768,22,48,2.0,875.0,170.0,1.0
13,660,4,24,3.0,526.0,119.0,0.0
5,97,82,24,2.0,1270.0,272.0,1.0
7,6337,2,8,4.0,548.0,103.0,0.0
8,4357,82,92,1.0,970.0,114.0,0.0
7,7770,5,107,3.0,433.0,81.0,0.0
11,3151,70,3,5.0,1133.0,144.0,0.0
7,6605,1,33,4.0,1215.0,70.0,1.0
17,1634,46,61,5.0,970.0,115.0,1.0
0,1461,56,0,3.0,1074.0,81.0,0.0
0,31,193,12,5.0,1410.0,344.0,0.0
17,1008,73,61,2.0,610.0,50.0,1.0
0,1019,80,0,0.0,385.0,143.0,0.0
4,1465,80,7,6.0,422.0,183.0,0.0
1,1589,44,1,4.0,775.0,125.0,1.0
4,2688,22,40,5.0,650.0,130.0,1.0
11,2062,102,204,5.0,1105.0,71.0,0.0
11,2459,108,3,4.0,759.0,172.0,0.0
4,2951,25,198,5.0,1050.0,87.0,0.0
14,3935,103,6,5.0,540.0,90.0,0.0
17,1633,4,66,1.0,385.0,75.0,1.0
14,4248,35,6,6.0,1120.0,90.0,0.0
2,233,205,2,3.0,1025.0,170.0,1.0
9,6314,38,40,3.0,1115.0,114.0,0.0
14,4612,83,42,5.0,900.0,110.0,0.0
11,2459,108,3,0.0,755.0,170.0,1.0
3,551,131,3,6.0,1035.0,187.0,0.0
15,501,16,25,3.0,470.0,136.0,0.0
7,7001,163,6,5.0,1003.0,97.0,0.0
12,2717,5,12,5.0,645.0,100.0,1.0
14,4007,65,68,4.0,940.0,75.0,0.0
1,1285,71,63,3.0,890.0,195.0,1.0
4,2626,72,7,0.0,365.0,116.0,0.0
1,1627,71,43,6.0,565.0,90.0,0.0
0,590,133,12,6.0,370.0,112.0,0.0
7,6570,216,24,4.0,869.0,178.0,0.0
4,1577,5,7,4.0,838.0,222.0,1.0
17,3668,5,12,3.0,675.0,100.0,1.0
14,2717,246,1,2.0,445.0,85.0,0.0
10,5168,188,7,6.0,840.0,74.0,1.0
14,4055,65,49,3.0,1005.0,90.0,1.0
17,1310,30,82,2.0,405.0,70.0,0.0
11,2165,77,3,0.0,803.0,72.0,1.0
4,2762,40,7,2.0,960.0,75.0,1.0
8,3919,130,276,4.0,830.0,61.0,0.0
17,338,162,67,2.0,435.0,80.0,1.0
1,634,132,6,2.0,410.0,190.0,0.0
15,1742,85,13,2.0,744.0,131.0,0.0
4,2135,85,7,2.0,465.0,133.0,0.0
4,2266,0,10,4.0,450.0,104.0,0.0
0,1947,88,37,1.0,1160.0,155.0,0.0
17,2252,41,84,4.0,685.0,70.0,1.0
4,2029,25,76,3.0,795.0,189.0,0.0
2,578,55,45,0.0,625.0,143.0,0.0
5,90,133,9,0.0,1285.0,317.0,1.0
3,706,102,76,6.0,465.0,120.0,1.0
1,371,83,6,2.0,1235.0,150.0,1.0
17,2902,131,48,3.0,430.0,125.0,1.0
10,7105,142,6,0.0,360.0,116.0,0.0
7,4858,5,145,1.0,920.0,77.0,0.0
12,7211,68,20,3.0,1167.0,98.0,1.0
13,967,129,15,2.0,994.0,348.0,0.0
4,1306,60,7,3.0,862.0,203.0,0.0
5,1019,15,9,3.0,700.0,68.0,0.0
4,1105,5,11,5.0,700.0,428.0,0.0
7,4715,25,201,3.0,1305.0,75.0,1.0
14,3944,82,41,6.0,1049.0,76.0,0.0
10,5214,64,7,0.0,726.0,119.0,1.0
7,4747,1,33,6.0,877.0,69.0,1.0
15,51,54,15,0.0,1199.0,320.0,1.0
6,168,11,16,2.0,625.0,43.0,0.0
1,2038,183,5,5.0,650.0,185.0,1.0
14,4216,65,118,6.0,520.0,135.0,0.0
0,943,87,0,0.0,420.0,85.0,0.0
1,1341,65,18,6.0,435.0,285.0,0.0
4,1439,88,7,2.0,780.0,122.0,0.0
13,642,82,18,5.0,670.0,401.0,0.0
1,1402,71,0,2.0,1190.0,140.0,0.0
8,4135,68,5,2.0,355.0,129.0,1.0
11,2254,102,97,3.0,485.0,61.0,0.0
17,1079,30,42,6.0,620.0,65.0,1.0
7,4664,17,4,6.0,890.0,80.0,1.0
5,191,82,33,3.0,435.0,349.0,0.0
10,7066,65,147,0.0,715.0,102.0,1.0
14,2705,71,216,3.0,795.0,95.0,1.0
8,3983,130,68,5.0,725.0,58.0,1.0
1,2099,65,15,5.0,440.0,265.0,1.0
1,2438,71,24,4.0,1050.0,125.0,0.0
7,6280,65,264,2.0,633.0,188.0,1.0
1,1523,65,18,3.0,1215.0,280.0,1.0
9,6308,171,35,1.0,515.0,166.0,0.0
17,391,135,43,1.0,445.0,100.0,0.0
17,494,0,45,4.0,1050.0,65.0,1.0
8,4006,171,27,2.0,895.0,86.0,0.0
17,2978,129,48,2.0,545.0,125.0,0.0
12,2701,108,52,5.0,800.0,82.0,1.0
13,101,65,15,5.0,420.0,276.0,0.0
7,6387,2,177,6.0,1318.0,79.0,0.0
1,2546,22,9,6.0,505.0,150.0,0.0
17,587,6,41,4.0,1105.0,200.0,1.0
1,2374,71,6,2.0,1240.0,125.0,1.0
14,3135,202,15,1.0,1195.0,75.0,0.0
3,678,39,3,0.0,925.0,64.0,1.0
14,4037,65,73,3.0,460.0,85.0,0.0
8,4282,150,26,5.0,685.0,84.0,0.0
1,787,83,1,4.0,1125.0,250.0,0.0
0,1198,86,40,6.0,720.0,135.0,1.0
17,151,55,21,0.0,695.0,85.0,1.0
17,1012,30,92,2.0,510.0,50.0,1.0
0,1558,0,0,6.0,15.0,222.0,0.0
5,609,50,9,2.0,860.0,82.0,1.0
4,1378,83,35,1.0,630.0,72.0,0.0
1,1511,22,1,4.0,630.0,185.0,0.0
0,86,0,8,6.0,525.0,172.0,0.0
0,6,65,12,6.0,840.0,227.0,1.0
11,2998,102,26,0.0,785.0,90.0,0.0
1,599,83,19,5.0,630.0,195.0,0.0
0,945,115,0,3.0,525.0,106.0,0.0
4,1638,54,40,5.0,1160.0,110.0,0.0
13,812,173,24,1.0,371.0,134.0,0.0
14,2726,71,97,3.0,720.0,80.0,1.0
9,6709,136,60,6.0,1230.0,95.0,1.0
0,1463,72,0,6.0,895.0,119.0,1.0
2,314,2,177,3.0,1240.0,83.0,0.0
8,4245,137,5,4.0,840.0,87.0,0.0
11,2404,64,121,1.0,1145.0,87.0,1.0
10,5048,140,7,6.0,697.0,73.0,0.0
2,648,21,66,3.0,715.0,173.0,1.0
14,4066,65,79,0.0,425.0,80.0,0.0
6,27,21,11,1.0,485.0,370.0,0.0
1,453,71,8,2.0,765.0,255.0,1.0
7,6624,6,66,6.0,1115.0,118.0,0.0
17,768,28,76,3.0,1125.0,85.0,1.0
11,5931,141,6,4.0,1040.0,105.0,0.0
4,2770,171,4,2.0,965.0,131.0,1.0
0,5,65,22,5.0,1135.0,119.0,0.0
7,6458,1,66,5.0,1135.0,80.0,0.0
1,1247,65,15,3.0,680.0,265.0,0.0
2,220,21,18,6.0,445.0,126.0,0.0
12,2689,155,0,4.0,965.0,68.0,0.0
4,2318,22,7,2.0,810.0,96.0,0.0
13,407,45,24,4.0,992.0,95.0,0.0
8,3861,171,56,1.0,1165.0,127.0,0.0
13,129,75,6,2.0,1126.0,95.0,1.0
4,2164,25,40,4.0,1155.0,142.0,1.0
0,586,173,12,0.0,510.0,158.0,0.0
1,430,71,60,2.0,430.0,90.0,1.0
14,3006,205,15,6.0,675.0,45.0,0.0
1,269,82,2,2.0,1125.0,385.0,0.0
1,1914,25,1,0.0,630.0,160.0,1.0
4,1786,54,25,1.0,580.0,148.0,1.0
17,939,202,63,4.0,695.0,75.0,1.0
7,6636,165,24,1.0,712.0,131.0,1.0
17,2985,4,15,5.0,460.0,65.0,1.0
3,1554,14,77,2.0,460.0,178.0,0.0
17,55,197,61,6.0,1200.0,60.0,1.0
9,6367,130,35,1.0,1060.0,121.0,0.0
4,1318,171,41,6.0,1145.0,120.0,1.0
12,2681,136,0,5.0,419.0,86.0,0.0
0,1827,15,0,2.0,880.0,146.0,1.0
10,5366,113,7,0.0,360.0,119.0,0.0
4,2322,54,27,6.0,605.0,98.0,0.0
10,5377,143,7,5.0,745.0,113.0,1.0
10,5477,171,78,3.0,1165.0,62.0,0.0
14,4016,65,75,5.0,560.0,55.0,0.0
14,3654,56,19,4.0,445.0,160.0,0.0
7,7012,5,6,5.0,672.0,188.0,1.0
0,1839,53,4,1.0,595.0,183.0,1.0
3,1662,102,85,5.0,1196.0,126.0,1.0
17,1225,162,90,1.0,1205.0,90.0,0.0
10,5505,120,7,0.0,840.0,77.0,0.0
11,2556,64,4,1.0,1010.0,125.0,0.0
1,1765,129,38,3.0,475.0,230.0,1.0
17,3073,127,33,4.0,580.0,80.0,1.0
2,659,0,8,3.0,665.0,180.0,0.0
7,6379,167,15,1.0,551.0,62.0,0.0
17,1169,28,61,4.0,1090.0,75.0,1.0
13,306,1,41,4.0,515.0,302.0,1.0
2,192,8,34,0.0,1240.0,64.0,0.0
1,1234,183,76,1.0,480.0,55.0,1.0
14,2905,71,65,0.0,930.0,70.0,0.0
0,2037,15,40,6.0,840.0,94.0,0.0
10,5462,216,7,3.0,1008.0,60.0,1.0
17,925,6,4,3.0,1140.0,120.0,0.0
4,1659,54,153,2.0,1226.0,73.0,0.0
4,2824,25,42,3.0,1145.0,146.0,0.0
7,6266,205,15,4.0,600.0,45.0,0.0
0,1240,53,59,3.0,1235.0,59.0,1.0
14,3366,49,1,1.0,365.0,185.0,0.0
17,32,126,2,3.0,1000.0,200.0,1.0
17,2383,6,45,0.0,1050.0,150.0,1.0
17,2740,60,48,5.0,845.0,200.0,1.0
1,1296,71,7,0.0,565.0,120.0,0.0
11,3123,135,39,0.0,621.0,118.0,0.0
15,1102,75,85,0.0,799.0,152.0,1.0
17,2909,23,82,1.0,435.0,160.0,1.0
8,3721,64,9,2.0,750.0,119.0,1.0
14,4228,65,180,1.0,795.0,95.0,0.0
13,356,21,24,6.0,866.0,157.0,0.0
17,420,73,24,3.0,1060.0,145.0,1.0
11,2858,76,3,6.0,490.0,72.0,0.0
4,487,83,77,5.0,895.0,186.0,1.0
8,3970,171,68,2.0,540.0,106.0,0.0
17,1783,34,41,0.0,725.0,75.0,0.0
13,23,1,16,5.0,502.0,349.0,0.0
4,1015,41,7,0.0,900.0,63.0,1.0
5,1695,15,13,1.0,360.0,192.0,1.0
9,6297,83,70,6.0,935.0,154.0,0.0
7,4449,1,18,2.0,360.0,84.0,0.0
14,3937,33,6,1.0,605.0,70.0,0.0
7,4829,5,45,5.0,677.0,116.0,0.0
4,2749,54,18,4.0,1055.0,325.0,1.0
7,6836,175,6,2.0,360.0,78.0,0.0
0,1409,6,12,5.0,900.0,112.0,0.0
3,1623,102,86,0.0,525.0,68.0,0.0
7,4594,71,10,4.0,765.0,170.0,1.0
0,1163,85,0,1.0,830.0,91.0,0.0
17,432,0,41,2.0,395.0,255.0,1.0
17,1387,2,15,5.0,1105.0,75.0,1.0
5,115,82,86,0.0,1248.0,211.0,1.0
2,497,205,2,0.0,845.0,174.0,1.0
1,1008,71,141,0.0,885.0,95.0,0.0
13,365,130,6,3.0,482.0,82.0,1.0
11,2227,128,3,3.0,870.0,118.0,0.0
7,6651,1,54,2.0,521.0,85.0,0.0
11,2758,125,3,2.0,989.0,106.0,0.0
3,226,102,41,4.0,610.0,170.0,0.0
11,2672,35,3,1.0,1025.0,142.0,0.0
7,6932,65,272,1.0,795.0,80.0,1.0
17,990,53,48,2.0,1185.0,160.0,1.0
11,5977,65,118,1.0,1053.0,133.0,1.0
4,1453,25,2,3.0,585.0,223.0,0.0
2,14,21,39,6.0,905.0,307.0,0.0
4,2056,133,10,4.0,785.0,100.0,0.0
4,1638,54,40,2.0,1160.0,112.0,1.0
4,65,54,33,1.0,1150.0,280.0,0.0
13,163,15,15,4.0,383.0,400.0,1.0
8,4067,130,44,6.0,1160.0,98.0,0.0
4,2524,11,7,5.0,1060.0,515.0,1.0
10,5195,280,7,2.0,756.0,94.0,1.0
7,4591,5,56,6.0,595.0,165.0,1.0
12,1017,203,11,4.0,975.0,40.0,1.0
4,2074,22,4,0.0,728.0,207.0,0.0
17,317,137,24,3.0,365.0,170.0,0.0
17,1204,137,24,4.0,845.0,165.0,1.0
11,5890,65,90,6.0,878.0,104.0,1.0
7,6276,233,18,0.0,430.0,80.0,0.0
17,2026,135,48,1.0,1180.0,60.0,1.0
14,3453,71,30,2.0,560.0,135.0,0.0
4,1038,54,70,4.0,1315.0,100.0,0.0
1,1530,183,25,5.0,870.0,179.0,0.0
1,735,88,19,3.0,1090.0,160.0,1.0
17,692,7,47,3.0,1110.0,75.0,1.0
14,4036,65,178,3.0,1140.0,80.0,1.0
7,6441,66,24,3.0,978.0,186.0,0.0
4,2644,205,4,2.0,870.0,222.0,1.0
4,1156,137,7,2.0,480.0,114.0,1.0
17,1867,30,84,5.0,1105.0,110.0,1.0
17,786,23,37,1.0,660.0,60.0,1.0
0,62,6,0,2.0,410.0,189.0,0.0
7,4788,25,178,4.0,925.0,120.0,1.0
13,178,1,6,6.0,598.0,240.0,1.0
16,777,6,33,3.0,800.0,112.0,1.0
1,1776,71,22,0.0,405.0,185.0,0.0
4,2093,25,63,2.0,705.0,237.0,0.0
17,710,202,62,6.0,1100.0,200.0,1.0
7,4797,25,201,1.0,910.0,75.0,1.0
16,371,16,24,6.0,865.0,155.0,1.0
1,10,1,9,4.0,1290.0,305.0,0.0
1,1210,65,35,3.0,725.0,125.0,1.0
8,4001,65,26,4.0,390.0,115.0,0.0
7,6819,6,255,2.0,1306.0,114.0,1.0
9,6429,36,5,0.0,760.0,137.0,0.0
17,3508,0,62,2.0,1165.0,125.0,1.0
1,1356,28,1,2.0,490.0,105.0,0.0
8,3758,130,131,2.0,915.0,88.0,1.0
9,6752,173,4,2.0,430.0,180.0,0.0
16,725,88,24,2.0,1095.0,239.0,0.0
0,1470,53,119,4.0,1250.0,69.0,0.0
14,4144,65,266,0.0,995.0,50.0,0.0
1,2059,71,10,4.0,1255.0,170.0,1.0
0,1025,108,19,2.0,975.0,121.0,1.0
4,2359,136,7,2.0,360.0,102.0,0.0
4,1276,25,7,3.0,320.0,158.0,0.0
1,440,125,1,0.0,905.0,100.0,1.0
1,1,82,15,1.0,550.0,385.0,1.0
3,499,102,24,4.0,705.0,155.0,1.0
17,2557,128,48,4.0,365.0,65.0,0.0
3,128,102,86,2.0,450.0,68.0,1.0
1,633,187,1,2.0,790.0,310.0,0.0
11,2038,14,114,0.0,839.0,154.0,0.0
4,1894,54,160,1.0,1235.0,81.0,0.0
17,857,30,128,3.0,715.0,60.0,1.0
17,410,75,48,1.0,635.0,70.0,1.0
7,6390,166,18,0.0,477.0,112.0,1.0
10,5328,45,7,0.0,327.0,137.0,1.0
13,951,129,15,5.0,1055.0,335.0,1.0
17,2025,7,64,3.0,575.0,70.0,0.0
17,304,41,61,4.0,1015.0,115.0,1.0
17,1440,133,45,0.0,1120.0,85.0,0.0
1,2387,183,260,4.0,560.0,280.0,1.0
0,432,0,14,1.0,700.0,396.0,1.0
13,202,1,86,1.0,677.0,220.0,0.0
11,2912,14,7,0.0,390.0,169.0,0.0
17,1123,137,37,1.0,720.0,180.0,1.0
7,6917,51,21,2.0,330.0,65.0,0.0
4,1860,183,7,4.0,1050.0,130.0,0.0
4,2762,54,92,1.0,1155.0,102.0,1.0
10,5190,54,89,3.0,970.0,64.0,0.0
10,5413,121,7,1.0,390.0,138.0,0.0
1,499,93,1,1.0,795.0,250.0,1.0
1,444,39,6,0.0,435.0,165.0,0.0
12,1012,11,14,4.0,655.0,35.0,0.0
12,1035,11,23,3.0,540.0,37.0,0.0
11,2731,102,142,6.0,1160.0,55.0,0.0
8,4339,131,76,0.0,580.0,120.0,1.0
8,4286,106,5,4.0,614.0,61.0,0.0
10,4961,54,278,5.0,905.0,69.0,0.0
4,1468,136,25,0.0,1150.0,113.0,0.0
1,795,183,195,5.0,1065.0,150.0,1.0
4,1601,15,7,1.0,885.0,177.0,1.0
17,1594,6,35,0.0,1020.0,225.0,0.0
7,3111,62,30,2.0,640.0,84.0,0.0
2,677,6,2,3.0,480.0,175.0,0.0
7,4798,26,4,4.0,910.0,72.0,1.0
13,385,2,15,3.0,558.0,92.0,0.0
17,1118,30,49,0.0,800.0,120.0,1.0
7,6558,196,24,5.0,361.0,129.0,0.0
5,39,82,77,4.0,1120.0,183.0,1.0
15,481,30,13,3.0,420.0,142.0,0.0
17,2464,0,33,4.0,395.0,65.0,0.0
0,678,16,12,4.0,1035.0,230.0,0.0
7,6943,55,2,2.0,533.0,50.0,1.0
14,3880,65,3,6.0,930.0,165.0,1.0
1,118,1,9,2.0,435.0,325.0,0.0
7,6512,1,120,6.0,461.0,134.0,0.0
4,2587,132,5,4.0,959.0,174.0,0.0
4,1863,88,4,2.0,972.0,166.0,1.0
17,821,133,15,2.0,370.0,75.0,0.0
15,92,131,7,4.0,645.0,86.0,0.0
14,3225,160,1,0.0,620.0,130.0,1.0
16,265,228,24,0.0,405.0,145.0,0.0
13,462,129,59,3.0,1338.0,88.0,1.0
14,3641,183,68,0.0,1045.0,160.0,0.0
17,595,233,64,6.0,430.0,65.0,0.0
17,638,132,13,6.0,910.0,50.0,1.0
7,6438,94,18,0.0,330.0,45.0,0.0
17,1588,6,4,4.0,675.0,125.0,1.0
4,2643,14,7,1.0,940.0,155.0,1.0
3,1618,14,76,6.0,890.0,178.0,1.0
14,3939,44,6,4.0,360.0,105.0,0.0
2,520,21,87,1.0,940.0,142.0,0.0
1,1416,60,1,4.0,870.0,130.0,0.0
17,780,1,24,3.0,730.0,135.0,0.0
17,31,2,15,3.0,360.0,75.0,0.0
13,290,127,20,6.0,450.0,294.0,0.0
17,1128,53,49,0.0,955.0,145.0,1.0
1,1067,71,56,3.0,1270.0,65.0,1.0
14,3074,1,54,0.0,365.0,90.0,1.0
1,192,1,35,6.0,1265.0,315.0,0.0
3,199,102,24,6.0,440.0,157.0,1.0
5,107,101,9,0.0,350.0,83.0,0.0
12,2807,0,63,2.0,570.0,79.0,0.0
7,4774,5,205,4.0,690.0,105.0,0.0
1,2274,71,67,2.0,1045.0,60.0,1.0
11,2779,42,3,3.0,1004.0,86.0,0.0
13,796,129,33,1.0,497.0,322.0,0.0
17,774,205,62,3.0,480.0,160.0,1.0
14,3606,54,19,0.0,590.0,130.0,1.0
1,180,1,9,1.0,985.0,310.0,0.0
3,1405,64,76,2.0,535.0,150.0,1.0
8,4212,79,5,4.0,495.0,60.0,0.0
7,4740,1,33,1.0,675.0,68.0,1.0
15,83,54,37,4.0,625.0,112.0,0.0
17,1535,0,46,4.0,875.0,70.0,0.0
6,117,203,11,5.0,523.0,42.0,0.0
7,4521,5,21,2.0,1030.0,97.0,1.0
12,7309,129,0,3.0,521.0,94.0,0.0
2,875,21,23,0.0,1005.0,374.0,0.0
4,2720,65,5,0.0,981.0,83.0,1.0
8,3931,110,4,6.0,388.0,102.0,0.0
17,1328,15,24,2.0,1080.0,295.0,1.0
0,138,102,12,0.0,900.0,172.0,0.0
11,5997,160,6,0.0,812.0,65.0,0.0
17,1619,233,47,4.0,495.0,75.0,0.0
0,729,53,1,0.0,1085.0,234.0,1.0
17,3183,4,24,6.0,505.0,115.0,1.0
4,1167,54,63,1.0,980.0,300.0,0.0
14,4518,75,25,4.0,1115.0,105.0,1.0
17,1542,130,24,4.0,445.0,210.0,1.0
8,4385,53,5,5.0,979.0,121.0,0.0
10,5062,216,7,1.0,330.0,53.0,0.0
17,826,55,88,0.0,960.0,65.0,1.0
4,133,82,18,6.0,1155.0,410.0,1.0
4,1700,54,35,0.0,525.0,160.0,1.0
3,86,14,51,0.0,1215.0,98.0,0.0
8,3740,143,5,2.0,380.0,102.0,0.0
5,146,86,9,1.0,360.0,152.0,1.0
1,1144,0,6,3.0,680.0,205.0,0.0
17,956,101,48,4.0,1055.0,115.0,1.0
2,42,261,34,3.0,543.0,68.0,1.0
8,4076,25,81,0.0,1295.0,68.0,1.0
8,4097,171,67,3.0,1160.0,85.0,0.0
10,5169,54,55,6.0,500.0,221.0,1.0
7,6469,1,177,4.0,699.0,53.0,0.0
17,1212,0,70,0.0,1085.0,210.0,1.0
15,1454,146,77,5.0,793.0,174.0,0.0
17,3479,73,41,6.0,385.0,180.0,1.0
1,59,82,18,4.0,420.0,405.0,0.0
7,6567,130,6,2.0,1139.0,80.0,0.0
2,622,55,33,4.0,810.0,130.0,0.0
4,2943,14,7,0.0,764.0,145.0,0.0
4,2820,65,5,5.0,1101.0,87.0,0.0
7,6254,65,44,5.0,360.0,87.0,1.0
10,5546,120,7,6.0,907.0,67.0,0.0
17,497,30,33,2.0,815.0,340.0,1.0
7,4568,5,257,4.0,911.0,89.0,1.0
2,60,260,2,6.0,555.0,116.0,0.0
13,386,21,24,0.0,427.0,164.0,0.0
13,694,65,25,2.0,1260.0,119.0,1.0
4,2472,23,7,4.0,740.0,94.0,0.0
5,1264,73,35,4.0,985.0,218.0,1.0
9,6571,130,92,1.0,1065.0,111.0,0.0
17,236,22,37,4.0,1035.0,55.0,1.0
0,304,0,0,0.0,675.0,234.0,1.0
4,2069,54,13,2.0,595.0,106.0,0.0
17,1938,133,46,1.0,470.0,75.0,1.0
7,6750,65,7,5.0,360.0,121.0,0.0
0,1857,21,0,1.0,810.0,281.0,1.0
7,6855,6,65,2.0,1170.0,116.0,0.0
0,367,0,21,3.0,875.0,118.0,1.0
17,941,103,41,3.0,1060.0,140.0,1.0
4,1292,205,7,0.0,663.0,247.0,1.0
4,2592,0,4,3.0,980.0,185.0,1.0
8,4025,192,5,2.0,974.0,86.0,1.0
10,5125,54,51,5.0,715.0,103.0,1.0
5,327,93,37,3.0,886.0,192.0,1.0
8,4338,82,119,6.0,525.0,95.0,0.0
14,4121,65,179,5.0,785.0,115.0,1.0
4,2938,54,40,2.0,385.0,94.0,0.0
15,516,75,7,5.0,380.0,108.0,0.0
8,4019,171,70,2.0,1135.0,87.0,0.0
11,2629,102,111,2.0,800.0,120.0,0.0
5,196,4,9,2.0,1337.0,281.0,0.0
17,3926,162,83,3.0,595.0,135.0,0.0
17,637,128,48,0.0,940.0,60.0,0.0
0,1124,108,25,5.0,1205.0,110.0,0.0
1,692,183,39,2.0,715.0,185.0,1.0
13,322,228,18,2.0,456.0,103.0,1.0
11,2454,171,3,2.0,725.0,104.0,1.0
15,117,54,76,3.0,969.0,85.0,0.0
11,2428,107,3,6.0,975.0,95.0,1.0
2,480,21,45,2.0,545.0,161.0,0.0
1,1922,126,1,4.0,425.0,105.0,1.0
17,2116,103,15,1.0,995.0,225.0,1.0
0,1790,4,0,3.0,850.0,248.0,1.0
13,287,80,6,2.0,390.0,164.0,1.0
7,4614,6,10,2.0,630.0,100.0,1.0
17,2464,0,33,1.0,395.0,65.0,1.0
7,6919,24,6,2.0,910.0,90.0,0.0
17,24,131,13,0.0,460.0,105.0,1.0
10,5283,69,7,3.0,755.0,74.0,0.0
17,1218,126,33,4.0,410.0,100.0,1.0
1,823,45,1,3.0,885.0,80.0,0.0
7,4645,217,10,1.0,385.0,73.0,0.0
11,2917,25,3,4.0,1155.0,172.0,0.0
17,152,228,64,0.0,880.0,75.0,1.0
10,5047,54,118,6.0,834.0,138.0,1.0
4,2839,88,7,2.0,419.0,135.0,0.0
5,109,101,9,5.0,485.0,84.0,0.0
6,376,225,11,4.0,1195.0,30.0,1.0
14,4528,64,25,2.0,1010.0,100.0,0.0
15,1180,101,13,6.0,991.0,165.0,1.0
17,945,131,12,0.0,785.0,305.0,1.0
7,6396,2,87,3.0,799.0,69.0,0.0
0,801,108,13,1.0,470.0,97.0,0.0
1,466,39,1,6.0,1105.0,70.0,0.0
14,4107,65,68,3.0,505.0,75.0,0.0
7,6591,6,171,4.0,1313.0,62.0,1.0
13,488,65,0,1.0,1145.0,113.0,1.0
1,937,15,19,3.0,420.0,215.0,0.0
4,2513,25,7,4.0,380.0,167.0,0.0
13,168,202,24,3.0,888.0,152.0,0.0
14,4043,285,6,2.0,1120.0,75.0,1.0
15,1484,22,5,6.0,642.0,157.0,0.0
17,441,205,18,0.0,635.0,105.0,1.0
10,7123,75,6,6.0,835.0,81.0,1.0
0,1790,108,76,4.0,1340.0,97.0,1.0
1,1741,83,49,0.0,915.0,160.0,0.0
17,1950,5,48,6.0,940.0,195.0,1.0
5,233,5,36,4.0,690.0,109.0,1.0
10,5303,54,191,3.0,1245.0,62.0,1.0
3,1614,102,184,5.0,514.0,69.0,0.0
15,1206,56,13,1.0,430.0,126.0,0.0
7,6553,65,165,4.0,489.0,49.0,1.0
1,1413,71,33,5.0,465.0,175.0,0.0
1,759,71,15,6.0,1185.0,205.0,1.0
4,2456,5,4,6.0,525.0,165.0,0.0
5,6,82,113,2.0,953.0,95.0,0.0
13,143,23,6,4.0,372.0,174.0,0.0
17,936,44,61,2.0,880.0,140.0,1.0
1,828,202,6,2.0,450.0,255.0,1.0
17,1119,6,2,4.0,1230.0,190.0,1.0
17,283,128,24,6.0,1130.0,150.0,1.0
10,5337,47,7,6.0,837.0,61.0,0.0
0,1663,108,60,0.0,1210.0,121.0,1.0
1,1436,71,0,4.0,700.0,135.0,0.0
14,3255,71,160,5.0,1205.0,100.0,1.0
17,614,30,77,6.0,1030.0,150.0,1.0
14,3682,183,26,6.0,1240.0,155.0,1.0
4,2779,83,37,6.0,1135.0,200.0,0.0
15,1097,135,13,0.0,920.0,135.0,1.0
17,526,205,12,0.0,600.0,70.0,1.0
4,1764,25,40,1.0,600.0,143.0,0.0
7,4453,5,8,4.0,1010.0,112.0,1.0
10,5507,154,7,6.0,360.0,102.0,0.0
13,45,1,14,0.0,515.0,344.0,0.0
14,2926,74,1,2.0,990.0,140.0,1.0
0,343,102,12,4.0,480.0,186.0,0.0
17,1427,4,45,3.0,1215.0,65.0,1.0
4,1195,130,73,2.0,1050.0,69.0,1.0
17,568,41,12,2.0,375.0,240.0,1.0
7,6322,1,45,3.0,512.0,47.0,0.0
5,706,187,9,0.0,752.0,241.0,1.0
0,1275,88,13,6.0,910.0,141.0,0.0
7,6830,1,88,0.0,995.0,117.0,0.0
11,2266,14,5,2.0,603.0,122.0,1.0
14,3698,136,19,3.0,1160.0,160.0,0.0
4,1411,130,24,3.0,715.0,190.0,0.0
4,1616,6,7,3.0,450.0,170.0,0.0
17,2504,30,85,5.0,695.0,165.0,1.0
15,677,16,13,1.0,977.0,164.0,0.0
4,511,54,52,0.0,510.0,79.0,1.0
17,153,4,24,4.0,405.0,115.0,0.0
1,1048,65,19,6.0,480.0,185.0,0.0
2,69,260,53,0.0,1237.0,63.0,0.0
3,581,64,33,3.0,775.0,284.0,1.0
17,866,6,67,2.0,1055.0,90.0,1.0
16,266,6,63,3.0,1270.0,140.0,1.0
4,2606,2,4,4.0,35.0,216.0,1.0
8,3739,156,4,2.0,1145.0,95.0,0.0
17,2106,72,13,2.0,365.0,55.0,1.0
2,55,8,123,4.0,460.0,71.0,1.0
1,1879,23,19,2.0,585.0,65.0,0.0
12,2771,0,102,5.0,1258.0,138.0,0.0
0,274,0,3,3.0,599.0,164.0,1.0
10,4984,88,35,4.0,475.0,95.0,1.0
0,335,1,12,3.0,470.0,88.0,1.0
17,1546,4,42,3.0,625.0,265.0,1.0
17,1789,53,73,6.0,995.0,75.0,0.0
17,3742,23,49,1.0,1080.0,110.0,1.0
17,777,162,45,4.0,1095.0,210.0,1.0
17,2372,196,33,3.0,1090.0,70.0,1.0
8,3981,136,4,1.0,800.0,130.0,0.0
17,1987,0,48,5.0,925.0,205.0,1.0
11,2443,14,95,6.0,782.0,84.0,1.0
15,1222,85,37,4.0,420.0,171.0,0.0
15,1100,75,85,4.0,450.0,162.0,1.0
1,1415,23,1,0.0,990.0,170.0,1.0
17,39,46,13,4.0,1160.0,65.0,0.0
15,569,156,7,6.0,1060.0,100.0,1.0
17,1783,34,41,6.0,725.0,75.0,0.0
1,1668,71,67,4.0,840.0,60.0,1.0
12,7273,108,20,1.0,372.0,79.0,0.0
4,1564,25,40,2.0,665.0,139.0,0.0
1,519,65,15,4.0,1020.0,260.0,0.0
14,3642,183,52,3.0,650.0,75.0,0.0
7,6439,231,218,0.0,1401.0,38.0,0.0
4,104,54,5,4.0,440.0,120.0,1.0
7,6654,123,6,2.0,788.0,113.0,0.0
5,338,22,20,3.0,1220.0,120.0,1.0
17,938,0,15,2.0,990.0,80.0,1.0
5,1281,15,95,1.0,420.0,108.0,0.0
8,4387,219,26,6.0,990.0,73.0,0.0
5,47,82,37,3.0,1160.0,192.0,1.0
17,2354,22,41,5.0,555.0,130.0,1.0
2,66,245,2,5.0,1200.0,138.0,0.0
7,6695,125,24,1.0,749.0,109.0,0.0
4,22,21,7,2.0,705.0,280.0,0.0
4,2392,0,4,4.0,742.0,187.0,1.0
3,1669,2,3,1.0,875.0,220.0,1.0
11,5994,44,6,3.0,477.0,107.0,0.0
17,849,166,8,6.0,1090.0,75.0,0.0
17,725,4,15,4.0,1060.0,65.0,1.0
0,1178,86,0,2.0,620.0,113.0,1.0
17,1512,28,76,2.0,945.0,85.0,1.0
1,1965,128,1,2.0,360.0,115.0,0.0
4,2359,136,7,1.0,360.0,102.0,0.0
14,3274,70,1,1.0,1115.0,155.0,0.0
17,28,103,48,0.0,975.0,85.0,1.0
0,1759,53,42,1.0,1229.0,85.0,1.0
17,2803,129,48,2.0,610.0,120.0,1.0
11,2698,14,127,3.0,482.0,86.0,1.0
0,927,65,0,5.0,970.0,111.0,1.0
8,3786,171,181,2.0,1160.0,74.0,1.0
11,3137,102,178,3.0,1195.0,130.0,0.0
3,702,14,18,5.0,955.0,374.0,0.0
15,922,54,43,4.0,933.0,132.0,0.0
4,2406,2,4,3.0,740.0,226.0,1.0
9,6259,88,59,5.0,1185.0,82.0,0.0
8,4190,130,90,0.0,935.0,123.0,0.0
17,567,126,55,3.0,630.0,55.0,1.0
17,825,127,8,2.0,1220.0,90.0,1.0
0,1885,53,37,4.0,469.0,174.0,0.0
4,127,82,18,1.0,915.0,408.0,0.0
17,3762,125,45,2.0,715.0,115.0,1.0
1,1757,83,60,6.0,725.0,170.0,0.0
7,4494,218,10,2.0,1020.0,79.0,0.0
14,4314,85,9,0.0,740.0,90.0,0.0
11,5939,138,6,2.0,833.0,82.0,1.0
1,1086,71,141,3.0,1175.0,95.0,0.0
10,4985,54,65,1.0,829.0,100.0,1.0
13,850,65,73,5.0,1091.0,91.0,0.0
17,1424,21,43,4.0,700.0,205.0,1.0
10,5579,120,7,2.0,1064.0,66.0,1.0
7,4520,5,230,5.0,1031.0,104.0,0.0
12,2664,108,148,6.0,1070.0,91.0,1.0
4,1590,54,134,1.0,815.0,63.0,0.0
17,770,205,21,2.0,950.0,95.0,1.0
7,4654,207,10,3.0,375.0,69.0,0.0
7,6335,1,45,4.0,921.0,45.0,1.0
17,2534,72,59,5.0,1095.0,180.0,1.0
4,2533,15,13,4.0,420.0,205.0,0.0
4,2811,171,37,4.0,560.0,139.0,1.0
7,6603,126,24,1.0,913.0,76.0,1.0
9,6466,136,25,0.0,585.0,122.0,0.0
15,80,72,7,5.0,688.0,117.0,0.0
14,2860,29,1,2.0,945.0,135.0,0.0
4,2813,106,4,1.0,469.0,101.0,0.0
15,661,54,108,1.0,1061.0,138.0,0.0
1,1895,83,19,2.0,360.0,190.0,0.0
17,1678,196,2,6.0,815.0,115.0,1.0
1,2192,183,35,3.0,1255.0,180.0,0.0
17,868,4,87,2.0,1065.0,65.0,1.0
0,250,0,22,0.0,595.0,278.0,0.0
0,2134,83,35,3.0,960.0,74.0,0.0
17,452,31,50,2.0,400.0,70.0,0.0
17,1584,101,41,6.0,1040.0,70.0,1.0
4,2161,53,7,2.0,1140.0,155.0,0.0
7,6473,6,198,6.0,839.0,94.0,0.0
1,1786,23,9,6.0,800.0,160.0,0.0
2,344,21,47,0.0,850.0,122.0,0.0
10,5547,54,156,6.0,726.0,73.0,0.0
17,2125,44,24,5.0,705.0,180.0,0.0
11,5943,70,20,4.0,875.0,95.0,1.0
14,2759,71,72,6.0,870.0,80.0,1.0
0,239,0,5,1.0,1180.0,220.0,1.0
17,2808,55,10,3.0,390.0,105.0,1.0
1,1670,73,6,6.0,360.0,165.0,0.0
12,7258,90,6,4.0,410.0,140.0,0.0
5,216,230,9,4.0,1270.0,303.0,1.0
17,1216,162,49,6.0,420.0,105.0,1.0
17,1980,38,41,4.0,490.0,110.0,0.0
17,3504,73,13,1.0,770.0,145.0,1.0
1,1461,71,18,3.0,605.0,240.0,0.0
4,2322,171,43,2.0,840.0,90.0,0.0
4,2407,25,6,6.0,780.0,81.0,0.0
0,230,0,5,0.0,810.0,228.0,1.0
2,657,0,8,2.0,1090.0,170.0,1.0
10,5033,44,26,1.0,690.0,74.0,0.0
1,1844,4,19,4.0,830.0,265.0,1.0
13,454,225,24,5.0,1268.0,415.0,0.0
1,1700,183,38,2.0,875.0,145.0,1.0
14,3463,71,264,1.0,715.0,125.0,1.0
11,5918,40,20,1.0,755.0,127.0,0.0
7,4634,230,10,5.0,605.0,117.0,1.0
1,1381,54,1,3.0,500.0,155.0,1.0
17,3843,0,113,3.0,760.0,245.0,1.0
1,607,15,6,5.0,1035.0,185.0,1.0
0,755,53,19,4.0,1070.0,179.0,1.0
4,2557,82,45,3.0,1150.0,390.0,0.0
15,155,135,41,1.0,360.0,100.0,0.0
4,2337,30,5,3.0,445.0,100.0,0.0
1,764,71,25,5.0,1115.0,195.0,0.0
17,1767,128,13,6.0,785.0,140.0,1.0
1,526,71,76,3.0,745.0,135.0,0.0
4,2749,54,18,6.0,1055.0,325.0,1.0
17,1077,75,49,4.0,1055.0,75.0,1.0
13,160,55,24,5.0,445.0,149.0,0.0
4,1212,193,15,2.0,1355.0,310.0,0.0
7,6233,1,8,6.0,990.0,141.0,0.0
9,6545,93,5,1.0,1110.0,130.0,0.0
10,5135,54,138,0.0,898.0,75.0,1.0
4,2912,54,6,0.0,1038.0,134.0,1.0
0,702,0,22,4.0,705.0,265.0,0.0
14,3226,78,1,5.0,1200.0,80.0,0.0
7,4671,220,10,4.0,390.0,82.0,0.0
10,7367,171,89,4.0,865.0,89.0,0.0
14,3388,70,1,2.0,975.0,155.0,1.0
9,6593,129,5,0.0,1021.0,114.0,0.0
7,4749,5,46,2.0,910.0,108.0,1.0
0,1789,108,33,2.0,680.0,292.0,1.0
17,1691,137,51,2.0,665.0,75.0,0.0
4,2891,5,63,3.0,660.0,115.0,0.0
0,618,6,12,6.0,1250.0,115.0,0.0
11,5905,65,114,6.0,474.0,49.0,0.0
14,2924,57,1,4.0,725.0,90.0,0.0
7,6496,1,120,0.0,1251.0,127.0,1.0
0,2173,83,40,6.0,720.0,71.0,1.0
0,1617,108,43,2.0,970.0,152.0,1.0
17,3020,4,83,6.0,735.0,90.0,1.0
14,3616,135,19,4.0,420.0,170.0,0.0
17,1138,202,8,2.0,1250.0,105.0,1.0
7,7028,124,24,2.0,460.0,50.0,0.0
10,5214,54,51,4.0,578.0,116.0,1.0
14,4388,82,35,5.0,955.0,80.0,0.0
12,2824,172,12,3.0,745.0,106.0,1.0
7,7016,65,108,4.0,435.0,121.0,0.0
4,320,127,7,6.0,713.0,267.0,1.0
2,327,202,2,2.0,945.0,123.0,1.0
12,2673,155,0,2.0,675.0,69.0,1.0
13,458,1,73,2.0,600.0,276.0,1.0
2,151,257,183,3.0,516.0,45.0,1.0
5,1324,30,35,4.0,730.0,76.0,0.0
5,45,134,9,2.0,360.0,83.0,0.0
16,401,6,15,4.0,420.0,145.0,0.0
17,1998,162,37,5.0,660.0,135.0,1.0
14,3282,71,78,3.0,760.0,80.0,0.0
4,2332,86,7,6.0,470.0,117.0,0.0
17,1334,4,68,2.0,625.0,230.0,1.0
8,3858,130,58,0.0,620.0,52.0,0.0
13,163,15,15,3.0,404.0,396.0,0.0
7,6745,228,18,3.0,750.0,85.0,0.0
4,1263,54,30,6.0,793.0,121.0,0.0
14,3225,160,1,4.0,620.0,130.0,0.0
1,1462,103,6,3.0,385.0,95.0,0.0
10,5293,247,7,4.0,455.0,80.0,0.0
14,2720,35,1,2.0,710.0,120.0,1.0
17,595,202,54,0.0,520.0,55.0,1.0
1,1134,71,37,2.0,1200.0,155.0,0.0
0,1890,108,39,2.0,1090.0,118.0,1.0
7,6405,60,24,0.0,503.0,124.0,0.0
4,2120,65,5,0.0,420.0,90.0,0.0
3,671,64,13,4.0,675.0,147.0,0.0
14,4604,83,42,3.0,1280.0,100.0,1.0
17,680,128,33,3.0,920.0,230.0,1.0
11,2902,102,139,4.0,1060.0,53.0,1.0
7,6866,65,7,4.0,990.0,115.0,1.0
4,1661,54,77,0.0,567.0,121.0,1.0
10,5600,29,7,2.0,390.0,90.0,0.0
15,526,23,41,4.0,420.0,130.0,0.0
13,656,65,169,4.0,780.0,116.0,0.0
14,3674,108,19,1.0,1155.0,130.0,1.0
11,2684,171,3,4.0,385.0,109.0,1.0
4,2509,130,1,2.0,920.0,191.0,1.0
16,411,6,15,6.0,1090.0,147.0,1.0
7,6698,55,24,3.0,477.0,145.0,0.0
1,2001,71,118,3.0,1250.0,55.0,0.0
17,3326,4,2,4.0,1305.0,165.0,1.0
1,2076,4,1,1.0,570.0,155.0,1.0
17,2735,53,76,2.0,400.0,185.0,1.0
4,2538,162,7,6.0,390.0,123.0,0.0
5,583,146,37,4.0,525.0,179.0,0.0
17,1451,0,90,0.0,960.0,195.0,1.0
15,632,66,41,0.0,760.0,81.0,0.0
7,4743,64,4,3.0,400.0,135.0,0.0
13,1,65,11,0.0,595.0,549.0,1.0
17,1079,131,76,4.0,715.0,115.0,1.0
4,2722,0,5,5.0,35.0,224.0,1.0
14,4026,185,235,1.0,1195.0,40.0,0.0
1,1734,71,13,4.0,505.0,145.0,0.0
5,1323,15,41,3.0,600.0,91.0,1.0
4,2538,54,40,6.0,620.0,110.0,1.0
17,591,6,33,2.0,1115.0,120.0,1.0
17,36,197,146,3.0,990.0,70.0,0.0
12,2898,170,12,0.0,585.0,89.0,0.0
12,7284,50,6,3.0,360.0,177.0,1.0
4,1725,30,7,4.0,450.0,130.0,0.0
17,3861,112,24,6.0,1050.0,80.0,1.0
17,1057,4,24,1.0,810.0,115.0,1.0
7,4644,25,201,2.0,550.0,75.0,0.0
14,3967,65,109,6.0,470.0,95.0,0.0
4,1139,54,90,3.0,1245.0,54.0,1.0
7,6322,205,15,1.0,589.0,45.0,1.0
17,233,53,35,4.0,1065.0,80.0,1.0
10,4985,59,7,1.0,702.0,87.0,1.0
1,492,71,60,3.0,1045.0,95.0,1.0
6,347,203,11,0.0,925.0,42.0,0.0
15,931,38,7,5.0,385.0,88.0,0.0
14,3647,183,52,4.0,1050.0,75.0,1.0
17,660,5,24,2.0,900.0,85.0,1.0
17,142,101,41,4.0,1035.0,70.0,1.0
13,6,2,9,1.0,425.0,335.0,1.0
7,6869,66,6,1.0,790.0,74.0,1.0
17,1751,162,60,2.0,390.0,115.0,0.0
11,5933,109,6,0.0,949.0,89.0,0.0
1,1631,28,19,5.0,360.0,105.0,1.0
12,7267,129,70,1.0,735.0,103.0,0.0
17,1255,0,33,1.0,915.0,70.0,1.0
17,852,0,87,2.0,1005.0,85.0,1.0
7,6919,65,30,3.0,1082.0,48.0,1.0
1,1841,138,1,2.0,420.0,150.0,0.0
15,127,54,76,2.0,807.0,84.0,0.0
17,2613,133,45,3.0,565.0,85.0,1.0
4,1832,65,4,2.0,900.0,90.0,1.0
15,1153,132,70,0.0,1151.0,150.0,0.0
10,5181,151,7,1.0,690.0,90.0,0.0
1,1831,183,76,1.0,1335.0,60.0,0.0
5,904,82,35,6.0,774.0,64.0,1.0
17,2058,21,21,4.0,910.0,105.0,1.0
14,3534,42,1,4.0,390.0,80.0,0.0
4,2860,183,7,4.0,690.0,122.0,0.0
4,269,82,19,5.0,480.0,205.0,0.0
1,608,205,1,4.0,385.0,185.0,0.0
4,2572,128,5,0.0,538.0,92.0,1.0
7,4447,4,15,2.0,1060.0,75.0,1.0
7,6417,1,238,0.0,621.0,55.0,1.0
3,1834,14,2,3.0,1210.0,378.0,1.0
12,7305,65,82,1.0,527.0,127.0,0.0
11,2191,14,99,2.0,1300.0,69.0,1.0
6,323,11,23,3.0,1306.0,36.0,0.0
17,31,197,61,1.0,840.0,60.0,1.0
17,1235,1,47,2.0,1050.0,75.0,1.0
11,2208,103,39,1.0,360.0,155.0,0.0
1,768,1,60,3.0,995.0,210.0,0.0
17,2406,25,48,4.0,515.0,95.0,0.0
4,2696,183,40,0.0,1115.0,142.0,1.0
4,1423,128,7,2.0,750.0,100.0,1.0
16,510,205,24,4.0,390.0,143.0,1.0
17,3419,196,15,4.0,1170.0,85.0,1.0
8,3740,130,239,2.0,625.0,102.0,1.0
7,6655,99,6,6.0,992.0,68.0,1.0
15,268,88,30,3.0,1079.0,129.0,0.0
8,4182,18,4,4.0,900.0,85.0,0.0
7,3072,16,60,5.0,645.0,74.0,0.0
5,196,4,9,3.0,1337.0,281.0,0.0
9,6521,131,25,2.0,776.0,114.0,0.0
9,6528,90,5,6.0,360.0,120.0,0.0
7,6342,1,45,4.0,1205.0,47.0,0.0
11,2621,138,51,1.0,567.0,68.0,0.0
14,2859,147,1,5.0,950.0,190.0,0.0
17,871,73,12,1.0,870.0,160.0,0.0
11,2362,14,95,4.0,995.0,85.0,0.0
11,2945,102,90,4.0,867.0,94.0,1.0
5,982,72,9,6.0,1119.0,168.0,1.0
1,5,71,11,6.0,820.0,520.0,0.0
17,1288,6,10,1.0,705.0,90.0,1.0
17,112,0,83,6.0,525.0,65.0,0.0
0,1430,38,0,2.0,1035.0,79.0,0.0
4,2642,54,39,1.0,645.0,132.0,1.0
8,4132,25,194,0.0,600.0,94.0,1.0
11,3001,14,111,3.0,897.0,119.0,1.0
1,1935,75,1,6.0,805.0,175.0,1.0
3,301,14,37,2.0,809.0,179.0,0.0
17,777,162,45,6.0,1095.0,210.0,1.0
7,6850,65,58,5.0,370.0,60.0,1.0
2,581,228,8,1.0,405.0,159.0,0.0
7,6661,111,18,4.0,1003.0,33.0,1.0
7,6546,55,106,1.0,433.0,61.0,0.0
7,6724,233,18,6.0,655.0,84.0,0.0
8,3739,156,4,0.0,1145.0,95.0,0.0
9,6576,109,5,3.0,912.0,80.0,0.0
15,866,22,7,3.0,962.0,93.0,0.0
17,1999,72,41,1.0,970.0,155.0,1.0
17,173,42,48,6.0,445.0,100.0,0.0
4,1691,54,76,4.0,1370.0,82.0,1.0
0,281,0,64,5.0,875.0,114.0,0.0
10,5357,128,5,2.0,620.0,102.0,0.0
1,1397,65,85,2.0,410.0,165.0,1.0
11,5924,129,49,4.0,1045.0,116.0,1.0
7,7790,5,140,6.0,825.0,71.0,1.0
17,201,197,61,2.0,390.0,60.0,0.0
4,1407,28,26,0.0,996.0,86.0,0.0
8,3892,185,5,6.0,1090.0,87.0,0.0
14,3220,40,1,1.0,840.0,125.0,0.0
5,985,82,37,0.0,1090.0,193.0,0.0
12,7252,121,6,1.0,686.0,59.0,0.0
17,1271,1,10,6.0,865.0,110.0,1.0
17,1163,39,50,1.0,915.0,60.0,1.0
5,592,22,108,4.0,470.0,152.0,0.0
4,1544,5,7,3.0,585.0,220.0,1.0
7,4479,171,10,2.0,395.0,195.0,0.0
1,1874,71,39,1.0,575.0,200.0,0.0
17,3135,41,41,3.0,890.0,110.0,1.0
15,607,16,40,1.0,1155.0,105.0,0.0
17,1334,202,15,1.0,435.0,70.0,0.0
13,375,6,21,2.0,1116.0,158.0,1.0
3,1456,73,3,2.0,1027.0,61.0,1.0
17,3922,4,41,1.0,1025.0,270.0,1.0
1,1875,71,12,6.0,1150.0,160.0,0.0
1,1495,71,21,4.0,590.0,225.0,0.0
15,328,2,7,0.0,1375.0,270.0,0.0
15,446,54,86,2.0,807.0,89.0,1.0
17,1604,23,128,3.0,420.0,155.0,0.0
5,1087,82,0,6.0,1310.0,118.0,0.0
1,2395,108,1,4.0,945.0,180.0,0.0
11,2925,14,84,3.0,914.0,141.0,1.0
12,2649,1,33,1.0,570.0,63.0,0.0
17,1240,137,73,3.0,1175.0,80.0,1.0
7,6549,96,18,0.0,1218.0,101.0,0.0
10,4950,109,7,2.0,824.0,92.0,1.0
11,5972,65,103,3.0,1180.0,95.0,0.0
5,345,82,96,5.0,477.0,183.0,0.0
1,185,82,15,2.0,1260.0,380.0,0.0
0,1279,88,85,3.0,510.0,164.0,1.0
12,2642,171,0,6.0,864.0,101.0,1.0
17,1263,0,10,4.0,775.0,95.0,1.0
4,1728,4,9,2.0,1010.0,293.0,0.0
17,550,0,64,0.0,385.0,125.0,0.0
15,1268,22,186,3.0,495.0,154.0,1.0
1,2495,130,1,0.0,1150.0,180.0,0.0
13,523,186,24,2.0,817.0,108.0,0.0
17,1949,72,76,0.0,395.0,60.0,0.0
4,2513,25,7,6.0,380.0,167.0,1.0
1,739,83,1,4.0,670.0,245.0,0.0
17,432,1,33,6.0,740.0,60.0,0.0
17,824,53,73,4.0,730.0,75.0,0.0
10,7127,129,35,4.0,872.0,89.0,0.0
3,1421,64,24,2.0,540.0,205.0,0.0
8,3714,35,5,0.0,820.0,115.0,0.0
17,59,166,137,3.0,645.0,65.0,1.0
1,1054,183,40,4.0,480.0,140.0,1.0
13,532,6,6,6.0,360.0,143.0,0.0
1,1264,71,62,1.0,685.0,55.0,0.0
5,540,86,39,6.0,710.0,168.0,1.0
1,271,183,15,3.0,640.0,345.0,0.0
8,3998,69,7,2.0,338.0,68.0,0.0
14,3082,205,15,4.0,1020.0,45.0,1.0
4,1422,73,5,4.0,525.0,170.0,0.0
14,4292,134,6,2.0,1155.0,130.0,1.0
17,389,44,42,2.0,900.0,80.0,1.0
0,632,0,73,1.0,605.0,243.0,0.0
17,595,137,84,2.0,985.0,70.0,1.0
1,1154,71,150,5.0,765.0,75.0,1.0
3,574,102,73,2.0,1135.0,157.0,0.0
4,2936,0,26,4.0,830.0,180.0,0.0
0,1444,108,42,0.0,780.0,49.0,0.0
1,389,71,83,6.0,1055.0,110.0,0.0
1,1705,54,1,2.0,635.0,155.0,0.0
17,1081,30,13,5.0,510.0,150.0,0.0
9,6285,160,5,2.0,820.0,97.0,1.0
3,432,102,25,0.0,657.0,199.0,0.0
1,1356,71,20,5.0,665.0,165.0,1.0
4,1312,130,59,6.0,1300.0,102.0,1.0
17,24,80,22,3.0,390.0,85.0,1.0
4,1708,6,4,1.0,675.0,121.0,0.0
9,6336,88,9,3.0,865.0,100.0,0.0
12,2949,0,290,4.0,775.0,121.0,0.0
7,6429,4,18,1.0,637.0,102.0,1.0
17,665,137,15,3.0,530.0,275.0,1.0
5,135,82,85,4.0,700.0,188.0,1.0
4,2272,23,7,5.0,507.0,103.0,0.0
1,1639,82,38,3.0,1230.0,230.0,1.0
0,868,38,22,4.0,1030.0,129.0,0.0
1,890,71,60,6.0,690.0,95.0,0.0
11,2495,41,3,4.0,788.0,114.0,0.0
1,1201,228,6,2.0,495.0,235.0,1.0
0,662,0,63,2.0,895.0,78.0,1.0
17,1680,4,47,1.0,1080.0,90.0,1.0
4,2218,25,5,4.0,690.0,110.0,0.0
10,5371,54,89,0.0,590.0,75.0,1.0
15,688,45,7,2.0,748.0,122.0,0.0
1,745,83,1,2.0,795.0,250.0,1.0
17,3323,137,24,3.0,730.0,165.0,1.0
11,2327,45,3,5.0,390.0,105.0,0.0
17,42,162,50,2.0,990.0,55.0,1.0
4,2418,130,85,4.0,840.0,178.0,1.0
13,629,65,88,6.0,1205.0,233.0,0.0
5,92,5,9,0.0,1392.0,248.0,1.0
0,2169,83,40,6.0,600.0,77.0,0.0
17,638,132,13,3.0,910.0,50.0,0.0
9,6759,136,6,4.0,820.0,85.0,0.0
11,2771,102,109,4.0,1044.0,129.0,1.0
7,6363,1,102,6.0,1389.0,44.0,0.0
15,1745,22,73,1.0,1028.0,132.0,0.0
0,995,56,0,3.0,420.0,76.0,0.0
4,1321,130,76,5.0,535.0,169.0,0.0
11,2426,65,39,1.0,660.0,127.0,1.0
16,479,16,33,5.0,880.0,235.0,1.0
12,2719,0,102,4.0,673.0,97.0,1.0
11,2977,14,40,3.0,1310.0,71.0,0.0
4,2030,171,56,1.0,1180.0,125.0,1.0
10,5517,115,7,4.0,380.0,163.0,0.0
0,1411,93,0,5.0,500.0,143.0,1.0
1,2583,71,24,1.0,930.0,125.0,0.0
17,2982,0,33,0.0,1300.0,65.0,1.0
17,576,130,41,0.0,895.0,85.0,1.0
7,7015,2,110,5.0,672.0,113.0,1.0
17,1774,0,2,1.0,720.0,195.0,1.0
15,428,54,160,4.0,620.0,74.0,0.0
17,2091,162,60,5.0,855.0,115.0,1.0
17,1050,131,41,3.0,840.0,60.0,1.0
3,1133,14,1,4.0,530.0,260.0,0.0
17,1060,55,47,3.0,1075.0,105.0,1.0
5,1423,55,36,3.0,875.0,132.0,1.0
7,6911,16,6,3.0,631.0,44.0,1.0
17,2165,101,76,4.0,1040.0,175.0,1.0
4,1064,54,193,2.0,1250.0,92.0,0.0
0,207,126,12,6.0,1300.0,79.0,0.0
7,4511,5,137,4.0,1010.0,115.0,1.0
17,2661,196,12,6.0,625.0,100.0,0.0
4,192,54,9,0.0,905.0,145.0,0.0
2,667,202,8,0.0,1080.0,108.0,0.0
14,4068,65,114,6.0,1270.0,50.0,0.0
7,6603,2,205,1.0,571.0,112.0,0.0
5,1404,2,62,4.0,960.0,201.0,0.0
15,790,128,7,6.0,608.0,89.0,1.0
7,6810,1,28,3.0,771.0,70.0,0.0
1,1936,1,18,6.0,725.0,90.0,1.0
9,6607,130,100,3.0,940.0,58.0,1.0
5,1212,101,35,6.0,425.0,86.0,0.0
10,4998,141,7,0.0,360.0,119.0,0.0
1,1719,128,15,3.0,830.0,250.0,0.0
17,484,1,47,3.0,1175.0,75.0,1.0
12,2611,108,153,2.0,985.0,65.0,0.0
4,1103,5,8,0.0,692.0,121.0,0.0
1,1403,71,262,6.0,715.0,170.0,1.0
17,300,127,33,1.0,635.0,80.0,1.0
7,6822,2,182,4.0,712.0,69.0,1.0
0,551,55,12,1.0,690.0,148.0,1.0
15,229,183,41,6.0,752.0,145.0,0.0
10,5242,43,7,0.0,607.0,68.0,1.0
15,525,30,76,0.0,937.0,148.0,0.0
4,1075,131,7,0.0,660.0,87.0,1.0
11,2980,70,51,3.0,1016.0,79.0,1.0
8,3678,17,4,1.0,785.0,65.0,1.0
17,2915,133,2,5.0,1175.0,125.0,0.0
4,1248,102,7,2.0,350.0,130.0,1.0
4,1745,88,5,1.0,665.0,95.0,0.0
11,2986,102,0,2.0,655.0,139.0,0.0
8,3793,54,26,4.0,1100.0,90.0,0.0
2,869,127,14,1.0,650.0,335.0,0.0
12,2757,0,87,6.0,1067.0,87.0,0.0
0,1106,108,22,0.0,680.0,95.0,1.0
12,1024,11,23,0.0,669.0,37.0,0.0
14,3743,65,4,6.0,1050.0,95.0,1.0
13,179,15,18,0.0,1077.0,410.0,1.0
1,879,71,83,0.0,545.0,110.0,0.0
17,2826,162,86,4.0,615.0,60.0,0.0
17,1122,4,2,4.0,645.0,165.0,1.0
3,110,64,39,2.0,1015.0,103.0,0.0
15,785,22,149,6.0,948.0,102.0,0.0
6,595,193,11,0.0,1275.0,33.0,1.0
1,1697,128,1,0.0,965.0,115.0,0.0
17,658,137,128,5.0,1140.0,125.0,1.0
5,581,146,77,2.0,845.0,170.0,1.0
4,1199,54,60,2.0,920.0,107.0,1.0
14,4488,163,25,2.0,400.0,99.0,0.0
4,1129,54,92,4.0,1307.0,98.0,0.0
2,18,21,13,5.0,525.0,321.0,1.0
3,1423,102,86,0.0,1270.0,65.0,0.0
7,6325,1,45,6.0,587.0,46.0,0.0
1,634,132,6,4.0,410.0,190.0,0.0
0,1696,102,0,6.0,430.0,144.0,0.0
10,5165,54,49,1.0,450.0,69.0,0.0
17,34,162,50,1.0,870.0,60.0,0.0
13,408,228,24,2.0,804.0,139.0,0.0
4,1661,130,7,3.0,370.0,138.0,0.0
4,1728,4,9,2.0,1010.0,293.0,0.0
13,427,129,24,0.0,577.0,243.0,0.0
17,219,127,33,2.0,385.0,80.0,0.0
12,7307,68,20,6.0,863.0,107.0,0.0
7,4519,25,152,0.0,540.0,95.0,1.0
13,963,65,4,6.0,929.0,85.0,0.0
7,6848,51,18,4.0,1248.0,78.0,0.0
10,7109,216,20,2.0,675.0,105.0,1.0
12,7211,129,121,5.0,1020.0,89.0,0.0
11,2409,64,43,5.0,1095.0,127.0,0.0
10,5090,156,7,3.0,360.0,112.0,0.0
15,950,72,41,2.0,430.0,145.0,0.0
17,1162,162,52,3.0,695.0,115.0,1.0
11,2726,54,39,6.0,480.0,120.0,0.0
4,2071,5,12,4.0,670.0,99.0,0.0
3,1055,14,15,6.0,985.0,370.0,1.0
4,2261,131,5,6.0,975.0,115.0,1.0
8,4067,130,44,4.0,1160.0,98.0,0.0
11,3001,14,111,3.0,905.0,118.0,0.0
13,79,2,11,3.0,1140.0,333.0,1.0
4,1225,5,8,2.0,905.0,120.0,1.0
15,241,54,95,3.0,1068.0,86.0,1.0
13,387,25,24,3.0,1167.0,135.0,0.0
1,863,183,38,5.0,760.0,145.0,1.0
0,1546,0,0,5.0,890.0,230.0,1.0
11,2228,171,39,4.0,865.0,162.0,0.0
7,6919,65,258,3.0,795.0,87.0,1.0
3,383,15,3,0.0,990.0,267.0,0.0
1,1782,22,9,6.0,1180.0,155.0,0.0
4,1509,25,24,2.0,540.0,137.0,1.0
11,2937,171,3,1.0,1084.0,106.0,0.0
9,6677,75,40,4.0,1045.0,77.0,1.0
0,634,0,73,6.0,965.0,229.0,1.0
16,652,2,24,3.0,890.0,147.0,1.0
7,4593,60,10,4.0,495.0,121.0,0.0
10,5096,54,159,6.0,997.0,53.0,1.0
17,1739,4,41,3.0,580.0,275.0,1.0
12,7304,38,20,3.0,888.0,107.0,1.0
1,1293,66,1,4.0,1115.0,165.0,0.0
17,28,103,48,1.0,975.0,85.0,0.0
13,41,2,23,1.0,554.0,357.0,1.0
5,46,22,9,2.0,638.0,142.0,1.0
17,719,22,86,2.0,1175.0,110.0,1.0
4,2497,54,77,4.0,730.0,106.0,1.0
9,6372,18,5,2.0,360.0,145.0,0.0
1,1477,71,62,3.0,625.0,55.0,0.0
12,7273,108,20,2.0,372.0,79.0,0.0
13,799,64,6,3.0,969.0,91.0,0.0
4,2639,88,7,3.0,540.0,125.0,1.0
1,1063,65,15,4.0,515.0,270.0,0.0
4,1034,86,7,2.0,1061.0,119.0,1.0
6,257,203,11,2.0,810.0,42.0,0.0
14,4116,65,26,6.0,870.0,110.0,1.0
1,2039,183,6,1.0,1255.0,190.0,0.0
4,1498,72,25,4.0,420.0,174.0,0.0
17,37,123,50,1.0,845.0,60.0,0.0
14,4128,200,6,0.0,770.0,135.0,0.0
8,3710,130,242,1.0,630.0,78.0,0.0
4,1715,73,7,5.0,980.0,136.0,0.0
4,1182,5,60,1.0,1198.0,166.0,1.0
17,359,228,18,1.0,1145.0,80.0,1.0
10,5400,54,187,0.0,1231.0,74.0,1.0
4,67,54,76,5.0,990.0,93.0,0.0
0,285,0,64,0.0,1265.0,118.0,0.0
17,774,133,45,1.0,365.0,80.0,1.0
17,931,103,24,1.0,1140.0,115.0,1.0
17,3688,0,41,2.0,1040.0,250.0,0.0
12,2646,155,0,5.0,560.0,78.0,0.0
4,1571,82,19,1.0,1115.0,204.0,1.0
8,3728,171,203,3.0,875.0,80.0,0.0
13,459,83,6,3.0,450.0,157.0,0.0
0,1027,22,22,4.0,840.0,149.0,1.0
17,1084,137,42,4.0,855.0,110.0,1.0
7,6517,168,15,0.0,1040.0,39.0,1.0
7,6288,172,15,0.0,806.0,68.0,1.0
8,4334,130,169,3.0,440.0,106.0,1.0
14,3926,65,162,3.0,775.0,50.0,1.0
5,26,72,9,2.0,425.0,160.0,0.0
11,3074,14,82,0.0,515.0,74.0,1.0
9,6376,83,27,2.0,1170.0,148.0,0.0
9,6295,136,84,6.0,675.0,53.0,1.0
0,644,4,12,0.0,880.0,68.0,0.0
17,1356,137,60,2.0,1130.0,65.0,1.0
1,2349,65,1,0.0,1130.0,155.0,1.0
1,1228,60,6,6.0,790.0,200.0,0.0
17,557,2,33,2.0,755.0,90.0,1.0
5,295,21,36,3.0,1055.0,152.0,0.0
1,421,71,62,0.0,525.0,60.0,0.0
17,1773,128,15,1.0,1125.0,250.0,0.0
2,18,21,13,0.0,525.0,321.0,0.0
14,3941,103,6,0.0,790.0,95.0,0.0
13,338,6,1,0.0,1252.0,124.0,1.0
1,324,71,49,3.0,1315.0,95.0,1.0
17,838,4,48,4.0,800.0,220.0,1.0
7,6365,6,150,6.0,610.0,80.0,1.0
15,1260,72,178,5.0,916.0,128.0,1.0
17,775,4,47,0.0,1135.0,90.0,1.0
4,340,54,4,0.0,450.0,171.0,0.0
7,6694,2,91,0.0,1360.0,79.0,0.0
4,2312,5,34,0.0,1315.0,306.0,1.0
7,6372,1,102,3.0,821.0,39.0,0.0
11,5915,65,150,2.0,495.0,114.0,0.0
1,1853,71,120,6.0,870.0,115.0,1.0
1,819,18,1,3.0,935.0,115.0,0.0
14,3369,71,79,4.0,760.0,115.0,0.0
5,92,5,9,5.0,1392.0,248.0,1.0
10,7067,129,113,0.0,1042.0,69.0,0.0
10,5354,153,7,5.0,685.0,95.0,1.0
11,2351,131,3,1.0,895.0,179.0,0.0
5,330,22,59,2.0,1215.0,149.0,1.0
1,841,187,19,2.0,805.0,165.0,0.0
7,4658,217,10,2.0,785.0,77.0,1.0
15,156,30,70,4.0,505.0,104.0,0.0
15,483,30,13,6.0,1305.0,141.0,0.0
8,3865,54,124,1.0,847.0,92.0,0.0
13,230,4,24,3.0,915.0,117.0,0.0
4,1233,54,86,6.0,510.0,110.0,1.0
14,4206,211,6,1.0,485.0,65.0,0.0
17,1624,6,109,0.0,1140.0,80.0,1.0
1,721,71,55,4.0,815.0,105.0,0.0
16,362,6,84,5.0,690.0,143.0,1.0
11,3113,18,39,1.0,982.0,178.0,0.0
4,2104,1,10,4.0,1083.0,108.0,0.0
10,5033,54,49,1.0,595.0,74.0,0.0
17,570,4,68,3.0,1045.0,230.0,1.0
17,479,73,50,1.0,1125.0,55.0,1.0
11,3026,102,43,1.0,945.0,114.0,0.0
11,2917,25,3,1.0,1155.0,172.0,0.0
3,467,102,2,4.0,1286.0,280.0,1.0
1,1180,71,95,2.0,820.0,155.0,0.0
2,345,133,2,3.0,1020.0,120.0,1.0
10,5189,54,89,3.0,600.0,74.0,0.0
10,5151,140,7,3.0,870.0,76.0,0.0
17,40,197,43,3.0,1045.0,90.0,1.0
8,3961,134,7,3.0,731.0,149.0,1.0
0,45,0,16,0.0,690.0,399.0,1.0
7,4631,4,15,1.0,570.0,75.0,1.0
14,4535,75,25,6.0,475.0,105.0,0.0
8,3792,141,5,2.0,585.0,136.0,1.0
15,910,54,149,5.0,1067.0,84.0,0.0
1,2423,86,6,6.0,690.0,190.0,0.0
17,1554,2,15,5.0,655.0,80.0,1.0
10,5169,125,7,3.0,631.0,176.0,0.0
11,2776,70,51,4.0,860.0,82.0,1.0
17,2660,60,15,4.0,480.0,90.0,1.0
17,541,4,2,4.0,935.0,165.0,1.0
1,1156,65,19,6.0,600.0,185.0,1.0
17,3228,53,82,6.0,800.0,65.0,0.0
16,796,55,24,1.0,904.0,143.0,1.0
13,930,205,18,2.0,1010.0,100.0,0.0
2,477,1,2,6.0,380.0,165.0,0.0
4,671,130,85,0.0,605.0,173.0,1.0
11,2465,102,146,3.0,1000.0,84.0,0.0
1,741,71,184,6.0,975.0,95.0,1.0
14,3917,65,127,2.0,970.0,100.0,1.0
1,1619,38,1,0.0,645.0,175.0,0.0
13,200,128,6,5.0,1050.0,74.0,0.0
14,3842,25,6,2.0,350.0,95.0,0.0
4,2616,4,5,6.0,590.0,240.0,1.0
4,167,82,24,3.0,1110.0,286.0,1.0
14,4591,83,4,6.0,660.0,180.0,1.0
4,2012,54,6,4.0,445.0,127.0,0.0
4,1561,53,7,4.0,840.0,149.0,1.0
17,1573,41,52,2.0,1150.0,70.0,1.0
13,779,6,33,5.0,1125.0,120.0,0.0
5,37,82,76,6.0,470.0,176.0,1.0
17,2295,131,41,5.0,525.0,60.0,0.0
7,4626,2,15,3.0,420.0,75.0,0.0
4,2657,82,45,0.0,550.0,380.0,0.0
10,7074,65,169,4.0,660.0,111.0,1.0
15,70,72,7,4.0,1180.0,115.0,0.0
7,4778,5,109,2.0,1215.0,143.0,1.0
10,7125,129,99,1.0,740.0,86.0,0.0
1,628,183,35,2.0,1150.0,185.0,0.0
0,1291,108,76,6.0,990.0,107.0,0.0
17,1657,103,24,0.0,735.0,110.0,1.0
8,3672,107,26,4.0,705.0,115.0,1.0
8,3738,54,61,5.0,525.0,159.0,0.0
17,987,6,12,2.0,735.0,115.0,1.0
9,6657,82,4,1.0,485.0,215.0,0.0
4,47,54,35,4.0,1140.0,155.0,1.0
15,327,54,18,2.0,1160.0,345.0,1.0
13,344,55,18,1.0,360.0,109.0,0.0
17,1045,205,21,3.0,1260.0,95.0,1.0
0,1922,132,22,0.0,365.0,156.0,1.0
4,1194,130,0,4.0,1035.0,113.0,1.0
11,5943,113,6,6.0,837.0,94.0,1.0
10,5136,147,7,1.0,420.0,98.0,0.0
9,6319,25,0,0.0,430.0,160.0,0.0
7,6287,4,177,2.0,669.0,64.0,0.0
16,145,162,24,4.0,949.0,141.0,1.0
10,5317,49,7,3.0,693.0,76.0,0.0
1,2538,4,6,3.0,40.0,200.0,1.0
7,6754,218,24,4.0,1033.0,92.0,1.0
9,6457,136,30,1.0,565.0,88.0,1.0
1,1511,22,1,2.0,630.0,185.0,0.0
1,1769,83,19,2.0,550.0,200.0,0.0
10,5329,29,7,3.0,1030.0,79.0,1.0
13,523,186,24,3.0,819.0,107.0,0.0
4,2188,25,22,2.0,435.0,156.0,0.0
4,690,108,7,1.0,790.0,85.0,0.0
7,6230,178,8,6.0,720.0,41.0,0.0
13,597,65,4,0.0,1205.0,93.0,0.0
11,3098,19,39,2.0,625.0,90.0,1.0
3,347,65,3,0.0,485.0,165.0,1.0
7,6618,167,18,6.0,1039.0,61.0,1.0
9,6329,163,7,1.0,365.0,94.0,0.0
10,5379,54,65,2.0,1035.0,102.0,1.0
8,3834,25,114,3.0,805.0,73.0,1.0
0,38,0,15,6.0,1415.0,82.0,1.0
9,6598,83,43,3.0,919.0,219.0,0.0
8,4245,137,5,3.0,840.0,87.0,0.0
12,7249,87,20,6.0,894.0,74.0,0.0
11,2474,102,49,2.0,930.0,113.0,1.0
1,1918,65,39,4.0,1110.0,145.0,0.0
7,6534,6,261,5.0,689.0,100.0,0.0
10,5084,130,158,5.0,545.0,97.0,0.0
4,2220,130,0,2.0,830.0,112.0,0.0
17,307,126,50,6.0,810.0,95.0,1.0
13,907,65,18,4.0,1050.0,292.0,1.0
9,6755,15,42,0.0,450.0,140.0,1.0
17,965,6,13,1.0,450.0,210.0,1.0
14,2872,71,168,5.0,705.0,70.0,0.0
10,5236,54,111,6.0,536.0,63.0,1.0
7,4608,71,10,6.0,760.0,168.0,1.0
9,6593,130,158,3.0,1195.0,95.0,1.0
0,75,82,12,4.0,599.0,338.0,0.0
17,607,137,33,0.0,890.0,245.0,0.0
6,22,11,2,2.0,885.0,335.0,0.0
7,6500,202,15,1.0,393.0,77.0,0.0
13,149,65,18,4.0,422.0,286.0,0.0
0,81,0,41,5.0,590.0,257.0,1.0
11,2362,14,95,3.0,1005.0,82.0,1.0
17,509,25,24,3.0,545.0,140.0,0.0
12,2667,147,0,4.0,453.0,63.0,0.0
3,551,131,3,5.0,1057.0,190.0,1.0
17,2431,34,41,5.0,1010.0,80.0,0.0
13,910,6,6,4.0,524.0,144.0,0.0
7,6415,1,130,1.0,1365.0,61.0,0.0
4,2128,22,5,3.0,825.0,160.0,1.0
2,470,21,15,2.0,910.0,157.0,1.0
3,1717,102,45,5.0,1270.0,208.0,1.0
4,1891,54,76,1.0,525.0,97.0,1.0
5,456,72,35,1.0,880.0,186.0,0.0
17,1397,22,73,6.0,855.0,135.0,1.0
10,5002,54,225,3.0,725.0,79.0,1.0
17,2429,0,41,5.0,705.0,255.0,1.0
9,6257,25,100,5.0,1165.0,77.0,0.0
17,923,23,41,1.0,630.0,130.0,0.0
1,625,22,19,0.0,920.0,65.0,1.0
3,463,65,3,3.0,335.0,164.0,0.0
17,20,107,33,2.0,835.0,140.0,1.0
17,947,4,63,6.0,1245.0,65.0,1.0
15,233,54,95,4.0,802.0,85.0,1.0
5,1222,131,35,4.0,535.0,100.0,1.0
2,181,3,32,0.0,420.0,60.0,0.0
15,338,54,22,5.0,1325.0,112.0,0.0
7,6408,178,18,2.0,989.0,87.0,1.0
1,1041,15,6,0.0,425.0,190.0,0.0
4,2023,15,5,3.0,537.0,148.0,0.0
7,6329,1,135,5.0,817.0,67.0,1.0
11,2776,136,3,0.0,690.0,161.0,1.0
1,2099,65,15,0.0,440.0,265.0,1.0
17,510,30,45,6.0,620.0,360.0,1.0
17,285,0,83,6.0,1130.0,60.0,1.0
14,3479,71,65,5.0,505.0,70.0,0.0
4,2457,106,4,3.0,615.0,90.0,0.0
17,1005,228,12,0.0,405.0,85.0,1.0
17,3517,197,55,2.0,690.0,105.0,1.0
13,225,129,18,5.0,1319.0,361.0,1.0
15,922,54,43,4.0,933.0,132.0,0.0
4,2976,54,9,4.0,645.0,135.0,0.0
10,5447,138,7,0.0,680.0,88.0,1.0
7,6849,186,24,0.0,1027.0,103.0,0.0
17,893,202,45,4.0,805.0,75.0,1.0
14,2737,71,189,4.0,1140.0,125.0,0.0
10,5048,54,179,6.0,596.0,72.0,0.0
4,2992,54,49,1.0,1372.0,66.0,1.0
8,3668,70,25,3.0,360.0,131.0,0.0
6,22,11,2,2.0,885.0,335.0,0.0
1,1164,71,86,1.0,420.0,80.0,0.0
17,1499,128,67,6.0,635.0,80.0,0.0
1,1010,124,1,5.0,670.0,105.0,0.0
11,2301,14,6,0.0,585.0,169.0,0.0
4,2317,130,33,0.0,705.0,277.0,1.0
15,430,54,30,0.0,1075.0,126.0,1.0
17,1267,137,41,5.0,640.0,110.0,1.0
3,810,102,39,1.0,790.0,205.0,1.0
4,2586,54,25,1.0,1060.0,144.0,0.0
17,632,137,24,2.0,1290.0,165.0,1.0
14,4351,65,185,4.0,930.0,70.0,0.0
4,1218,54,263,5.0,615.0,228.0,0.0
4,1638,54,40,6.0,1160.0,112.0,1.0
4,132,2,9,1.0,390.0,330.0,0.0
1,1124,183,25,0.0,585.0,165.0,0.0
15,51,54,15,5.0,1199.0,320.0,0.0
17,654,0,15,2.0,860.0,85.0,1.0
1,2465,71,15,3.0,1070.0,205.0,1.0
17,562,55,47,3.0,1080.0,105.0,1.0
17,1451,0,90,4.0,960.0,195.0,1.0
1,2450,1,1,2.0,915.0,175.0,0.0
13,546,0,18,4.0,657.0,137.0,1.0
9,6585,121,5,1.0,1100.0,89.0,0.0
15,1581,275,7,2.0,704.0,94.0,0.0
1,1811,183,3,2.0,1355.0,170.0,1.0
14,4296,65,41,0.0,655.0,115.0,0.0
11,2660,141,3,5.0,385.0,104.0,0.0
4,1963,88,4,0.0,720.0,164.0,1.0
16,787,6,33,5.0,1005.0,114.0,0.0
7,4483,35,4,3.0,900.0,70.0,1.0
17,548,38,92,1.0,970.0,90.0,0.0
4,1174,54,113,5.0,645.0,132.0,0.0
0,1240,53,59,0.0,1235.0,59.0,0.0
15,1417,119,85,5.0,868.0,178.0,0.0
10,7131,65,92,3.0,562.0,121.0,0.0
17,607,30,113,6.0,715.0,65.0,0.0
10,5098,54,49,3.0,515.0,71.0,0.0
4,115,54,4,2.0,1065.0,166.0,1.0
1,1641,65,10,6.0,520.0,215.0,1.0
17,1760,128,68,6.0,1080.0,75.0,1.0
17,1060,202,2,3.0,455.0,130.0,1.0
14,3900,65,59,4.0,725.0,125.0,0.0
17,1015,30,82,3.0,715.0,70.0,1.0
15,718,83,144,4.0,1069.0,94.0,0.0
15,984,54,73,1.0,615.0,89.0,0.0
1,866,183,22,6.0,1330.0,159.0,1.0
10,5395,89,7,2.0,684.0,100.0,1.0
12,1036,11,17,2.0,680.0,49.0,0.0
7,4842,5,45,2.0,910.0,110.0,1.0
7,4871,103,10,2.0,1146.0,167.0,1.0
16,654,2,24,2.0,649.0,146.0,1.0
2,195,3,32,0.0,1435.0,57.0,0.0
0,679,0,88,1.0,645.0,127.0,0.0
7,6486,2,291,6.0,952.0,66.0,1.0
2,657,0,8,4.0,1090.0,170.0,0.0
12,2667,108,56,1.0,595.0,201.0,0.0
0,1218,72,40,6.0,715.0,145.0,1.0
14,4481,88,42,1.0,899.0,66.0,0.0
8,3710,61,5,1.0,480.0,70.0,0.0
4,2916,25,145,4.0,1290.0,154.0,1.0
5,1211,15,113,4.0,520.0,93.0,1.0
7,4445,44,4,2.0,783.0,137.0,1.0
10,5432,171,156,6.0,1175.0,84.0,0.0
7,6672,65,162,6.0,1016.0,52.0,1.0
7,3077,135,30,3.0,432.0,63.0,1.0
17,3676,0,8,1.0,860.0,175.0,1.0
8,3975,17,4,0.0,305.0,68.0,0.0
7,6402,233,18,2.0,848.0,76.0,1.0
17,596,23,41,3.0,835.0,130.0,0.0
12,7278,65,5,4.0,1310.0,66.0,1.0
10,7111,129,9,0.0,495.0,75.0,1.0
10,7106,65,134,3.0,1113.0,124.0,1.0
15,291,54,61,5.0,771.0,136.0,0.0
4,2183,28,25,5.0,690.0,172.0,1.0
17,1794,127,87,5.0,840.0,70.0,1.0
0,270,0,33,6.0,520.0,71.0,1.0
14,3226,78,1,5.0,1200.0,80.0,0.0
7,4461,5,63,0.0,595.0,118.0,0.0
4,2028,22,5,2.0,956.0,164.0,0.0
1,876,65,35,0.0,395.0,135.0,0.0
5,1016,82,35,4.0,1075.0,76.0,0.0
4,2014,136,25,4.0,915.0,117.0,1.0
4,2673,83,26,1.0,395.0,185.0,0.0
6,240,225,11,1.0,1060.0,30.0,0.0
9,6368,128,27,2.0,732.0,83.0,1.0
17,225,23,60,2.0,705.0,145.0,1.0
17,2508,223,37,6.0,1220.0,185.0,0.0
10,5287,89,7,4.0,674.0,95.0,0.0
10,5338,97,26,0.0,1007.0,77.0,0.0
12,2710,125,12,3.0,897.0,82.0,1.0
4,2856,205,9,6.0,1350.0,319.0,0.0
14,4490,15,25,0.0,1135.0,85.0,1.0
11,2135,38,3,4.0,725.0,152.0,1.0
17,1093,101,41,0.0,385.0,90.0,1.0
7,6652,111,18,4.0,644.0,38.0,0.0
12,2601,64,0,6.0,390.0,102.0,0.0
17,186,41,50,0.0,1140.0,115.0,1.0
11,2076,14,70,6.0,1200.0,142.0,1.0
13,655,65,86,0.0,1266.0,145.0,0.0
16,265,228,24,2.0,405.0,145.0,0.0
5,1065,82,62,2.0,756.0,252.0,1.0
17,2616,103,50,2.0,1180.0,90.0,0.0
17,2806,4,64,4.0,665.0,90.0,0.0
5,474,1,35,3.0,781.0,316.0,1.0
4,1791,54,76,3.0,850.0,89.0,1.0
7,4474,236,4,0.0,395.0,95.0,0.0
17,2166,133,54,5.0,545.0,50.0,0.0
14,3001,1,24,0.0,570.0,140.0,0.0
11,3121,42,3,2.0,885.0,85.0,1.0
17,1076,162,15,4.0,425.0,225.0,0.0
1,885,73,1,3.0,1110.0,70.0,0.0
12,2677,43,0,3.0,663.0,74.0,0.0
1,2404,1,1,0.0,655.0,185.0,0.0
17,3311,28,61,3.0,1240.0,70.0,1.0
17,1623,129,48,5.0,750.0,125.0,0.0
17,2392,1,47,5.0,625.0,75.0,1.0
10,5117,54,188,2.0,535.0,82.0,1.0
0,587,0,137,5.0,1260.0,167.0,0.0
4,1533,93,37,0.0,942.0,197.0,1.0
4,2842,54,39,3.0,515.0,136.0,1.0
11,2448,42,3,4.0,420.0,85.0,0.0
3,768,14,33,4.0,450.0,342.0,0.0
13,258,6,118,5.0,1003.0,89.0,0.0
12,2791,4,135,6.0,1165.0,66.0,1.0
17,1991,4,12,5.0,1215.0,65.0,1.0
14,2942,71,266,0.0,1170.0,115.0,0.0
4,1521,130,76,1.0,1040.0,158.0,1.0
0,304,0,0,2.0,675.0,234.0,0.0
17,275,132,48,3.0,685.0,180.0,1.0
17,730,197,61,5.0,480.0,60.0,1.0
13,990,65,20,6.0,1085.0,117.0,0.0
7,3077,135,30,4.0,432.0,63.0,0.0
17,964,101,13,1.0,1015.0,170.0,1.0
12,2906,208,12,6.0,932.0,128.0,0.0
11,5957,62,6,6.0,1123.0,97.0,1.0
15,659,54,56,5.0,890.0,155.0,0.0
10,5095,44,7,2.0,860.0,71.0,0.0
0,1608,22,22,6.0,1175.0,133.0,0.0
4,1176,54,127,1.0,1302.0,129.0,0.0
14,4476,88,9,2.0,715.0,65.0,0.0
0,407,0,18,2.0,885.0,125.0,1.0
12,2827,0,66,6.0,1067.0,43.0,0.0
2,86,3,2,4.0,750.0,205.0,0.0
17,948,205,64,3.0,1230.0,80.0,1.0
13,132,55,6,5.0,382.0,234.0,0.0
16,225,6,21,0.0,505.0,154.0,1.0
7,6298,196,18,4.0,805.0,67.0,1.0
15,806,15,41,1.0,390.0,90.0,0.0
1,557,183,6,4.0,660.0,190.0,1.0
14,4182,65,197,4.0,540.0,115.0,1.0
13,828,6,39,6.0,1080.0,215.0,0.0
2,258,21,15,3.0,480.0,155.0,1.0
1,1871,71,33,4.0,660.0,180.0,0.0
1,1235,71,63,3.0,1280.0,190.0,0.0
4,1818,22,7,3.0,570.0,93.0,1.0
7,6877,170,15,3.0,1029.0,44.0,0.0
4,1705,129,7,2.0,460.0,124.0,0.0
8,4374,130,169,3.0,1035.0,95.0,1.0
9,6361,136,95,3.0,680.0,86.0,1.0
0,202,0,83,6.0,595.0,78.0,0.0
17,2755,85,41,5.0,495.0,75.0,1.0
8,4229,82,92,6.0,495.0,102.0,1.0
3,811,14,3,0.0,990.0,233.0,1.0
6,157,193,11,0.0,735.0,34.0,0.0
16,350,6,149,4.0,650.0,215.0,0.0
17,332,55,12,4.0,925.0,155.0,1.0
2,586,55,63,4.0,700.0,142.0,0.0
5,1208,132,108,4.0,1130.0,160.0,0.0
4,2123,15,5,6.0,340.0,144.0,0.0
4,2557,82,45,5.0,1105.0,384.0,0.0
17,1589,133,45,3.0,1215.0,80.0,1.0
1,2001,38,1,4.0,1085.0,175.0,0.0
7,6443,84,15,4.0,658.0,192.0,0.0
12,2862,249,12,4.0,1075.0,63.0,0.0
17,768,28,76,2.0,1125.0,85.0,1.0
17,1491,196,8,2.0,1085.0,90.0,1.0
17,1172,0,63,2.0,1140.0,70.0,1.0
13,563,53,6,0.0,999.0,147.0,0.0
7,6640,189,18,2.0,431.0,79.0,0.0
11,2347,25,3,3.0,555.0,179.0,0.0
1,21,82,15,2.0,1150.0,385.0,1.0
1,578,71,56,0.0,895.0,65.0,0.0
10,5284,216,7,5.0,680.0,60.0,0.0
0,1123,90,0,5.0,490.0,137.0,1.0
12,7278,65,5,1.0,1310.0,66.0,0.0
1,1004,183,40,0.0,815.0,145.0,1.0
15,264,88,30,3.0,838.0,125.0,1.0
13,251,129,8,4.0,1089.0,359.0,1.0
15,1001,22,148,6.0,480.0,138.0,0.0
0,1735,1,0,3.0,465.0,265.0,1.0
13,489,136,6,3.0,480.0,84.0,1.0
0,238,0,5,1.0,55.0,225.0,1.0
13,38,193,18,1.0,1379.0,300.0,0.0
4,1788,171,13,3.0,510.0,120.0,0.0
11,5923,65,234,5.0,1210.0,99.0,1.0
10,5403,171,184,0.0,520.0,139.0,0.0
3,1011,14,3,6.0,530.0,238.0,0.0
15,221,4,30,0.0,715.0,208.0,0.0
14,2941,71,160,0.0,935.0,100.0,0.0
14,4514,82,40,1.0,785.0,85.0,1.0
17,106,126,60,4.0,725.0,135.0,1.0
4,1098,54,73,5.0,730.0,102.0,0.0
4,1154,54,9,3.0,1300.0,135.0,0.0
17,1104,103,45,3.0,770.0,220.0,1.0
10,5281,54,144,3.0,1220.0,98.0,0.0
7,6747,2,21,0.0,573.0,43.0,1.0
17,858,137,33,3.0,1255.0,250.0,1.0
0,721,108,19,5.0,1085.0,125.0,1.0
14,3028,1,135,2.0,1065.0,60.0,0.0
16,505,83,24,3.0,520.0,272.0,0.0
4,2596,2,27,6.0,738.0,262.0,1.0
15,815,30,35,1.0,990.0,87.0,0.0
14,4369,136,6,5.0,1050.0,80.0,0.0
17,3768,0,46,6.0,460.0,70.0,0.0
17,31,197,61,1.0,840.0,60.0,0.0
0,2184,88,25,4.0,1140.0,85.0,0.0
8,3951,16,26,0.0,1000.0,127.0,1.0
1,1157,71,2,4.0,460.0,265.0,1.0
10,7106,134,20,1.0,370.0,80.0,1.0
3,39,14,3,2.0,990.0,233.0,1.0
11,2058,102,72,1.0,565.0,66.0,1.0
5,7,101,9,2.0,1018.0,92.0,1.0
4,1096,54,60,4.0,1312.0,111.0,1.0
4,2399,54,95,6.0,754.0,91.0,0.0
7,6231,55,190,1.0,795.0,36.0,0.0
7,3076,16,109,6.0,1255.0,84.0,0.0
14,4077,115,6,4.0,365.0,140.0,0.0
4,2629,54,2,5.0,500.0,331.0,0.0
0,1869,108,49,3.0,1340.0,78.0,0.0
0,2174,88,25,4.0,840.0,80.0,0.0
17,950,127,12,2.0,445.0,105.0,1.0
17,1223,196,24,5.0,750.0,130.0,1.0
7,6527,65,120,3.0,593.0,153.0,0.0
4,1757,54,63,2.0,500.0,305.0,0.0
2,568,55,15,2.0,1070.0,135.0,0.0
17,517,127,15,2.0,1215.0,75.0,1.0
7,4558,166,10,0.0,713.0,72.0,1.0
12,2767,108,56,6.0,965.0,190.0,1.0
17,391,0,54,3.0,670.0,115.0,1.0
11,2087,135,3,5.0,1079.0,152.0,1.0
